TARGET,PERIOD,YEAR,PERIODWIDTH,MINIMUM,MAXIMUM,MINWEIGHT,MAXWEIGHT,CURRENT,INITIAL,OBJECTIVE
feature.Area.og1.CWHvm_CW_HW_M,0,0,10,0.0,10000.0,1.0,1.0,189.39999389648438,0.0,0.0
feature.Area.og1.CWHvm_CW_HW_M,1,10,10,0.0,10000.0,1.0,1.0,184.46299743652344,0.0,0.0
feature.Area.og1.CWHvm_CW_HW_M,2,20,10,0.0,10000.0,1.0,1.0,162.84100341796875,0.0,0.0
feature.Area.og1.CWHvm_CW_HW_M,3,30,10,0.0,10000.0,1.0,1.0,136.94500732421875,0.0,0.0
feature.Area.og1.CWHvm_CW_HW_M,4,40,10,0.0,10000.0,1.0,1.0,137.4669952392578,0.0,0.0
feature.Area.og1.CWHvm_CW_HW_M,5,50,10,0.0,10000.0,1.0,1.0,140.88400268554688,0.0,0.0
feature.Area.og1.CWHvm_CW_HW_M,6,60,10,0.0,10000.0,1.0,1.0,146.77000427246094,0.0,0.0
feature.Area.og1.CWHvm_CW_HW_M,7,70,10,0.0,10000.0,1.0,1.0,126.04100036621094,0.0,0.0
feature.Area.og1.CWHvm_CW_HW_M,8,80,10,0.0,10000.0,1.0,1.0,110.5510025024414,0.0,0.0
feature.Area.og1.CWHvm_CW_HW_M,9,90,10,0.0,10000.0,1.0,1.0,116.08399963378906,0.0,0.0
feature.Area.og1.CWHvm_CW_HW_M,10,100,10,0.0,10000.0,1.0,1.0,92.4469985961914,0.0,0.0
feature.Area.og1.CWHvm_CW_HW_M,11,110,10,0.0,10000.0,1.0,1.0,92.13700103759766,0.0,0.0
feature.Area.og1.CWHvm_CW_HW_M,12,120,10,0.0,10000.0,1.0,1.0,87.08200073242188,0.0,0.0
feature.Area.og1.CWHvm_CW_HW_M,13,130,10,0.0,10000.0,1.0,1.0,91.447998046875,0.0,0.0
feature.Area.og1.CWHvm_CW_HW_M,14,140,10,0.0,10000.0,1.0,1.0,96.8550033569336,0.0,0.0
feature.Area.og1.CWHvm_CW_HW_M,15,150,10,0.0,10000.0,1.0,1.0,85.61900329589844,0.0,0.0
feature.Area.og1.CWHvm_CW_HW_M,16,160,10,0.0,10000.0,1.0,1.0,89.32599639892578,0.0,0.0
feature.Area.og1.CWHvm_CW_HW_M,17,170,10,0.0,10000.0,1.0,1.0,87.6729965209961,0.0,0.0
feature.Area.og1.CWHvm_CW_HW_M,18,180,10,0.0,10000.0,1.0,1.0,92.29299926757812,0.0,0.0
feature.Area.og1.CWHvm_CW_HW_M,19,190,10,0.0,10000.0,1.0,1.0,97.72200012207031,0.0,0.0
feature.Area.og1.CWHvm_CW_HW_M,20,200,10,0.0,10000.0,1.0,1.0,95.3219985961914,0.0,0.0
feature.Area.og1.CWHvm_CW_HW_M,21,210,10,0.0,10000.0,1.0,1.0,101.88300323486328,0.0,0.0
feature.Area.og1.CWHvm_CW_HW_M,22,220,10,0.0,10000.0,1.0,1.0,97.70099639892578,0.0,0.0
feature.Area.og1.CWHvm_CW_HW_M,23,230,10,0.0,10000.0,1.0,1.0,108.52799987792969,0.0,0.0
feature.Area.og1.CWHvm_CW_HW_M,24,240,10,0.0,10000.0,1.0,1.0,115.95600128173828,0.0,0.0
feature.Area.og1.CWHvm_CW_HW_M,25,250,10,0.0,10000.0,1.0,1.0,73.86599731445312,0.0,0.0
feature.Area.og1.CWHvm_CW_HW_M,26,260,10,0.0,10000.0,1.0,1.0,50.53300094604492,0.0,0.0
feature.Area.og1.CWHvm_CW_HW_M,27,270,10,0.0,10000.0,1.0,1.0,52.349998474121094,0.0,0.0
feature.Area.og1.CWHvm_CW_HW_M,28,280,10,0.0,10000.0,1.0,1.0,54.70899963378906,0.0,0.0
feature.Area.og1.CWHvm_CW_HW_M,29,290,10,0.0,10000.0,1.0,1.0,65.5979995727539,0.0,0.0
feature.Area.og1.CWHvm_CW_HW_M,30,300,10,0.0,10000.0,1.0,1.0,71.00499725341797,0.0,0.0
feature.Area.og1.CWHvm_CW_PLC_M,0,0,10,0.0,10000.0,1.0,1.0,31.145999908447266,0.0,0.0
feature.Area.og1.CWHvm_CW_PLC_M,1,10,10,0.0,10000.0,1.0,1.0,31.882999420166016,0.0,0.0
feature.Area.og1.CWHvm_CW_PLC_M,2,20,10,0.0,10000.0,1.0,1.0,24.42099952697754,0.0,0.0
feature.Area.og1.CWHvm_CW_PLC_M,3,30,10,0.0,10000.0,1.0,1.0,24.42099952697754,0.0,0.0
feature.Area.og1.CWHvm_CW_PLC_M,4,40,10,0.0,10000.0,1.0,1.0,24.42099952697754,0.0,0.0
feature.Area.og1.CWHvm_CW_PLC_M,5,50,10,0.0,10000.0,1.0,1.0,24.42099952697754,0.0,0.0
feature.Area.og1.CWHvm_CW_PLC_M,6,60,10,0.0,10000.0,1.0,1.0,24.42099952697754,0.0,0.0
feature.Area.og1.CWHvm_CW_PLC_M,7,70,10,0.0,10000.0,1.0,1.0,24.42099952697754,0.0,0.0
feature.Area.og1.CWHvm_CW_PLC_M,8,80,10,0.0,10000.0,1.0,1.0,24.42099952697754,0.0,0.0
feature.Area.og1.CWHvm_CW_PLC_M,9,90,10,0.0,10000.0,1.0,1.0,24.42099952697754,0.0,0.0
feature.Area.og1.CWHvm_CW_PLC_M,10,100,10,0.0,10000.0,1.0,1.0,24.42099952697754,0.0,0.0
feature.Area.og1.CWHvm_CW_PLC_M,11,110,10,0.0,10000.0,1.0,1.0,24.42099952697754,0.0,0.0
feature.Area.og1.CWHvm_CW_PLC_M,12,120,10,0.0,10000.0,1.0,1.0,24.42099952697754,0.0,0.0
feature.Area.og1.CWHvm_CW_PLC_M,13,130,10,0.0,10000.0,1.0,1.0,24.476999282836914,0.0,0.0
feature.Area.og1.CWHvm_CW_PLC_M,14,140,10,0.0,10000.0,1.0,1.0,25.031999588012695,0.0,0.0
feature.Area.og1.CWHvm_CW_PLC_M,15,150,10,0.0,10000.0,1.0,1.0,25.586999893188477,0.0,0.0
feature.Area.og1.CWHvm_CW_PLC_M,16,160,10,0.0,10000.0,1.0,1.0,26.142000198364258,0.0,0.0
feature.Area.og1.CWHvm_CW_PLC_M,17,170,10,0.0,10000.0,1.0,1.0,26.697999954223633,0.0,0.0
feature.Area.og1.CWHvm_CW_PLC_M,18,180,10,0.0,10000.0,1.0,1.0,27.253000259399414,0.0,0.0
feature.Area.og1.CWHvm_CW_PLC_M,19,190,10,0.0,10000.0,1.0,1.0,27.808000564575195,0.0,0.0
feature.Area.og1.CWHvm_CW_PLC_M,20,200,10,0.0,10000.0,1.0,1.0,28.363000869750977,0.0,0.0
feature.Area.og1.CWHvm_CW_PLC_M,21,210,10,0.0,10000.0,1.0,1.0,28.91900062561035,0.0,0.0
feature.Area.og1.CWHvm_CW_PLC_M,22,220,10,0.0,10000.0,1.0,1.0,29.474000930786133,0.0,0.0
feature.Area.og1.CWHvm_CW_PLC_M,23,230,10,0.0,10000.0,1.0,1.0,30.02899932861328,0.0,0.0
feature.Area.og1.CWHvm_CW_PLC_M,24,240,10,0.0,10000.0,1.0,1.0,24.42099952697754,0.0,0.0
feature.Area.og1.CWHvm_CW_PLC_M,25,250,10,0.0,10000.0,1.0,1.0,24.42099952697754,0.0,0.0
feature.Area.og1.CWHvm_CW_PLC_M,26,260,10,0.0,10000.0,1.0,1.0,24.42099952697754,0.0,0.0
feature.Area.og1.CWHvm_CW_PLC_M,27,270,10,0.0,10000.0,1.0,1.0,24.42099952697754,0.0,0.0
feature.Area.og1.CWHvm_CW_PLC_M,28,280,10,0.0,10000.0,1.0,1.0,9.130999565124512,0.0,0.0
feature.Area.og1.CWHvm_CW_PLC_M,29,290,10,0.0,10000.0,1.0,1.0,9.130999565124512,0.0,0.0
feature.Area.og1.CWHvm_CW_PLC_M,30,300,10,0.0,10000.0,1.0,1.0,9.130999565124512,0.0,0.0
feature.Area.og1.CWHvm_CW_YC_M,0,0,10,0.0,10000.0,1.0,1.0,39.27799987792969,0.0,0.0
feature.Area.og1.CWHvm_CW_YC_M,1,10,10,0.0,10000.0,1.0,1.0,40.12799835205078,0.0,0.0
feature.Area.og1.CWHvm_CW_YC_M,2,20,10,0.0,10000.0,1.0,1.0,27.923999786376953,0.0,0.0
feature.Area.og1.CWHvm_CW_YC_M,3,30,10,0.0,10000.0,1.0,1.0,28.034000396728516,0.0,0.0
feature.Area.og1.CWHvm_CW_YC_M,4,40,10,0.0,10000.0,1.0,1.0,28.034000396728516,0.0,0.0
feature.Area.og1.CWHvm_CW_YC_M,5,50,10,0.0,10000.0,1.0,1.0,28.034000396728516,0.0,0.0
feature.Area.og1.CWHvm_CW_YC_M,6,60,10,0.0,10000.0,1.0,1.0,28.034000396728516,0.0,0.0
feature.Area.og1.CWHvm_CW_YC_M,7,70,10,0.0,10000.0,1.0,1.0,17.020000457763672,0.0,0.0
feature.Area.og1.CWHvm_CW_YC_M,8,80,10,0.0,10000.0,1.0,1.0,7.2230000495910645,0.0,0.0
feature.Area.og1.CWHvm_CW_YC_M,9,90,10,0.0,10000.0,1.0,1.0,7.2230000495910645,0.0,0.0
feature.Area.og1.CWHvm_CW_YC_M,10,100,10,0.0,10000.0,1.0,1.0,7.2230000495910645,0.0,0.0
feature.Area.og1.CWHvm_CW_YC_M,11,110,10,0.0,10000.0,1.0,1.0,7.2230000495910645,0.0,0.0
feature.Area.og1.CWHvm_CW_YC_M,12,120,10,0.0,10000.0,1.0,1.0,7.2230000495910645,0.0,0.0
feature.Area.og1.CWHvm_CW_YC_M,13,130,10,0.0,10000.0,1.0,1.0,7.2230000495910645,0.0,0.0
feature.Area.og1.CWHvm_CW_YC_M,14,140,10,0.0,10000.0,1.0,1.0,7.546000003814697,0.0,0.0
feature.Area.og1.CWHvm_CW_YC_M,15,150,10,0.0,10000.0,1.0,1.0,8.281999588012695,0.0,0.0
feature.Area.og1.CWHvm_CW_YC_M,16,160,10,0.0,10000.0,1.0,1.0,9.019000053405762,0.0,0.0
feature.Area.og1.CWHvm_CW_YC_M,17,170,10,0.0,10000.0,1.0,1.0,9.755999565124512,0.0,0.0
feature.Area.og1.CWHvm_CW_YC_M,18,180,10,0.0,10000.0,1.0,1.0,10.493000030517578,0.0,0.0
feature.Area.og1.CWHvm_CW_YC_M,19,190,10,0.0,10000.0,1.0,1.0,11.414999961853027,0.0,0.0
feature.Area.og1.CWHvm_CW_YC_M,20,200,10,0.0,10000.0,1.0,1.0,13.045000076293945,0.0,0.0
feature.Area.og1.CWHvm_CW_YC_M,21,210,10,0.0,10000.0,1.0,1.0,14.95199966430664,0.0,0.0
feature.Area.og1.CWHvm_CW_YC_M,22,220,10,0.0,10000.0,1.0,1.0,14.480999946594238,0.0,0.0
feature.Area.og1.CWHvm_CW_YC_M,23,230,10,0.0,10000.0,1.0,1.0,16.106000900268555,0.0,0.0
feature.Area.og1.CWHvm_CW_YC_M,24,240,10,0.0,10000.0,1.0,1.0,5.801000118255615,0.0,0.0
feature.Area.og1.CWHvm_CW_YC_M,25,250,10,0.0,10000.0,1.0,1.0,6.96999979019165,0.0,0.0
feature.Area.og1.CWHvm_CW_YC_M,26,260,10,0.0,10000.0,1.0,1.0,8.140000343322754,0.0,0.0
feature.Area.og1.CWHvm_CW_YC_M,27,270,10,0.0,10000.0,1.0,1.0,9.309000015258789,0.0,0.0
feature.Area.og1.CWHvm_CW_YC_M,28,280,10,0.0,10000.0,1.0,1.0,10.47700023651123,0.0,0.0
feature.Area.og1.CWHvm_CW_YC_M,29,290,10,0.0,10000.0,1.0,1.0,11.647000312805176,0.0,0.0
feature.Area.og1.CWHvm_CW_YC_M,30,300,10,0.0,10000.0,1.0,1.0,12.815999984741211,0.0,0.0
feature.Area.og1.CWHvm_DR_HW_M,0,0,10,0.0,10000.0,1.0,1.0,0.0,0.0,0.0
feature.Area.og1.CWHvm_DR_HW_M,1,10,10,0.0,10000.0,1.0,1.0,1.6100000143051147,0.0,0.0
feature.Area.og1.CWHvm_DR_HW_M,2,20,10,0.0,10000.0,1.0,1.0,7.690999984741211,0.0,0.0
feature.Area.og1.CWHvm_DR_HW_M,3,30,10,0.0,10000.0,1.0,1.0,19.490999221801758,0.0,0.0
feature.Area.og1.CWHvm_DR_HW_M,4,40,10,0.0,10000.0,1.0,1.0,31.29199981689453,0.0,0.0
feature.Area.og1.CWHvm_DR_HW_M,5,50,10,0.0,10000.0,1.0,1.0,42.236000061035156,0.0,0.0
feature.Area.og1.CWHvm_DR_HW_M,6,60,10,0.0,10000.0,1.0,1.0,53.84400177001953,0.0,0.0
feature.Area.og1.CWHvm_DR_HW_M,7,70,10,0.0,10000.0,1.0,1.0,62.388999938964844,0.0,0.0
feature.Area.og1.CWHvm_DR_HW_M,8,80,10,0.0,10000.0,1.0,1.0,64.9990005493164,0.0,0.0
feature.Area.og1.CWHvm_DR_HW_M,9,90,10,0.0,10000.0,1.0,1.0,63.66999816894531,0.0,0.0
feature.Area.og1.CWHvm_DR_HW_M,10,100,10,0.0,10000.0,1.0,1.0,53.18199920654297,0.0,0.0
feature.Area.og1.CWHvm_DR_HW_M,11,110,10,0.0,10000.0,1.0,1.0,50.757999420166016,0.0,0.0
feature.Area.og1.CWHvm_DR_HW_M,12,120,10,0.0,10000.0,1.0,1.0,50.952999114990234,0.0,0.0
feature.Area.og1.CWHvm_DR_HW_M,13,130,10,0.0,10000.0,1.0,1.0,44.99399948120117,0.0,0.0
feature.Area.og1.CWHvm_DR_HW_M,14,140,10,0.0,10000.0,1.0,1.0,31.808000564575195,0.0,0.0
feature.Area.og1.CWHvm_DR_HW_M,15,150,10,0.0,10000.0,1.0,1.0,24.275999069213867,0.0,0.0
feature.Area.og1.CWHvm_DR_HW_M,16,160,10,0.0,10000.0,1.0,1.0,24.77400016784668,0.0,0.0
feature.Area.og1.CWHvm_DR_HW_M,17,170,10,0.0,10000.0,1.0,1.0,25.80299949645996,0.0,0.0
feature.Area.og1.CWHvm_DR_HW_M,18,180,10,0.0,10000.0,1.0,1.0,28.344999313354492,0.0,0.0
feature.Area.og1.CWHvm_DR_HW_M,19,190,10,0.0,10000.0,1.0,1.0,31.437000274658203,0.0,0.0
feature.Area.og1.CWHvm_DR_HW_M,20,200,10,0.0,10000.0,1.0,1.0,36.27399826049805,0.0,0.0
feature.Area.og1.CWHvm_DR_HW_M,21,210,10,0.0,10000.0,1.0,1.0,40.8120002746582,0.0,0.0
feature.Area.og1.CWHvm_DR_HW_M,22,220,10,0.0,10000.0,1.0,1.0,42.382999420166016,0.0,0.0
feature.Area.og1.CWHvm_DR_HW_M,23,230,10,0.0,10000.0,1.0,1.0,43.595001220703125,0.0,0.0
feature.Area.og1.CWHvm_DR_HW_M,24,240,10,0.0,10000.0,1.0,1.0,46.207000732421875,0.0,0.0
feature.Area.og1.CWHvm_DR_HW_M,25,250,10,0.0,10000.0,1.0,1.0,30.996999740600586,0.0,0.0
feature.Area.og1.CWHvm_DR_HW_M,26,260,10,0.0,10000.0,1.0,1.0,30.79800033569336,0.0,0.0
feature.Area.og1.CWHvm_DR_HW_M,27,270,10,0.0,10000.0,1.0,1.0,32.13999938964844,0.0,0.0
feature.Area.og1.CWHvm_DR_HW_M,28,280,10,0.0,10000.0,1.0,1.0,32.500999450683594,0.0,0.0
feature.Area.og1.CWHvm_DR_HW_M,29,290,10,0.0,10000.0,1.0,1.0,25.78700065612793,0.0,0.0
feature.Area.og1.CWHvm_DR_HW_M,30,300,10,0.0,10000.0,1.0,1.0,27.547000885009766,0.0,0.0
feature.Area.og1.CWHvm_FDC_HW_H,0,0,10,0.0,10000.0,1.0,1.0,0.0,0.0,0.0
feature.Area.og1.CWHvm_FDC_HW_H,1,10,10,0.0,10000.0,1.0,1.0,0.0,0.0,0.0
feature.Area.og1.CWHvm_FDC_HW_H,2,20,10,0.0,10000.0,1.0,1.0,0.0,0.0,0.0
feature.Area.og1.CWHvm_FDC_HW_H,3,30,10,0.0,10000.0,1.0,1.0,0.07800000160932541,0.0,0.0
feature.Area.og1.CWHvm_FDC_HW_H,4,40,10,0.0,10000.0,1.0,1.0,2.2260000705718994,0.0,0.0
feature.Area.og1.CWHvm_FDC_HW_H,5,50,10,0.0,10000.0,1.0,1.0,12.263999938964844,0.0,0.0
feature.Area.og1.CWHvm_FDC_HW_H,6,60,10,0.0,10000.0,1.0,1.0,33.49100112915039,0.0,0.0
feature.Area.og1.CWHvm_FDC_HW_H,7,70,10,0.0,10000.0,1.0,1.0,52.30699920654297,0.0,0.0
feature.Area.og1.CWHvm_FDC_HW_H,8,80,10,0.0,10000.0,1.0,1.0,64.45700073242188,0.0,0.0
feature.Area.og1.CWHvm_FDC_HW_H,9,90,10,0.0,10000.0,1.0,1.0,68.6240005493164,0.0,0.0
feature.Area.og1.CWHvm_FDC_HW_H,10,100,10,0.0,10000.0,1.0,1.0,78.40399932861328,0.0,0.0
feature.Area.og1.CWHvm_FDC_HW_H,11,110,10,0.0,10000.0,1.0,1.0,81.08499908447266,0.0,0.0
feature.Area.og1.CWHvm_FDC_HW_H,12,120,10,0.0,10000.0,1.0,1.0,91.31400299072266,0.0,0.0
feature.Area.og1.CWHvm_FDC_HW_H,13,130,10,0.0,10000.0,1.0,1.0,95.69999694824219,0.0,0.0
feature.Area.og1.CWHvm_FDC_HW_H,14,140,10,0.0,10000.0,1.0,1.0,74.85099792480469,0.0,0.0
feature.Area.og1.CWHvm_FDC_HW_H,15,150,10,0.0,10000.0,1.0,1.0,57.75699996948242,0.0,0.0
feature.Area.og1.CWHvm_FDC_HW_H,16,160,10,0.0,10000.0,1.0,1.0,57.75699996948242,0.0,0.0
feature.Area.og1.CWHvm_FDC_HW_H,17,170,10,0.0,10000.0,1.0,1.0,58.37799835205078,0.0,0.0
feature.Area.og1.CWHvm_FDC_HW_H,18,180,10,0.0,10000.0,1.0,1.0,59.15399932861328,0.0,0.0
feature.Area.og1.CWHvm_FDC_HW_H,19,190,10,0.0,10000.0,1.0,1.0,59.93000030517578,0.0,0.0
feature.Area.og1.CWHvm_FDC_HW_H,20,200,10,0.0,10000.0,1.0,1.0,60.70600128173828,0.0,0.0
feature.Area.og1.CWHvm_FDC_HW_H,21,210,10,0.0,10000.0,1.0,1.0,62.08599853515625,0.0,0.0
feature.Area.og1.CWHvm_FDC_HW_H,22,220,10,0.0,10000.0,1.0,1.0,63.724998474121094,0.0,0.0
feature.Area.og1.CWHvm_FDC_HW_H,23,230,10,0.0,10000.0,1.0,1.0,65.36399841308594,0.0,0.0
feature.Area.og1.CWHvm_FDC_HW_H,24,240,10,0.0,10000.0,1.0,1.0,68.49299621582031,0.0,0.0
feature.Area.og1.CWHvm_FDC_HW_H,25,250,10,0.0,10000.0,1.0,1.0,69.84300231933594,0.0,0.0
feature.Area.og1.CWHvm_FDC_HW_H,26,260,10,0.0,10000.0,1.0,1.0,74.83499908447266,0.0,0.0
feature.Area.og1.CWHvm_FDC_HW_H,27,270,10,0.0,10000.0,1.0,1.0,75.94000244140625,0.0,0.0
feature.Area.og1.CWHvm_FDC_HW_H,28,280,10,0.0,10000.0,1.0,1.0,81.36000061035156,0.0,0.0
feature.Area.og1.CWHvm_FDC_HW_H,29,290,10,0.0,10000.0,1.0,1.0,50.402000427246094,0.0,0.0
feature.Area.og1.CWHvm_FDC_HW_H,30,300,10,0.0,10000.0,1.0,1.0,55.10499954223633,0.0,0.0
feature.Area.og1.CWHvm_FDC_HW_L,0,0,10,0.0,10000.0,1.0,1.0,10.654999732971191,0.0,0.0
feature.Area.og1.CWHvm_FDC_HW_L,1,10,10,0.0,10000.0,1.0,1.0,9.531999588012695,0.0,0.0
feature.Area.og1.CWHvm_FDC_HW_L,2,20,10,0.0,10000.0,1.0,1.0,0.07100000232458115,0.0,0.0
feature.Area.og1.CWHvm_FDC_HW_L,3,30,10,0.0,10000.0,1.0,1.0,0.19300000369548798,0.0,0.0
feature.Area.og1.CWHvm_FDC_HW_L,4,40,10,0.0,10000.0,1.0,1.0,0.3149999976158142,0.0,0.0
feature.Area.og1.CWHvm_FDC_HW_L,5,50,10,0.0,10000.0,1.0,1.0,0.4359999895095825,0.0,0.0
feature.Area.og1.CWHvm_FDC_HW_L,6,60,10,0.0,10000.0,1.0,1.0,0.5580000281333923,0.0,0.0
feature.Area.og1.CWHvm_FDC_HW_L,7,70,10,0.0,10000.0,1.0,1.0,0.6800000071525574,0.0,0.0
feature.Area.og1.CWHvm_FDC_HW_L,8,80,10,0.0,10000.0,1.0,1.0,0.6800000071525574,0.0,0.0
feature.Area.og1.CWHvm_FDC_HW_L,9,90,10,0.0,10000.0,1.0,1.0,1.4290000200271606,0.0,0.0
feature.Area.og1.CWHvm_FDC_HW_L,10,100,10,0.0,10000.0,1.0,1.0,4.071000099182129,0.0,0.0
feature.Area.og1.CWHvm_FDC_HW_L,11,110,10,0.0,10000.0,1.0,1.0,7.85699987411499,0.0,0.0
feature.Area.og1.CWHvm_FDC_HW_L,12,120,10,0.0,10000.0,1.0,1.0,11.354000091552734,0.0,0.0
feature.Area.og1.CWHvm_FDC_HW_L,13,130,10,0.0,10000.0,1.0,1.0,15.02400016784668,0.0,0.0
feature.Area.og1.CWHvm_FDC_HW_L,14,140,10,0.0,10000.0,1.0,1.0,14.468000411987305,0.0,0.0
feature.Area.og1.CWHvm_FDC_HW_L,15,150,10,0.0,10000.0,1.0,1.0,15.70199966430664,0.0,0.0
feature.Area.og1.CWHvm_FDC_HW_L,16,160,10,0.0,10000.0,1.0,1.0,15.70199966430664,0.0,0.0
feature.Area.og1.CWHvm_FDC_HW_L,17,170,10,0.0,10000.0,1.0,1.0,15.70199966430664,0.0,0.0
feature.Area.og1.CWHvm_FDC_HW_L,18,180,10,0.0,10000.0,1.0,1.0,15.70199966430664,0.0,0.0
feature.Area.og1.CWHvm_FDC_HW_L,19,190,10,0.0,10000.0,1.0,1.0,15.70199966430664,0.0,0.0
feature.Area.og1.CWHvm_FDC_HW_L,20,200,10,0.0,10000.0,1.0,1.0,15.70199966430664,0.0,0.0
feature.Area.og1.CWHvm_FDC_HW_L,21,210,10,0.0,10000.0,1.0,1.0,15.70199966430664,0.0,0.0
feature.Area.og1.CWHvm_FDC_HW_L,22,220,10,0.0,10000.0,1.0,1.0,15.70199966430664,0.0,0.0
feature.Area.og1.CWHvm_FDC_HW_L,23,230,10,0.0,10000.0,1.0,1.0,15.70199966430664,0.0,0.0
feature.Area.og1.CWHvm_FDC_HW_L,24,240,10,0.0,10000.0,1.0,1.0,16.290000915527344,0.0,0.0
feature.Area.og1.CWHvm_FDC_HW_L,25,250,10,0.0,10000.0,1.0,1.0,16.944000244140625,0.0,0.0
feature.Area.og1.CWHvm_FDC_HW_L,26,260,10,0.0,10000.0,1.0,1.0,15.70199966430664,0.0,0.0
feature.Area.og1.CWHvm_FDC_HW_L,27,270,10,0.0,10000.0,1.0,1.0,15.70199966430664,0.0,0.0
feature.Area.og1.CWHvm_FDC_HW_L,28,280,10,0.0,10000.0,1.0,1.0,15.70199966430664,0.0,0.0
feature.Area.og1.CWHvm_FDC_HW_L,29,290,10,0.0,10000.0,1.0,1.0,16.641000747680664,0.0,0.0
feature.Area.og1.CWHvm_FDC_HW_L,30,300,10,0.0,10000.0,1.0,1.0,19.054000854492188,0.0,0.0
feature.Area.og1.CWHvm_FDC_HW_M,0,0,10,0.0,10000.0,1.0,1.0,0.546999990940094,0.0,0.0
feature.Area.og1.CWHvm_FDC_HW_M,1,10,10,0.0,10000.0,1.0,1.0,1.9170000553131104,0.0,0.0
feature.Area.og1.CWHvm_FDC_HW_M,2,20,10,0.0,10000.0,1.0,1.0,3.2860000133514404,0.0,0.0
feature.Area.og1.CWHvm_FDC_HW_M,3,30,10,0.0,10000.0,1.0,1.0,6.1529998779296875,0.0,0.0
feature.Area.og1.CWHvm_FDC_HW_M,4,40,10,0.0,10000.0,1.0,1.0,9.020999908447266,0.0,0.0
feature.Area.og1.CWHvm_FDC_HW_M,5,50,10,0.0,10000.0,1.0,1.0,11.699999809265137,0.0,0.0
feature.Area.og1.CWHvm_FDC_HW_M,6,60,10,0.0,10000.0,1.0,1.0,26.34000015258789,0.0,0.0
feature.Area.og1.CWHvm_FDC_HW_M,7,70,10,0.0,10000.0,1.0,1.0,36.0369987487793,0.0,0.0
feature.Area.og1.CWHvm_FDC_HW_M,8,80,10,0.0,10000.0,1.0,1.0,32.952999114990234,0.0,0.0
feature.Area.og1.CWHvm_FDC_HW_M,9,90,10,0.0,10000.0,1.0,1.0,42.27199935913086,0.0,0.0
feature.Area.og1.CWHvm_FDC_HW_M,10,100,10,0.0,10000.0,1.0,1.0,51.59000015258789,0.0,0.0
feature.Area.og1.CWHvm_FDC_HW_M,11,110,10,0.0,10000.0,1.0,1.0,60.569000244140625,0.0,0.0
feature.Area.og1.CWHvm_FDC_HW_M,12,120,10,0.0,10000.0,1.0,1.0,58.06999969482422,0.0,0.0
feature.Area.og1.CWHvm_FDC_HW_M,13,130,10,0.0,10000.0,1.0,1.0,56.61600112915039,0.0,0.0
feature.Area.og1.CWHvm_FDC_HW_M,14,140,10,0.0,10000.0,1.0,1.0,57.027000427246094,0.0,0.0
feature.Area.og1.CWHvm_FDC_HW_M,15,150,10,0.0,10000.0,1.0,1.0,56.28799819946289,0.0,0.0
feature.Area.og1.CWHvm_FDC_HW_M,16,160,10,0.0,10000.0,1.0,1.0,56.28799819946289,0.0,0.0
feature.Area.og1.CWHvm_FDC_HW_M,17,170,10,0.0,10000.0,1.0,1.0,58.01900100708008,0.0,0.0
feature.Area.og1.CWHvm_FDC_HW_M,18,180,10,0.0,10000.0,1.0,1.0,60.49100112915039,0.0,0.0
feature.Area.og1.CWHvm_FDC_HW_M,19,190,10,0.0,10000.0,1.0,1.0,56.28799819946289,0.0,0.0
feature.Area.og1.CWHvm_FDC_HW_M,20,200,10,0.0,10000.0,1.0,1.0,56.28799819946289,0.0,0.0
feature.Area.og1.CWHvm_FDC_HW_M,21,210,10,0.0,10000.0,1.0,1.0,56.28799819946289,0.0,0.0
feature.Area.og1.CWHvm_FDC_HW_M,22,220,10,0.0,10000.0,1.0,1.0,56.86199951171875,0.0,0.0
feature.Area.og1.CWHvm_FDC_HW_M,23,230,10,0.0,10000.0,1.0,1.0,58.85599899291992,0.0,0.0
feature.Area.og1.CWHvm_FDC_HW_M,24,240,10,0.0,10000.0,1.0,1.0,61.40999984741211,0.0,0.0
feature.Area.og1.CWHvm_FDC_HW_M,25,250,10,0.0,10000.0,1.0,1.0,61.5629997253418,0.0,0.0
feature.Area.og1.CWHvm_FDC_HW_M,26,260,10,0.0,10000.0,1.0,1.0,64.50599670410156,0.0,0.0
feature.Area.og1.CWHvm_FDC_HW_M,27,270,10,0.0,10000.0,1.0,1.0,67.5250015258789,0.0,0.0
feature.Area.og1.CWHvm_FDC_HW_M,28,280,10,0.0,10000.0,1.0,1.0,71.53900146484375,0.0,0.0
feature.Area.og1.CWHvm_FDC_HW_M,29,290,10,0.0,10000.0,1.0,1.0,76.78700256347656,0.0,0.0
feature.Area.og1.CWHvm_FDC_HW_M,30,300,10,0.0,10000.0,1.0,1.0,82.6989974975586,0.0,0.0
feature.Area.og1.CWHvm_HW_BA_M,0,0,10,0.0,10000.0,1.0,1.0,7.521999835968018,0.0,0.0
feature.Area.og1.CWHvm_HW_BA_M,1,10,10,0.0,10000.0,1.0,1.0,6.0920000076293945,0.0,0.0
feature.Area.og1.CWHvm_HW_BA_M,2,20,10,0.0,10000.0,1.0,1.0,3.007999897003174,0.0,0.0
feature.Area.og1.CWHvm_HW_BA_M,3,30,10,0.0,10000.0,1.0,1.0,3.124000072479248,0.0,0.0
feature.Area.og1.CWHvm_HW_BA_M,4,40,10,0.0,10000.0,1.0,1.0,3.242000102996826,0.0,0.0
feature.Area.og1.CWHvm_HW_BA_M,5,50,10,0.0,10000.0,1.0,1.0,3.311000108718872,0.0,0.0
feature.Area.og1.CWHvm_HW_BA_M,6,60,10,0.0,10000.0,1.0,1.0,3.380000114440918,0.0,0.0
feature.Area.og1.CWHvm_HW_BA_M,7,70,10,0.0,10000.0,1.0,1.0,3.380000114440918,0.0,0.0
feature.Area.og1.CWHvm_HW_BA_M,8,80,10,0.0,10000.0,1.0,1.0,1.1139999628067017,0.0,0.0
feature.Area.og1.CWHvm_HW_BA_M,9,90,10,0.0,10000.0,1.0,1.0,1.1139999628067017,0.0,0.0
feature.Area.og1.CWHvm_HW_BA_M,10,100,10,0.0,10000.0,1.0,1.0,1.1139999628067017,0.0,0.0
feature.Area.og1.CWHvm_HW_BA_M,11,110,10,0.0,10000.0,1.0,1.0,1.1139999628067017,0.0,0.0
feature.Area.og1.CWHvm_HW_BA_M,12,120,10,0.0,10000.0,1.0,1.0,1.1139999628067017,0.0,0.0
feature.Area.og1.CWHvm_HW_BA_M,13,130,10,0.0,10000.0,1.0,1.0,4.02400016784668,0.0,0.0
feature.Area.og1.CWHvm_HW_BA_M,14,140,10,0.0,10000.0,1.0,1.0,6.934999942779541,0.0,0.0
feature.Area.og1.CWHvm_HW_BA_M,15,150,10,0.0,10000.0,1.0,1.0,9.845000267028809,0.0,0.0
feature.Area.og1.CWHvm_HW_BA_M,16,160,10,0.0,10000.0,1.0,1.0,12.755999565124512,0.0,0.0
feature.Area.og1.CWHvm_HW_BA_M,17,170,10,0.0,10000.0,1.0,1.0,15.666000366210938,0.0,0.0
feature.Area.og1.CWHvm_HW_BA_M,18,180,10,0.0,10000.0,1.0,1.0,1.1139999628067017,0.0,0.0
feature.Area.og1.CWHvm_HW_BA_M,19,190,10,0.0,10000.0,1.0,1.0,1.1139999628067017,0.0,0.0
feature.Area.og1.CWHvm_HW_BA_M,20,200,10,0.0,10000.0,1.0,1.0,1.5110000371932983,0.0,0.0
feature.Area.og1.CWHvm_HW_BA_M,21,210,10,0.0,10000.0,1.0,1.0,2.007999897003174,0.0,0.0
feature.Area.og1.CWHvm_HW_BA_M,22,220,10,0.0,10000.0,1.0,1.0,1.1139999628067017,0.0,0.0
feature.Area.og1.CWHvm_HW_BA_M,23,230,10,0.0,10000.0,1.0,1.0,1.1139999628067017,0.0,0.0
feature.Area.og1.CWHvm_HW_BA_M,24,240,10,0.0,10000.0,1.0,1.0,1.1139999628067017,0.0,0.0
feature.Area.og1.CWHvm_HW_BA_M,25,250,10,0.0,10000.0,1.0,1.0,1.1139999628067017,0.0,0.0
feature.Area.og1.CWHvm_HW_BA_M,26,260,10,0.0,10000.0,1.0,1.0,1.1139999628067017,0.0,0.0
feature.Area.og1.CWHvm_HW_BA_M,27,270,10,0.0,10000.0,1.0,1.0,1.1139999628067017,0.0,0.0
feature.Area.og1.CWHvm_HW_BA_M,28,280,10,0.0,10000.0,1.0,1.0,1.1139999628067017,0.0,0.0
feature.Area.og1.CWHvm_HW_BA_M,29,290,10,0.0,10000.0,1.0,1.0,3.7330000400543213,0.0,0.0
feature.Area.og1.CWHvm_HW_BA_M,30,300,10,0.0,10000.0,1.0,1.0,6.644000053405762,0.0,0.0
feature.Area.og1.CWHvm_HW_CW_H,0,0,10,0.0,10000.0,1.0,1.0,6.109000205993652,0.0,0.0
feature.Area.og1.CWHvm_HW_CW_H,1,10,10,0.0,10000.0,1.0,1.0,12.687999725341797,0.0,0.0
feature.Area.og1.CWHvm_HW_CW_H,2,20,10,0.0,10000.0,1.0,1.0,17.47599983215332,0.0,0.0
feature.Area.og1.CWHvm_HW_CW_H,3,30,10,0.0,10000.0,1.0,1.0,24.253999710083008,0.0,0.0
feature.Area.og1.CWHvm_HW_CW_H,4,40,10,0.0,10000.0,1.0,1.0,19.7810001373291,0.0,0.0
feature.Area.og1.CWHvm_HW_CW_H,5,50,10,0.0,10000.0,1.0,1.0,24.493000030517578,0.0,0.0
feature.Area.og1.CWHvm_HW_CW_H,6,60,10,0.0,10000.0,1.0,1.0,29.202999114990234,0.0,0.0
feature.Area.og1.CWHvm_HW_CW_H,7,70,10,0.0,10000.0,1.0,1.0,33.29999923706055,0.0,0.0
feature.Area.og1.CWHvm_HW_CW_H,8,80,10,0.0,10000.0,1.0,1.0,33.79899978637695,0.0,0.0
feature.Area.og1.CWHvm_HW_CW_H,9,90,10,0.0,10000.0,1.0,1.0,39.297000885009766,0.0,0.0
feature.Area.og1.CWHvm_HW_CW_H,10,100,10,0.0,10000.0,1.0,1.0,44.67599868774414,0.0,0.0
feature.Area.og1.CWHvm_HW_CW_H,11,110,10,0.0,10000.0,1.0,1.0,50.055999755859375,0.0,0.0
feature.Area.og1.CWHvm_HW_CW_H,12,120,10,0.0,10000.0,1.0,1.0,55.43600082397461,0.0,0.0
feature.Area.og1.CWHvm_HW_CW_H,13,130,10,0.0,10000.0,1.0,1.0,60.816001892089844,0.0,0.0
feature.Area.og1.CWHvm_HW_CW_H,14,140,10,0.0,10000.0,1.0,1.0,62.6510009765625,0.0,0.0
feature.Area.og1.CWHvm_HW_CW_H,15,150,10,0.0,10000.0,1.0,1.0,59.52199935913086,0.0,0.0
feature.Area.og1.CWHvm_HW_CW_H,16,160,10,0.0,10000.0,1.0,1.0,59.52199935913086,0.0,0.0
feature.Area.og1.CWHvm_HW_CW_H,17,170,10,0.0,10000.0,1.0,1.0,59.784000396728516,0.0,0.0
feature.Area.og1.CWHvm_HW_CW_H,18,180,10,0.0,10000.0,1.0,1.0,48.11600112915039,0.0,0.0
feature.Area.og1.CWHvm_HW_CW_H,19,190,10,0.0,10000.0,1.0,1.0,48.44300079345703,0.0,0.0
feature.Area.og1.CWHvm_HW_CW_H,20,200,10,0.0,10000.0,1.0,1.0,45.02799987792969,0.0,0.0
feature.Area.og1.CWHvm_HW_CW_H,21,210,10,0.0,10000.0,1.0,1.0,42.645999908447266,0.0,0.0
feature.Area.og1.CWHvm_HW_CW_H,22,220,10,0.0,10000.0,1.0,1.0,43.39899826049805,0.0,0.0
feature.Area.og1.CWHvm_HW_CW_H,23,230,10,0.0,10000.0,1.0,1.0,43.19200134277344,0.0,0.0
feature.Area.og1.CWHvm_HW_CW_H,24,240,10,0.0,10000.0,1.0,1.0,41.03200149536133,0.0,0.0
feature.Area.og1.CWHvm_HW_CW_H,25,250,10,0.0,10000.0,1.0,1.0,41.03200149536133,0.0,0.0
feature.Area.og1.CWHvm_HW_CW_H,26,260,10,0.0,10000.0,1.0,1.0,41.03200149536133,0.0,0.0
feature.Area.og1.CWHvm_HW_CW_H,27,270,10,0.0,10000.0,1.0,1.0,41.391998291015625,0.0,0.0
feature.Area.og1.CWHvm_HW_CW_H,28,280,10,0.0,10000.0,1.0,1.0,42.1870002746582,0.0,0.0
feature.Area.og1.CWHvm_HW_CW_H,29,290,10,0.0,10000.0,1.0,1.0,42.981998443603516,0.0,0.0
feature.Area.og1.CWHvm_HW_CW_H,30,300,10,0.0,10000.0,1.0,1.0,43.777000427246094,0.0,0.0
feature.Area.og1.CWHvm_HW_CW_L,0,0,10,0.0,10000.0,1.0,1.0,42.92300033569336,0.0,0.0
feature.Area.og1.CWHvm_HW_CW_L,1,10,10,0.0,10000.0,1.0,1.0,40.51300048828125,0.0,0.0
feature.Area.og1.CWHvm_HW_CW_L,2,20,10,0.0,10000.0,1.0,1.0,37.08000183105469,0.0,0.0
feature.Area.og1.CWHvm_HW_CW_L,3,30,10,0.0,10000.0,1.0,1.0,34.53499984741211,0.0,0.0
feature.Area.og1.CWHvm_HW_CW_L,4,40,10,0.0,10000.0,1.0,1.0,34.53499984741211,0.0,0.0
feature.Area.og1.CWHvm_HW_CW_L,5,50,10,0.0,10000.0,1.0,1.0,34.83000183105469,0.0,0.0
feature.Area.og1.CWHvm_HW_CW_L,6,60,10,0.0,10000.0,1.0,1.0,35.6349983215332,0.0,0.0
feature.Area.og1.CWHvm_HW_CW_L,7,70,10,0.0,10000.0,1.0,1.0,36.54999923706055,0.0,0.0
feature.Area.og1.CWHvm_HW_CW_L,8,80,10,0.0,10000.0,1.0,1.0,28.44300079345703,0.0,0.0
feature.Area.og1.CWHvm_HW_CW_L,9,90,10,0.0,10000.0,1.0,1.0,20.8799991607666,0.0,0.0
feature.Area.og1.CWHvm_HW_CW_L,10,100,10,0.0,10000.0,1.0,1.0,21.72100067138672,0.0,0.0
feature.Area.og1.CWHvm_HW_CW_L,11,110,10,0.0,10000.0,1.0,1.0,20.0939998626709,0.0,0.0
feature.Area.og1.CWHvm_HW_CW_L,12,120,10,0.0,10000.0,1.0,1.0,20.0939998626709,0.0,0.0
feature.Area.og1.CWHvm_HW_CW_L,13,130,10,0.0,10000.0,1.0,1.0,20.0939998626709,0.0,0.0
feature.Area.og1.CWHvm_HW_CW_L,14,140,10,0.0,10000.0,1.0,1.0,20.0939998626709,0.0,0.0
feature.Area.og1.CWHvm_HW_CW_L,15,150,10,0.0,10000.0,1.0,1.0,20.124000549316406,0.0,0.0
feature.Area.og1.CWHvm_HW_CW_L,16,160,10,0.0,10000.0,1.0,1.0,20.0939998626709,0.0,0.0
feature.Area.og1.CWHvm_HW_CW_L,17,170,10,0.0,10000.0,1.0,1.0,20.0939998626709,0.0,0.0
feature.Area.og1.CWHvm_HW_CW_L,18,180,10,0.0,10000.0,1.0,1.0,17.03700065612793,0.0,0.0
feature.Area.og1.CWHvm_HW_CW_L,19,190,10,0.0,10000.0,1.0,1.0,17.03700065612793,0.0,0.0
feature.Area.og1.CWHvm_HW_CW_L,20,200,10,0.0,10000.0,1.0,1.0,17.03700065612793,0.0,0.0
feature.Area.og1.CWHvm_HW_CW_L,21,210,10,0.0,10000.0,1.0,1.0,17.03700065612793,0.0,0.0
feature.Area.og1.CWHvm_HW_CW_L,22,220,10,0.0,10000.0,1.0,1.0,17.770999908447266,0.0,0.0
feature.Area.og1.CWHvm_HW_CW_L,23,230,10,0.0,10000.0,1.0,1.0,18.687999725341797,0.0,0.0
feature.Area.og1.CWHvm_HW_CW_L,24,240,10,0.0,10000.0,1.0,1.0,19.606000900268555,0.0,0.0
feature.Area.og1.CWHvm_HW_CW_L,25,250,10,0.0,10000.0,1.0,1.0,20.597000122070312,0.0,0.0
feature.Area.og1.CWHvm_HW_CW_L,26,260,10,0.0,10000.0,1.0,1.0,21.44099998474121,0.0,0.0
feature.Area.og1.CWHvm_HW_CW_L,27,270,10,0.0,10000.0,1.0,1.0,22.174999237060547,0.0,0.0
feature.Area.og1.CWHvm_HW_CW_L,28,280,10,0.0,10000.0,1.0,1.0,22.174999237060547,0.0,0.0
feature.Area.og1.CWHvm_HW_CW_L,29,290,10,0.0,10000.0,1.0,1.0,22.174999237060547,0.0,0.0
feature.Area.og1.CWHvm_HW_CW_L,30,300,10,0.0,10000.0,1.0,1.0,22.416000366210938,0.0,0.0
feature.Area.og1.CWHvm_HW_CW_M,0,0,10,0.0,10000.0,1.0,1.0,15.220000267028809,0.0,0.0
feature.Area.og1.CWHvm_HW_CW_M,1,10,10,0.0,10000.0,1.0,1.0,17.54800033569336,0.0,0.0
feature.Area.og1.CWHvm_HW_CW_M,2,20,10,0.0,10000.0,1.0,1.0,18.95599937438965,0.0,0.0
feature.Area.og1.CWHvm_HW_CW_M,3,30,10,0.0,10000.0,1.0,1.0,15.081000328063965,0.0,0.0
feature.Area.og1.CWHvm_HW_CW_M,4,40,10,0.0,10000.0,1.0,1.0,15.571999549865723,0.0,0.0
feature.Area.og1.CWHvm_HW_CW_M,5,50,10,0.0,10000.0,1.0,1.0,16.06399917602539,0.0,0.0
feature.Area.og1.CWHvm_HW_CW_M,6,60,10,0.0,10000.0,1.0,1.0,16.55500030517578,0.0,0.0
feature.Area.og1.CWHvm_HW_CW_M,7,70,10,0.0,10000.0,1.0,1.0,16.799999237060547,0.0,0.0
feature.Area.og1.CWHvm_HW_CW_M,8,80,10,0.0,10000.0,1.0,1.0,17.023000717163086,0.0,0.0
feature.Area.og1.CWHvm_HW_CW_M,9,90,10,0.0,10000.0,1.0,1.0,17.2450008392334,0.0,0.0
feature.Area.og1.CWHvm_HW_CW_M,10,100,10,0.0,10000.0,1.0,1.0,17.768999099731445,0.0,0.0
feature.Area.og1.CWHvm_HW_CW_M,11,110,10,0.0,10000.0,1.0,1.0,18.292999267578125,0.0,0.0
feature.Area.og1.CWHvm_HW_CW_M,12,120,10,0.0,10000.0,1.0,1.0,17.139999389648438,0.0,0.0
feature.Area.og1.CWHvm_HW_CW_M,13,130,10,0.0,10000.0,1.0,1.0,17.663000106811523,0.0,0.0
feature.Area.og1.CWHvm_HW_CW_M,14,140,10,0.0,10000.0,1.0,1.0,17.38599967956543,0.0,0.0
feature.Area.og1.CWHvm_HW_CW_M,15,150,10,0.0,10000.0,1.0,1.0,17.434999465942383,0.0,0.0
feature.Area.og1.CWHvm_HW_CW_M,16,160,10,0.0,10000.0,1.0,1.0,18.68400001525879,0.0,0.0
feature.Area.og1.CWHvm_HW_CW_M,17,170,10,0.0,10000.0,1.0,1.0,17.34600067138672,0.0,0.0
feature.Area.og1.CWHvm_HW_CW_M,18,180,10,0.0,10000.0,1.0,1.0,18.01799964904785,0.0,0.0
feature.Area.og1.CWHvm_HW_CW_M,19,190,10,0.0,10000.0,1.0,1.0,18.68899917602539,0.0,0.0
feature.Area.og1.CWHvm_HW_CW_M,20,200,10,0.0,10000.0,1.0,1.0,16.270999908447266,0.0,0.0
feature.Area.og1.CWHvm_HW_CW_M,21,210,10,0.0,10000.0,1.0,1.0,16.270999908447266,0.0,0.0
feature.Area.og1.CWHvm_HW_CW_M,22,220,10,0.0,10000.0,1.0,1.0,16.270999908447266,0.0,0.0
feature.Area.og1.CWHvm_HW_CW_M,23,230,10,0.0,10000.0,1.0,1.0,16.270999908447266,0.0,0.0
feature.Area.og1.CWHvm_HW_CW_M,24,240,10,0.0,10000.0,1.0,1.0,5.436999797821045,0.0,0.0
feature.Area.og1.CWHvm_HW_CW_M,25,250,10,0.0,10000.0,1.0,1.0,5.436999797821045,0.0,0.0
feature.Area.og1.CWHvm_HW_CW_M,26,260,10,0.0,10000.0,1.0,1.0,5.436999797821045,0.0,0.0
feature.Area.og1.CWHvm_HW_CW_M,27,270,10,0.0,10000.0,1.0,1.0,5.501999855041504,0.0,0.0
feature.Area.og1.CWHvm_HW_CW_M,28,280,10,0.0,10000.0,1.0,1.0,5.836999893188477,0.0,0.0
feature.Area.og1.CWHvm_HW_CW_M,29,290,10,0.0,10000.0,1.0,1.0,6.270999908447266,0.0,0.0
feature.Area.og1.CWHvm_HW_CW_M,30,300,10,0.0,10000.0,1.0,1.0,7.10699987411499,0.0,0.0
feature.Area.og1.CWHvm_HW_FDC_H,0,0,10,0.0,10000.0,1.0,1.0,13.663999557495117,0.0,0.0
feature.Area.og1.CWHvm_HW_FDC_H,1,10,10,0.0,10000.0,1.0,1.0,16.18199920654297,0.0,0.0
feature.Area.og1.CWHvm_HW_FDC_H,2,20,10,0.0,10000.0,1.0,1.0,11.682000160217285,0.0,0.0
feature.Area.og1.CWHvm_HW_FDC_H,3,30,10,0.0,10000.0,1.0,1.0,13.699000358581543,0.0,0.0
feature.Area.og1.CWHvm_HW_FDC_H,4,40,10,0.0,10000.0,1.0,1.0,19.724000930786133,0.0,0.0
feature.Area.og1.CWHvm_HW_FDC_H,5,50,10,0.0,10000.0,1.0,1.0,36.691001892089844,0.0,0.0
feature.Area.og1.CWHvm_HW_FDC_H,6,60,10,0.0,10000.0,1.0,1.0,59.11899948120117,0.0,0.0
feature.Area.og1.CWHvm_HW_FDC_H,7,70,10,0.0,10000.0,1.0,1.0,64.83399963378906,0.0,0.0
feature.Area.og1.CWHvm_HW_FDC_H,8,80,10,0.0,10000.0,1.0,1.0,84.81600189208984,0.0,0.0
feature.Area.og1.CWHvm_HW_FDC_H,9,90,10,0.0,10000.0,1.0,1.0,84.36599731445312,0.0,0.0
feature.Area.og1.CWHvm_HW_FDC_H,10,100,10,0.0,10000.0,1.0,1.0,100.08300018310547,0.0,0.0
feature.Area.og1.CWHvm_HW_FDC_H,11,110,10,0.0,10000.0,1.0,1.0,107.02999877929688,0.0,0.0
feature.Area.og1.CWHvm_HW_FDC_H,12,120,10,0.0,10000.0,1.0,1.0,121.10900115966797,0.0,0.0
feature.Area.og1.CWHvm_HW_FDC_H,13,130,10,0.0,10000.0,1.0,1.0,88.26799774169922,0.0,0.0
feature.Area.og1.CWHvm_HW_FDC_H,14,140,10,0.0,10000.0,1.0,1.0,80.1709976196289,0.0,0.0
feature.Area.og1.CWHvm_HW_FDC_H,15,150,10,0.0,10000.0,1.0,1.0,76.43800354003906,0.0,0.0
feature.Area.og1.CWHvm_HW_FDC_H,16,160,10,0.0,10000.0,1.0,1.0,78.39099884033203,0.0,0.0
feature.Area.og1.CWHvm_HW_FDC_H,17,170,10,0.0,10000.0,1.0,1.0,81.79000091552734,0.0,0.0
feature.Area.og1.CWHvm_HW_FDC_H,18,180,10,0.0,10000.0,1.0,1.0,85.58100128173828,0.0,0.0
feature.Area.og1.CWHvm_HW_FDC_H,19,190,10,0.0,10000.0,1.0,1.0,85.9000015258789,0.0,0.0
feature.Area.og1.CWHvm_HW_FDC_H,20,200,10,0.0,10000.0,1.0,1.0,81.81500244140625,0.0,0.0
feature.Area.og1.CWHvm_HW_FDC_H,21,210,10,0.0,10000.0,1.0,1.0,72.76799774169922,0.0,0.0
feature.Area.og1.CWHvm_HW_FDC_H,22,220,10,0.0,10000.0,1.0,1.0,62.42399978637695,0.0,0.0
feature.Area.og1.CWHvm_HW_FDC_H,23,230,10,0.0,10000.0,1.0,1.0,62.99100112915039,0.0,0.0
feature.Area.og1.CWHvm_HW_FDC_H,24,240,10,0.0,10000.0,1.0,1.0,57.72600173950195,0.0,0.0
feature.Area.og1.CWHvm_HW_FDC_H,25,250,10,0.0,10000.0,1.0,1.0,62.150001525878906,0.0,0.0
feature.Area.og1.CWHvm_HW_FDC_H,26,260,10,0.0,10000.0,1.0,1.0,66.96600341796875,0.0,0.0
feature.Area.og1.CWHvm_HW_FDC_H,27,270,10,0.0,10000.0,1.0,1.0,55.45800018310547,0.0,0.0
feature.Area.og1.CWHvm_HW_FDC_H,28,280,10,0.0,10000.0,1.0,1.0,46.16999816894531,0.0,0.0
feature.Area.og1.CWHvm_HW_FDC_H,29,290,10,0.0,10000.0,1.0,1.0,49.28300094604492,0.0,0.0
feature.Area.og1.CWHvm_HW_FDC_H,30,300,10,0.0,10000.0,1.0,1.0,54.49399948120117,0.0,0.0
feature.Area.og1.CWHvm_HW_FDC_L,0,0,10,0.0,10000.0,1.0,1.0,22.841999053955078,0.0,0.0
feature.Area.og1.CWHvm_HW_FDC_L,1,10,10,0.0,10000.0,1.0,1.0,16.466999053955078,0.0,0.0
feature.Area.og1.CWHvm_HW_FDC_L,2,20,10,0.0,10000.0,1.0,1.0,10.734999656677246,0.0,0.0
feature.Area.og1.CWHvm_HW_FDC_L,3,30,10,0.0,10000.0,1.0,1.0,13.267999649047852,0.0,0.0
feature.Area.og1.CWHvm_HW_FDC_L,4,40,10,0.0,10000.0,1.0,1.0,16.179000854492188,0.0,0.0
feature.Area.og1.CWHvm_HW_FDC_L,5,50,10,0.0,10000.0,1.0,1.0,22.81399917602539,0.0,0.0
feature.Area.og1.CWHvm_HW_FDC_L,6,60,10,0.0,10000.0,1.0,1.0,29.933000564575195,0.0,0.0
feature.Area.og1.CWHvm_HW_FDC_L,7,70,10,0.0,10000.0,1.0,1.0,34.48699951171875,0.0,0.0
feature.Area.og1.CWHvm_HW_FDC_L,8,80,10,0.0,10000.0,1.0,1.0,37.81800079345703,0.0,0.0
feature.Area.og1.CWHvm_HW_FDC_L,9,90,10,0.0,10000.0,1.0,1.0,39.47999954223633,0.0,0.0
feature.Area.og1.CWHvm_HW_FDC_L,10,100,10,0.0,10000.0,1.0,1.0,30.354999542236328,0.0,0.0
feature.Area.og1.CWHvm_HW_FDC_L,11,110,10,0.0,10000.0,1.0,1.0,29.2810001373291,0.0,0.0
feature.Area.og1.CWHvm_HW_FDC_L,12,120,10,0.0,10000.0,1.0,1.0,26.864999771118164,0.0,0.0
feature.Area.og1.CWHvm_HW_FDC_L,13,130,10,0.0,10000.0,1.0,1.0,28.83300018310547,0.0,0.0
feature.Area.og1.CWHvm_HW_FDC_L,14,140,10,0.0,10000.0,1.0,1.0,30.871000289916992,0.0,0.0
feature.Area.og1.CWHvm_HW_FDC_L,15,150,10,0.0,10000.0,1.0,1.0,33.0369987487793,0.0,0.0
feature.Area.og1.CWHvm_HW_FDC_L,16,160,10,0.0,10000.0,1.0,1.0,33.6619987487793,0.0,0.0
feature.Area.og1.CWHvm_HW_FDC_L,17,170,10,0.0,10000.0,1.0,1.0,35.29600143432617,0.0,0.0
feature.Area.og1.CWHvm_HW_FDC_L,18,180,10,0.0,10000.0,1.0,1.0,29.655000686645508,0.0,0.0
feature.Area.og1.CWHvm_HW_FDC_L,19,190,10,0.0,10000.0,1.0,1.0,30.974000930786133,0.0,0.0
feature.Area.og1.CWHvm_HW_FDC_L,20,200,10,0.0,10000.0,1.0,1.0,35.111000061035156,0.0,0.0
feature.Area.og1.CWHvm_HW_FDC_L,21,210,10,0.0,10000.0,1.0,1.0,37.24100112915039,0.0,0.0
feature.Area.og1.CWHvm_HW_FDC_L,22,220,10,0.0,10000.0,1.0,1.0,37.00899887084961,0.0,0.0
feature.Area.og1.CWHvm_HW_FDC_L,23,230,10,0.0,10000.0,1.0,1.0,36.77199935913086,0.0,0.0
feature.Area.og1.CWHvm_HW_FDC_L,24,240,10,0.0,10000.0,1.0,1.0,39.465999603271484,0.0,0.0
feature.Area.og1.CWHvm_HW_FDC_L,25,250,10,0.0,10000.0,1.0,1.0,41.99100112915039,0.0,0.0
feature.Area.og1.CWHvm_HW_FDC_L,26,260,10,0.0,10000.0,1.0,1.0,34.983001708984375,0.0,0.0
feature.Area.og1.CWHvm_HW_FDC_L,27,270,10,0.0,10000.0,1.0,1.0,33.86899948120117,0.0,0.0
feature.Area.og1.CWHvm_HW_FDC_L,28,280,10,0.0,10000.0,1.0,1.0,33.07600021362305,0.0,0.0
feature.Area.og1.CWHvm_HW_FDC_L,29,290,10,0.0,10000.0,1.0,1.0,26.81800079345703,0.0,0.0
feature.Area.og1.CWHvm_HW_FDC_L,30,300,10,0.0,10000.0,1.0,1.0,28.090999603271484,0.0,0.0
feature.Area.og1.CWHvm_HW_SS_M,0,0,10,0.0,10000.0,1.0,1.0,0.0,0.0,0.0
feature.Area.og1.CWHvm_HW_SS_M,1,10,10,0.0,10000.0,1.0,1.0,0.0,0.0,0.0
feature.Area.og1.CWHvm_HW_SS_M,2,20,10,0.0,10000.0,1.0,1.0,0.0,0.0,0.0
feature.Area.og1.CWHvm_HW_SS_M,3,30,10,0.0,10000.0,1.0,1.0,0.0,0.0,0.0
feature.Area.og1.CWHvm_HW_SS_M,4,40,10,0.0,10000.0,1.0,1.0,2.4509999752044678,0.0,0.0
feature.Area.og1.CWHvm_HW_SS_M,5,50,10,0.0,10000.0,1.0,1.0,5.513000011444092,0.0,0.0
feature.Area.og1.CWHvm_HW_SS_M,6,60,10,0.0,10000.0,1.0,1.0,8.737000465393066,0.0,0.0
feature.Area.og1.CWHvm_HW_SS_M,7,70,10,0.0,10000.0,1.0,1.0,12.0,0.0,0.0
feature.Area.og1.CWHvm_HW_SS_M,8,80,10,0.0,10000.0,1.0,1.0,15.265000343322754,0.0,0.0
feature.Area.og1.CWHvm_HW_SS_M,9,90,10,0.0,10000.0,1.0,1.0,18.527999877929688,0.0,0.0
feature.Area.og1.CWHvm_HW_SS_M,10,100,10,0.0,10000.0,1.0,1.0,21.79199981689453,0.0,0.0
feature.Area.og1.CWHvm_HW_SS_M,11,110,10,0.0,10000.0,1.0,1.0,25.05500030517578,0.0,0.0
feature.Area.og1.CWHvm_HW_SS_M,12,120,10,0.0,10000.0,1.0,1.0,25.011999130249023,0.0,0.0
feature.Area.og1.CWHvm_HW_SS_M,13,130,10,0.0,10000.0,1.0,1.0,25.086999893188477,0.0,0.0
feature.Area.og1.CWHvm_HW_SS_M,14,140,10,0.0,10000.0,1.0,1.0,25.101999282836914,0.0,0.0
feature.Area.og1.CWHvm_HW_SS_M,15,150,10,0.0,10000.0,1.0,1.0,25.101999282836914,0.0,0.0
feature.Area.og1.CWHvm_HW_SS_M,16,160,10,0.0,10000.0,1.0,1.0,25.101999282836914,0.0,0.0
feature.Area.og1.CWHvm_HW_SS_M,17,170,10,0.0,10000.0,1.0,1.0,25.101999282836914,0.0,0.0
feature.Area.og1.CWHvm_HW_SS_M,18,180,10,0.0,10000.0,1.0,1.0,25.101999282836914,0.0,0.0
feature.Area.og1.CWHvm_HW_SS_M,19,190,10,0.0,10000.0,1.0,1.0,25.101999282836914,0.0,0.0
feature.Area.og1.CWHvm_HW_SS_M,20,200,10,0.0,10000.0,1.0,1.0,25.101999282836914,0.0,0.0
feature.Area.og1.CWHvm_HW_SS_M,21,210,10,0.0,10000.0,1.0,1.0,25.101999282836914,0.0,0.0
feature.Area.og1.CWHvm_HW_SS_M,22,220,10,0.0,10000.0,1.0,1.0,25.114999771118164,0.0,0.0
feature.Area.og1.CWHvm_HW_SS_M,23,230,10,0.0,10000.0,1.0,1.0,25.240999221801758,0.0,0.0
feature.Area.og1.CWHvm_HW_SS_M,24,240,10,0.0,10000.0,1.0,1.0,5.5960001945495605,0.0,0.0
feature.Area.og1.CWHvm_HW_SS_M,25,250,10,0.0,10000.0,1.0,1.0,5.5960001945495605,0.0,0.0
feature.Area.og1.CWHvm_HW_SS_M,26,260,10,0.0,10000.0,1.0,1.0,5.5960001945495605,0.0,0.0
feature.Area.og1.CWHvm_HW_SS_M,27,270,10,0.0,10000.0,1.0,1.0,5.5960001945495605,0.0,0.0
feature.Area.og1.CWHvm_HW_SS_M,28,280,10,0.0,10000.0,1.0,1.0,5.5960001945495605,0.0,0.0
feature.Area.og1.CWHvm_HW_SS_M,29,290,10,0.0,10000.0,1.0,1.0,5.5960001945495605,0.0,0.0
feature.Area.og1.CWHvm_HW_SS_M,30,300,10,0.0,10000.0,1.0,1.0,5.5960001945495605,0.0,0.0
feature.Area.og1.total,0,0,10,0.0,10000.0,1.0,1.0,379.3059997558594,0.0,0.0
feature.Area.og1.total,1,10,10,0.0,10000.0,1.0,1.0,379.02301025390625,0.0,0.0
feature.Area.og1.total,2,20,10,0.0,10000.0,1.0,1.0,325.1709899902344,0.0,0.0
feature.Area.og1.total,3,30,10,0.0,10000.0,1.0,1.0,319.2760009765625,0.0,0.0
feature.Area.og1.total,4,40,10,0.0,10000.0,1.0,1.0,344.260009765625,0.0,0.0
feature.Area.og1.total,5,50,10,0.0,10000.0,1.0,1.0,403.6910095214844,0.0,0.0
feature.Area.og1.total,6,60,10,0.0,10000.0,1.0,1.0,496.0199890136719,0.0,0.0
feature.Area.og1.total,7,70,10,0.0,10000.0,1.0,1.0,520.2459716796875,0.0,0.0
feature.Area.og1.total,8,80,10,0.0,10000.0,1.0,1.0,523.56201171875,0.0,0.0
feature.Area.og1.total,9,90,10,0.0,10000.0,1.0,1.0,544.6329956054688,0.0,0.0
feature.Area.og1.total,10,100,10,0.0,10000.0,1.0,1.0,548.8480224609375,0.0,0.0
feature.Area.og1.total,11,110,10,0.0,10000.0,1.0,1.0,574.9730224609375,0.0,0.0
feature.Area.og1.total,12,120,10,0.0,10000.0,1.0,1.0,597.18701171875,0.0,0.0
feature.Area.og1.total,13,130,10,0.0,10000.0,1.0,1.0,580.2670288085938,0.0,0.0
feature.Area.og1.total,14,140,10,0.0,10000.0,1.0,1.0,550.7969970703125,0.0,0.0
feature.Area.og1.total,15,150,10,0.0,10000.0,1.0,1.0,515.0139770507812,0.0,0.0
feature.Area.og1.total,16,160,10,0.0,10000.0,1.0,1.0,527.218994140625,0.0,0.0
feature.Area.og1.total,17,170,10,0.0,10000.0,1.0,1.0,537.1069946289062,0.0,0.0
feature.Area.og1.total,18,180,10,0.0,10000.0,1.0,1.0,518.35400390625,0.0,0.0
feature.Area.og1.total,19,190,10,0.0,10000.0,1.0,1.0,527.5609741210938,0.0,0.0
feature.Area.og1.total,20,200,10,0.0,10000.0,1.0,1.0,527.5750122070312,0.0,0.0
feature.Area.og1.total,21,210,10,0.0,10000.0,1.0,1.0,533.7150268554688,0.0,0.0
feature.Area.og1.total,22,220,10,0.0,10000.0,1.0,1.0,523.4310302734375,0.0,0.0
feature.Area.og1.total,23,230,10,0.0,10000.0,1.0,1.0,542.448974609375,0.0,0.0
feature.Area.og1.total,24,240,10,0.0,10000.0,1.0,1.0,508.55499267578125,0.0,0.0
feature.Area.og1.total,25,250,10,0.0,10000.0,1.0,1.0,462.52099609375,0.0,0.0
feature.Area.og1.total,26,260,10,0.0,10000.0,1.0,1.0,445.5039978027344,0.0,0.0
feature.Area.og1.total,27,270,10,0.0,10000.0,1.0,1.0,442.4930114746094,0.0,0.0
feature.Area.og1.total,28,280,10,0.0,10000.0,1.0,1.0,431.5740051269531,0.0,0.0
feature.Area.og1.total,29,290,10,0.0,10000.0,1.0,1.0,412.85101318359375,0.0,0.0
feature.Area.og1.total,30,300,10,0.0,10000.0,1.0,1.0,445.48199462890625,0.0,0.0
feature.Area.og2.CWHvm_CW_HW_M,0,0,10,0.0,10000.0,1.0,1.0,167.18899536132812,0.0,0.0
feature.Area.og2.CWHvm_CW_HW_M,1,10,10,0.0,10000.0,1.0,1.0,162.0749969482422,0.0,0.0
feature.Area.og2.CWHvm_CW_HW_M,2,20,10,0.0,10000.0,1.0,1.0,156.90499877929688,0.0,0.0
feature.Area.og2.CWHvm_CW_HW_M,3,30,10,0.0,10000.0,1.0,1.0,130.58299255371094,0.0,0.0
feature.Area.og2.CWHvm_CW_HW_M,4,40,10,0.0,10000.0,1.0,1.0,130.58299255371094,0.0,0.0
feature.Area.og2.CWHvm_CW_HW_M,5,50,10,0.0,10000.0,1.0,1.0,130.58299255371094,0.0,0.0
feature.Area.og2.CWHvm_CW_HW_M,6,60,10,0.0,10000.0,1.0,1.0,130.55799865722656,0.0,0.0
feature.Area.og2.CWHvm_CW_HW_M,7,70,10,0.0,10000.0,1.0,1.0,102.21499633789062,0.0,0.0
feature.Area.og2.CWHvm_CW_HW_M,8,80,10,0.0,10000.0,1.0,1.0,94.75599670410156,0.0,0.0
feature.Area.og2.CWHvm_CW_HW_M,9,90,10,0.0,10000.0,1.0,1.0,94.75599670410156,0.0,0.0
feature.Area.og2.CWHvm_CW_HW_M,10,100,10,0.0,10000.0,1.0,1.0,65.15699768066406,0.0,0.0
feature.Area.og2.CWHvm_CW_HW_M,11,110,10,0.0,10000.0,1.0,1.0,65.15699768066406,0.0,0.0
feature.Area.og2.CWHvm_CW_HW_M,12,120,10,0.0,10000.0,1.0,1.0,57.750999450683594,0.0,0.0
feature.Area.og2.CWHvm_CW_HW_M,13,130,10,0.0,10000.0,1.0,1.0,60.672000885009766,0.0,0.0
feature.Area.og2.CWHvm_CW_HW_M,14,140,10,0.0,10000.0,1.0,1.0,60.672000885009766,0.0,0.0
feature.Area.og2.CWHvm_CW_HW_M,15,150,10,0.0,10000.0,1.0,1.0,48.57400131225586,0.0,0.0
feature.Area.og2.CWHvm_CW_HW_M,16,160,10,0.0,10000.0,1.0,1.0,48.57400131225586,0.0,0.0
feature.Area.og2.CWHvm_CW_HW_M,17,170,10,0.0,10000.0,1.0,1.0,42.87799835205078,0.0,0.0
feature.Area.og2.CWHvm_CW_HW_M,18,180,10,0.0,10000.0,1.0,1.0,42.87799835205078,0.0,0.0
feature.Area.og2.CWHvm_CW_HW_M,19,190,10,0.0,10000.0,1.0,1.0,42.882999420166016,0.0,0.0
feature.Area.og2.CWHvm_CW_HW_M,20,200,10,0.0,10000.0,1.0,1.0,42.882999420166016,0.0,0.0
feature.Area.og2.CWHvm_CW_HW_M,21,210,10,0.0,10000.0,1.0,1.0,68.1520004272461,0.0,0.0
feature.Area.og2.CWHvm_CW_HW_M,22,220,10,0.0,10000.0,1.0,1.0,68.1520004272461,0.0,0.0
feature.Area.og2.CWHvm_CW_HW_M,23,230,10,0.0,10000.0,1.0,1.0,68.1520004272461,0.0,0.0
feature.Area.og2.CWHvm_CW_HW_M,24,240,10,0.0,10000.0,1.0,1.0,68.1520004272461,0.0,0.0
feature.Area.og2.CWHvm_CW_HW_M,25,250,10,0.0,10000.0,1.0,1.0,44.933998107910156,0.0,0.0
feature.Area.og2.CWHvm_CW_HW_M,26,260,10,0.0,10000.0,1.0,1.0,44.933998107910156,0.0,0.0
feature.Area.og2.CWHvm_CW_HW_M,27,270,10,0.0,10000.0,1.0,1.0,44.933998107910156,0.0,0.0
feature.Area.og2.CWHvm_CW_HW_M,28,280,10,0.0,10000.0,1.0,1.0,44.933998107910156,0.0,0.0
feature.Area.og2.CWHvm_CW_HW_M,29,290,10,0.0,10000.0,1.0,1.0,44.933998107910156,0.0,0.0
feature.Area.og2.CWHvm_CW_HW_M,30,300,10,0.0,10000.0,1.0,1.0,44.933998107910156,0.0,0.0
feature.Area.og2.CWHvm_CW_PLC_M,0,0,10,0.0,10000.0,1.0,1.0,21.78700065612793,0.0,0.0
feature.Area.og2.CWHvm_CW_PLC_M,1,10,10,0.0,10000.0,1.0,1.0,21.78700065612793,0.0,0.0
feature.Area.og2.CWHvm_CW_PLC_M,2,20,10,0.0,10000.0,1.0,1.0,24.42099952697754,0.0,0.0
feature.Area.og2.CWHvm_CW_PLC_M,3,30,10,0.0,10000.0,1.0,1.0,24.42099952697754,0.0,0.0
feature.Area.og2.CWHvm_CW_PLC_M,4,40,10,0.0,10000.0,1.0,1.0,24.42099952697754,0.0,0.0
feature.Area.og2.CWHvm_CW_PLC_M,5,50,10,0.0,10000.0,1.0,1.0,24.42099952697754,0.0,0.0
feature.Area.og2.CWHvm_CW_PLC_M,6,60,10,0.0,10000.0,1.0,1.0,24.42099952697754,0.0,0.0
feature.Area.og2.CWHvm_CW_PLC_M,7,70,10,0.0,10000.0,1.0,1.0,24.42099952697754,0.0,0.0
feature.Area.og2.CWHvm_CW_PLC_M,8,80,10,0.0,10000.0,1.0,1.0,24.42099952697754,0.0,0.0
feature.Area.og2.CWHvm_CW_PLC_M,9,90,10,0.0,10000.0,1.0,1.0,24.42099952697754,0.0,0.0
feature.Area.og2.CWHvm_CW_PLC_M,10,100,10,0.0,10000.0,1.0,1.0,24.42099952697754,0.0,0.0
feature.Area.og2.CWHvm_CW_PLC_M,11,110,10,0.0,10000.0,1.0,1.0,24.42099952697754,0.0,0.0
feature.Area.og2.CWHvm_CW_PLC_M,12,120,10,0.0,10000.0,1.0,1.0,24.42099952697754,0.0,0.0
feature.Area.og2.CWHvm_CW_PLC_M,13,130,10,0.0,10000.0,1.0,1.0,24.42099952697754,0.0,0.0
feature.Area.og2.CWHvm_CW_PLC_M,14,140,10,0.0,10000.0,1.0,1.0,24.42099952697754,0.0,0.0
feature.Area.og2.CWHvm_CW_PLC_M,15,150,10,0.0,10000.0,1.0,1.0,24.42099952697754,0.0,0.0
feature.Area.og2.CWHvm_CW_PLC_M,16,160,10,0.0,10000.0,1.0,1.0,24.42099952697754,0.0,0.0
feature.Area.og2.CWHvm_CW_PLC_M,17,170,10,0.0,10000.0,1.0,1.0,24.42099952697754,0.0,0.0
feature.Area.og2.CWHvm_CW_PLC_M,18,180,10,0.0,10000.0,1.0,1.0,24.42099952697754,0.0,0.0
feature.Area.og2.CWHvm_CW_PLC_M,19,190,10,0.0,10000.0,1.0,1.0,24.42099952697754,0.0,0.0
feature.Area.og2.CWHvm_CW_PLC_M,20,200,10,0.0,10000.0,1.0,1.0,24.42099952697754,0.0,0.0
feature.Area.og2.CWHvm_CW_PLC_M,21,210,10,0.0,10000.0,1.0,1.0,24.42099952697754,0.0,0.0
feature.Area.og2.CWHvm_CW_PLC_M,22,220,10,0.0,10000.0,1.0,1.0,24.42099952697754,0.0,0.0
feature.Area.og2.CWHvm_CW_PLC_M,23,230,10,0.0,10000.0,1.0,1.0,24.42099952697754,0.0,0.0
feature.Area.og2.CWHvm_CW_PLC_M,24,240,10,0.0,10000.0,1.0,1.0,24.42099952697754,0.0,0.0
feature.Area.og2.CWHvm_CW_PLC_M,25,250,10,0.0,10000.0,1.0,1.0,24.42099952697754,0.0,0.0
feature.Area.og2.CWHvm_CW_PLC_M,26,260,10,0.0,10000.0,1.0,1.0,24.42099952697754,0.0,0.0
feature.Area.og2.CWHvm_CW_PLC_M,27,270,10,0.0,10000.0,1.0,1.0,24.42099952697754,0.0,0.0
feature.Area.og2.CWHvm_CW_PLC_M,28,280,10,0.0,10000.0,1.0,1.0,9.130999565124512,0.0,0.0
feature.Area.og2.CWHvm_CW_PLC_M,29,290,10,0.0,10000.0,1.0,1.0,9.130999565124512,0.0,0.0
feature.Area.og2.CWHvm_CW_PLC_M,30,300,10,0.0,10000.0,1.0,1.0,9.130999565124512,0.0,0.0
feature.Area.og2.CWHvm_CW_YC_M,0,0,10,0.0,10000.0,1.0,1.0,41.14799880981445,0.0,0.0
feature.Area.og2.CWHvm_CW_YC_M,1,10,10,0.0,10000.0,1.0,1.0,41.14799880981445,0.0,0.0
feature.Area.og2.CWHvm_CW_YC_M,2,20,10,0.0,10000.0,1.0,1.0,28.034000396728516,0.0,0.0
feature.Area.og2.CWHvm_CW_YC_M,3,30,10,0.0,10000.0,1.0,1.0,28.034000396728516,0.0,0.0
feature.Area.og2.CWHvm_CW_YC_M,4,40,10,0.0,10000.0,1.0,1.0,28.034000396728516,0.0,0.0
feature.Area.og2.CWHvm_CW_YC_M,5,50,10,0.0,10000.0,1.0,1.0,28.034000396728516,0.0,0.0
feature.Area.og2.CWHvm_CW_YC_M,6,60,10,0.0,10000.0,1.0,1.0,28.034000396728516,0.0,0.0
feature.Area.og2.CWHvm_CW_YC_M,7,70,10,0.0,10000.0,1.0,1.0,17.020000457763672,0.0,0.0
feature.Area.og2.CWHvm_CW_YC_M,8,80,10,0.0,10000.0,1.0,1.0,7.2230000495910645,0.0,0.0
feature.Area.og2.CWHvm_CW_YC_M,9,90,10,0.0,10000.0,1.0,1.0,7.2230000495910645,0.0,0.0
feature.Area.og2.CWHvm_CW_YC_M,10,100,10,0.0,10000.0,1.0,1.0,7.2230000495910645,0.0,0.0
feature.Area.og2.CWHvm_CW_YC_M,11,110,10,0.0,10000.0,1.0,1.0,7.2230000495910645,0.0,0.0
feature.Area.og2.CWHvm_CW_YC_M,12,120,10,0.0,10000.0,1.0,1.0,7.2230000495910645,0.0,0.0
feature.Area.og2.CWHvm_CW_YC_M,13,130,10,0.0,10000.0,1.0,1.0,7.2230000495910645,0.0,0.0
feature.Area.og2.CWHvm_CW_YC_M,14,140,10,0.0,10000.0,1.0,1.0,7.2230000495910645,0.0,0.0
feature.Area.og2.CWHvm_CW_YC_M,15,150,10,0.0,10000.0,1.0,1.0,7.2230000495910645,0.0,0.0
feature.Area.og2.CWHvm_CW_YC_M,16,160,10,0.0,10000.0,1.0,1.0,7.2230000495910645,0.0,0.0
feature.Area.og2.CWHvm_CW_YC_M,17,170,10,0.0,10000.0,1.0,1.0,7.2230000495910645,0.0,0.0
feature.Area.og2.CWHvm_CW_YC_M,18,180,10,0.0,10000.0,1.0,1.0,7.2230000495910645,0.0,0.0
feature.Area.og2.CWHvm_CW_YC_M,19,190,10,0.0,10000.0,1.0,1.0,7.2230000495910645,0.0,0.0
feature.Area.og2.CWHvm_CW_YC_M,20,200,10,0.0,10000.0,1.0,1.0,7.2230000495910645,0.0,0.0
feature.Area.og2.CWHvm_CW_YC_M,21,210,10,0.0,10000.0,1.0,1.0,7.2230000495910645,0.0,0.0
feature.Area.og2.CWHvm_CW_YC_M,22,220,10,0.0,10000.0,1.0,1.0,7.2230000495910645,0.0,0.0
feature.Area.og2.CWHvm_CW_YC_M,23,230,10,0.0,10000.0,1.0,1.0,7.2230000495910645,0.0,0.0
feature.Area.og2.CWHvm_CW_YC_M,24,240,10,0.0,10000.0,1.0,1.0,0.04500000178813934,0.0,0.0
feature.Area.og2.CWHvm_CW_YC_M,25,250,10,0.0,10000.0,1.0,1.0,0.04500000178813934,0.0,0.0
feature.Area.og2.CWHvm_CW_YC_M,26,260,10,0.0,10000.0,1.0,1.0,0.04500000178813934,0.0,0.0
feature.Area.og2.CWHvm_CW_YC_M,27,270,10,0.0,10000.0,1.0,1.0,0.04500000178813934,0.0,0.0
feature.Area.og2.CWHvm_CW_YC_M,28,280,10,0.0,10000.0,1.0,1.0,0.04500000178813934,0.0,0.0
feature.Area.og2.CWHvm_CW_YC_M,29,290,10,0.0,10000.0,1.0,1.0,0.04500000178813934,0.0,0.0
feature.Area.og2.CWHvm_CW_YC_M,30,300,10,0.0,10000.0,1.0,1.0,0.04500000178813934,0.0,0.0
feature.Area.og2.CWHvm_DR_HW_M,0,0,10,0.0,10000.0,1.0,1.0,0.0,0.0,0.0
feature.Area.og2.CWHvm_DR_HW_M,1,10,10,0.0,10000.0,1.0,1.0,0.0,0.0,0.0
feature.Area.og2.CWHvm_DR_HW_M,2,20,10,0.0,10000.0,1.0,1.0,0.0,0.0,0.0
feature.Area.og2.CWHvm_DR_HW_M,3,30,10,0.0,10000.0,1.0,1.0,0.0,0.0,0.0
feature.Area.og2.CWHvm_DR_HW_M,4,40,10,0.0,10000.0,1.0,1.0,0.0,0.0,0.0
feature.Area.og2.CWHvm_DR_HW_M,5,50,10,0.0,10000.0,1.0,1.0,0.0,0.0,0.0
feature.Area.og2.CWHvm_DR_HW_M,6,60,10,0.0,10000.0,1.0,1.0,0.0,0.0,0.0
feature.Area.og2.CWHvm_DR_HW_M,7,70,10,0.0,10000.0,1.0,1.0,0.0,0.0,0.0
feature.Area.og2.CWHvm_DR_HW_M,8,80,10,0.0,10000.0,1.0,1.0,0.0,0.0,0.0
feature.Area.og2.CWHvm_DR_HW_M,9,90,10,0.0,10000.0,1.0,1.0,0.0,0.0,0.0
feature.Area.og2.CWHvm_DR_HW_M,10,100,10,0.0,10000.0,1.0,1.0,0.0,0.0,0.0
feature.Area.og2.CWHvm_DR_HW_M,11,110,10,0.0,10000.0,1.0,1.0,0.0,0.0,0.0
feature.Area.og2.CWHvm_DR_HW_M,12,120,10,0.0,10000.0,1.0,1.0,0.0,0.0,0.0
feature.Area.og2.CWHvm_DR_HW_M,13,130,10,0.0,10000.0,1.0,1.0,0.0,0.0,0.0
feature.Area.og2.CWHvm_DR_HW_M,14,140,10,0.0,10000.0,1.0,1.0,0.0,0.0,0.0
feature.Area.og2.CWHvm_DR_HW_M,15,150,10,0.0,10000.0,1.0,1.0,0.0,0.0,0.0
feature.Area.og2.CWHvm_DR_HW_M,16,160,10,0.0,10000.0,1.0,1.0,0.0,0.0,0.0
feature.Area.og2.CWHvm_DR_HW_M,17,170,10,0.0,10000.0,1.0,1.0,0.0,0.0,0.0
feature.Area.og2.CWHvm_DR_HW_M,18,180,10,0.0,10000.0,1.0,1.0,0.0,0.0,0.0
feature.Area.og2.CWHvm_DR_HW_M,19,190,10,0.0,10000.0,1.0,1.0,0.0,0.0,0.0
feature.Area.og2.CWHvm_DR_HW_M,20,200,10,0.0,10000.0,1.0,1.0,7.199999809265137,0.0,0.0
feature.Area.og2.CWHvm_DR_HW_M,21,210,10,0.0,10000.0,1.0,1.0,23.423999786376953,0.0,0.0
feature.Area.og2.CWHvm_DR_HW_M,22,220,10,0.0,10000.0,1.0,1.0,18.569000244140625,0.0,0.0
feature.Area.og2.CWHvm_DR_HW_M,23,230,10,0.0,10000.0,1.0,1.0,18.569000244140625,0.0,0.0
feature.Area.og2.CWHvm_DR_HW_M,24,240,10,0.0,10000.0,1.0,1.0,18.569000244140625,0.0,0.0
feature.Area.og2.CWHvm_DR_HW_M,25,250,10,0.0,10000.0,1.0,1.0,18.569000244140625,0.0,0.0
feature.Area.og2.CWHvm_DR_HW_M,26,260,10,0.0,10000.0,1.0,1.0,16.781999588012695,0.0,0.0
feature.Area.og2.CWHvm_DR_HW_M,27,270,10,0.0,10000.0,1.0,1.0,16.781999588012695,0.0,0.0
feature.Area.og2.CWHvm_DR_HW_M,28,280,10,0.0,10000.0,1.0,1.0,16.781999588012695,0.0,0.0
feature.Area.og2.CWHvm_DR_HW_M,29,290,10,0.0,10000.0,1.0,1.0,16.781999588012695,0.0,0.0
feature.Area.og2.CWHvm_DR_HW_M,30,300,10,0.0,10000.0,1.0,1.0,16.781999588012695,0.0,0.0
feature.Area.og2.CWHvm_FDC_HW_H,0,0,10,0.0,10000.0,1.0,1.0,0.0,0.0,0.0
feature.Area.og2.CWHvm_FDC_HW_H,1,10,10,0.0,10000.0,1.0,1.0,0.0,0.0,0.0
feature.Area.og2.CWHvm_FDC_HW_H,2,20,10,0.0,10000.0,1.0,1.0,0.0,0.0,0.0
feature.Area.og2.CWHvm_FDC_HW_H,3,30,10,0.0,10000.0,1.0,1.0,0.0,0.0,0.0
feature.Area.og2.CWHvm_FDC_HW_H,4,40,10,0.0,10000.0,1.0,1.0,0.0,0.0,0.0
feature.Area.og2.CWHvm_FDC_HW_H,5,50,10,0.0,10000.0,1.0,1.0,0.0,0.0,0.0
feature.Area.og2.CWHvm_FDC_HW_H,6,60,10,0.0,10000.0,1.0,1.0,0.0,0.0,0.0
feature.Area.og2.CWHvm_FDC_HW_H,7,70,10,0.0,10000.0,1.0,1.0,0.0,0.0,0.0
feature.Area.og2.CWHvm_FDC_HW_H,8,80,10,0.0,10000.0,1.0,1.0,0.0,0.0,0.0
feature.Area.og2.CWHvm_FDC_HW_H,9,90,10,0.0,10000.0,1.0,1.0,0.0,0.0,0.0
feature.Area.og2.CWHvm_FDC_HW_H,10,100,10,0.0,10000.0,1.0,1.0,0.0,0.0,0.0
feature.Area.og2.CWHvm_FDC_HW_H,11,110,10,0.0,10000.0,1.0,1.0,0.0,0.0,0.0
feature.Area.og2.CWHvm_FDC_HW_H,12,120,10,0.0,10000.0,1.0,1.0,0.0,0.0,0.0
feature.Area.og2.CWHvm_FDC_HW_H,13,130,10,0.0,10000.0,1.0,1.0,0.0,0.0,0.0
feature.Area.og2.CWHvm_FDC_HW_H,14,140,10,0.0,10000.0,1.0,1.0,0.0,0.0,0.0
feature.Area.og2.CWHvm_FDC_HW_H,15,150,10,0.0,10000.0,1.0,1.0,0.0,0.0,0.0
feature.Area.og2.CWHvm_FDC_HW_H,16,160,10,0.0,10000.0,1.0,1.0,0.0,0.0,0.0
feature.Area.og2.CWHvm_FDC_HW_H,17,170,10,0.0,10000.0,1.0,1.0,0.0,0.0,0.0
feature.Area.og2.CWHvm_FDC_HW_H,18,180,10,0.0,10000.0,1.0,1.0,0.0,0.0,0.0
feature.Area.og2.CWHvm_FDC_HW_H,19,190,10,0.0,10000.0,1.0,1.0,0.0,0.0,0.0
feature.Area.og2.CWHvm_FDC_HW_H,20,200,10,0.0,10000.0,1.0,1.0,11.925999641418457,0.0,0.0
feature.Area.og2.CWHvm_FDC_HW_H,21,210,10,0.0,10000.0,1.0,1.0,57.75699996948242,0.0,0.0
feature.Area.og2.CWHvm_FDC_HW_H,22,220,10,0.0,10000.0,1.0,1.0,57.75699996948242,0.0,0.0
feature.Area.og2.CWHvm_FDC_HW_H,23,230,10,0.0,10000.0,1.0,1.0,57.75699996948242,0.0,0.0
feature.Area.og2.CWHvm_FDC_HW_H,24,240,10,0.0,10000.0,1.0,1.0,57.75699996948242,0.0,0.0
feature.Area.og2.CWHvm_FDC_HW_H,25,250,10,0.0,10000.0,1.0,1.0,57.75699996948242,0.0,0.0
feature.Area.og2.CWHvm_FDC_HW_H,26,260,10,0.0,10000.0,1.0,1.0,57.75699996948242,0.0,0.0
feature.Area.og2.CWHvm_FDC_HW_H,27,270,10,0.0,10000.0,1.0,1.0,57.75699996948242,0.0,0.0
feature.Area.og2.CWHvm_FDC_HW_H,28,280,10,0.0,10000.0,1.0,1.0,57.75699996948242,0.0,0.0
feature.Area.og2.CWHvm_FDC_HW_H,29,290,10,0.0,10000.0,1.0,1.0,19.88599967956543,0.0,0.0
feature.Area.og2.CWHvm_FDC_HW_H,30,300,10,0.0,10000.0,1.0,1.0,19.88599967956543,0.0,0.0
feature.Area.og2.CWHvm_FDC_HW_L,0,0,10,0.0,10000.0,1.0,1.0,1.1230000257492065,0.0,0.0
feature.Area.og2.CWHvm_FDC_HW_L,1,10,10,0.0,10000.0,1.0,1.0,0.0,0.0,0.0
feature.Area.og2.CWHvm_FDC_HW_L,2,20,10,0.0,10000.0,1.0,1.0,0.0,0.0,0.0
feature.Area.og2.CWHvm_FDC_HW_L,3,30,10,0.0,10000.0,1.0,1.0,0.0,0.0,0.0
feature.Area.og2.CWHvm_FDC_HW_L,4,40,10,0.0,10000.0,1.0,1.0,0.0,0.0,0.0
feature.Area.og2.CWHvm_FDC_HW_L,5,50,10,0.0,10000.0,1.0,1.0,0.0,0.0,0.0
feature.Area.og2.CWHvm_FDC_HW_L,6,60,10,0.0,10000.0,1.0,1.0,0.009999999776482582,0.0,0.0
feature.Area.og2.CWHvm_FDC_HW_L,7,70,10,0.0,10000.0,1.0,1.0,0.009999999776482582,0.0,0.0
feature.Area.og2.CWHvm_FDC_HW_L,8,80,10,0.0,10000.0,1.0,1.0,0.009999999776482582,0.0,0.0
feature.Area.og2.CWHvm_FDC_HW_L,9,90,10,0.0,10000.0,1.0,1.0,0.009999999776482582,0.0,0.0
feature.Area.og2.CWHvm_FDC_HW_L,10,100,10,0.0,10000.0,1.0,1.0,0.009999999776482582,0.0,0.0
feature.Area.og2.CWHvm_FDC_HW_L,11,110,10,0.0,10000.0,1.0,1.0,0.009999999776482582,0.0,0.0
feature.Area.og2.CWHvm_FDC_HW_L,12,120,10,0.0,10000.0,1.0,1.0,0.009999999776482582,0.0,0.0
feature.Area.og2.CWHvm_FDC_HW_L,13,130,10,0.0,10000.0,1.0,1.0,0.6800000071525574,0.0,0.0
feature.Area.og2.CWHvm_FDC_HW_L,14,140,10,0.0,10000.0,1.0,1.0,0.6800000071525574,0.0,0.0
feature.Area.og2.CWHvm_FDC_HW_L,15,150,10,0.0,10000.0,1.0,1.0,0.6800000071525574,0.0,0.0
feature.Area.og2.CWHvm_FDC_HW_L,16,160,10,0.0,10000.0,1.0,1.0,0.6800000071525574,0.0,0.0
feature.Area.og2.CWHvm_FDC_HW_L,17,170,10,0.0,10000.0,1.0,1.0,0.6800000071525574,0.0,0.0
feature.Area.og2.CWHvm_FDC_HW_L,18,180,10,0.0,10000.0,1.0,1.0,0.6800000071525574,0.0,0.0
feature.Area.og2.CWHvm_FDC_HW_L,19,190,10,0.0,10000.0,1.0,1.0,0.6800000071525574,0.0,0.0
feature.Area.og2.CWHvm_FDC_HW_L,20,200,10,0.0,10000.0,1.0,1.0,8.920999526977539,0.0,0.0
feature.Area.og2.CWHvm_FDC_HW_L,21,210,10,0.0,10000.0,1.0,1.0,15.70199966430664,0.0,0.0
feature.Area.og2.CWHvm_FDC_HW_L,22,220,10,0.0,10000.0,1.0,1.0,15.70199966430664,0.0,0.0
feature.Area.og2.CWHvm_FDC_HW_L,23,230,10,0.0,10000.0,1.0,1.0,15.70199966430664,0.0,0.0
feature.Area.og2.CWHvm_FDC_HW_L,24,240,10,0.0,10000.0,1.0,1.0,15.70199966430664,0.0,0.0
feature.Area.og2.CWHvm_FDC_HW_L,25,250,10,0.0,10000.0,1.0,1.0,15.70199966430664,0.0,0.0
feature.Area.og2.CWHvm_FDC_HW_L,26,260,10,0.0,10000.0,1.0,1.0,15.70199966430664,0.0,0.0
feature.Area.og2.CWHvm_FDC_HW_L,27,270,10,0.0,10000.0,1.0,1.0,15.70199966430664,0.0,0.0
feature.Area.og2.CWHvm_FDC_HW_L,28,280,10,0.0,10000.0,1.0,1.0,15.70199966430664,0.0,0.0
feature.Area.og2.CWHvm_FDC_HW_L,29,290,10,0.0,10000.0,1.0,1.0,15.70199966430664,0.0,0.0
feature.Area.og2.CWHvm_FDC_HW_L,30,300,10,0.0,10000.0,1.0,1.0,15.70199966430664,0.0,0.0
feature.Area.og2.CWHvm_FDC_HW_M,0,0,10,0.0,10000.0,1.0,1.0,0.0,0.0,0.0
feature.Area.og2.CWHvm_FDC_HW_M,1,10,10,0.0,10000.0,1.0,1.0,0.0,0.0,0.0
feature.Area.og2.CWHvm_FDC_HW_M,2,20,10,0.0,10000.0,1.0,1.0,0.0,0.0,0.0
feature.Area.og2.CWHvm_FDC_HW_M,3,30,10,0.0,10000.0,1.0,1.0,0.0,0.0,0.0
feature.Area.og2.CWHvm_FDC_HW_M,4,40,10,0.0,10000.0,1.0,1.0,0.0,0.0,0.0
feature.Area.og2.CWHvm_FDC_HW_M,5,50,10,0.0,10000.0,1.0,1.0,0.0,0.0,0.0
feature.Area.og2.CWHvm_FDC_HW_M,6,60,10,0.0,10000.0,1.0,1.0,0.0,0.0,0.0
feature.Area.og2.CWHvm_FDC_HW_M,7,70,10,0.0,10000.0,1.0,1.0,0.0,0.0,0.0
feature.Area.og2.CWHvm_FDC_HW_M,8,80,10,0.0,10000.0,1.0,1.0,0.0,0.0,0.0
feature.Area.og2.CWHvm_FDC_HW_M,9,90,10,0.0,10000.0,1.0,1.0,0.0,0.0,0.0
feature.Area.og2.CWHvm_FDC_HW_M,10,100,10,0.0,10000.0,1.0,1.0,0.0,0.0,0.0
feature.Area.og2.CWHvm_FDC_HW_M,11,110,10,0.0,10000.0,1.0,1.0,0.0,0.0,0.0
feature.Area.og2.CWHvm_FDC_HW_M,12,120,10,0.0,10000.0,1.0,1.0,0.0,0.0,0.0
feature.Area.og2.CWHvm_FDC_HW_M,13,130,10,0.0,10000.0,1.0,1.0,0.0,0.0,0.0
feature.Area.og2.CWHvm_FDC_HW_M,14,140,10,0.0,10000.0,1.0,1.0,0.0,0.0,0.0
feature.Area.og2.CWHvm_FDC_HW_M,15,150,10,0.0,10000.0,1.0,1.0,2.1689999103546143,0.0,0.0
feature.Area.og2.CWHvm_FDC_HW_M,16,160,10,0.0,10000.0,1.0,1.0,2.1689999103546143,0.0,0.0
feature.Area.og2.CWHvm_FDC_HW_M,17,170,10,0.0,10000.0,1.0,1.0,2.1689999103546143,0.0,0.0
feature.Area.og2.CWHvm_FDC_HW_M,18,180,10,0.0,10000.0,1.0,1.0,4.900000095367432,0.0,0.0
feature.Area.og2.CWHvm_FDC_HW_M,19,190,10,0.0,10000.0,1.0,1.0,4.900000095367432,0.0,0.0
feature.Area.og2.CWHvm_FDC_HW_M,20,200,10,0.0,10000.0,1.0,1.0,7.8460001945495605,0.0,0.0
feature.Area.og2.CWHvm_FDC_HW_M,21,210,10,0.0,10000.0,1.0,1.0,56.28799819946289,0.0,0.0
feature.Area.og2.CWHvm_FDC_HW_M,22,220,10,0.0,10000.0,1.0,1.0,56.28799819946289,0.0,0.0
feature.Area.og2.CWHvm_FDC_HW_M,23,230,10,0.0,10000.0,1.0,1.0,56.28799819946289,0.0,0.0
feature.Area.og2.CWHvm_FDC_HW_M,24,240,10,0.0,10000.0,1.0,1.0,56.28799819946289,0.0,0.0
feature.Area.og2.CWHvm_FDC_HW_M,25,250,10,0.0,10000.0,1.0,1.0,56.28799819946289,0.0,0.0
feature.Area.og2.CWHvm_FDC_HW_M,26,260,10,0.0,10000.0,1.0,1.0,56.28799819946289,0.0,0.0
feature.Area.og2.CWHvm_FDC_HW_M,27,270,10,0.0,10000.0,1.0,1.0,56.28799819946289,0.0,0.0
feature.Area.og2.CWHvm_FDC_HW_M,28,280,10,0.0,10000.0,1.0,1.0,56.28799819946289,0.0,0.0
feature.Area.og2.CWHvm_FDC_HW_M,29,290,10,0.0,10000.0,1.0,1.0,56.28799819946289,0.0,0.0
feature.Area.og2.CWHvm_FDC_HW_M,30,300,10,0.0,10000.0,1.0,1.0,56.28799819946289,0.0,0.0
feature.Area.og2.CWHvm_HW_BA_M,0,0,10,0.0,10000.0,1.0,1.0,0.0,0.0,0.0
feature.Area.og2.CWHvm_HW_BA_M,1,10,10,0.0,10000.0,1.0,1.0,0.0,0.0,0.0
feature.Area.og2.CWHvm_HW_BA_M,2,20,10,0.0,10000.0,1.0,1.0,0.014999999664723873,0.0,0.0
feature.Area.og2.CWHvm_HW_BA_M,3,30,10,0.0,10000.0,1.0,1.0,0.014999999664723873,0.0,0.0
feature.Area.og2.CWHvm_HW_BA_M,4,40,10,0.0,10000.0,1.0,1.0,0.014999999664723873,0.0,0.0
feature.Area.og2.CWHvm_HW_BA_M,5,50,10,0.0,10000.0,1.0,1.0,2.6640000343322754,0.0,0.0
feature.Area.og2.CWHvm_HW_BA_M,6,60,10,0.0,10000.0,1.0,1.0,2.6640000343322754,0.0,0.0
feature.Area.og2.CWHvm_HW_BA_M,7,70,10,0.0,10000.0,1.0,1.0,2.6640000343322754,0.0,0.0
feature.Area.og2.CWHvm_HW_BA_M,8,80,10,0.0,10000.0,1.0,1.0,0.39800000190734863,0.0,0.0
feature.Area.og2.CWHvm_HW_BA_M,9,90,10,0.0,10000.0,1.0,1.0,0.39800000190734863,0.0,0.0
feature.Area.og2.CWHvm_HW_BA_M,10,100,10,0.0,10000.0,1.0,1.0,0.39800000190734863,0.0,0.0
feature.Area.og2.CWHvm_HW_BA_M,11,110,10,0.0,10000.0,1.0,1.0,0.39800000190734863,0.0,0.0
feature.Area.og2.CWHvm_HW_BA_M,12,120,10,0.0,10000.0,1.0,1.0,0.39800000190734863,0.0,0.0
feature.Area.og2.CWHvm_HW_BA_M,13,130,10,0.0,10000.0,1.0,1.0,0.6940000057220459,0.0,0.0
feature.Area.og2.CWHvm_HW_BA_M,14,140,10,0.0,10000.0,1.0,1.0,0.6940000057220459,0.0,0.0
feature.Area.og2.CWHvm_HW_BA_M,15,150,10,0.0,10000.0,1.0,1.0,1.1139999628067017,0.0,0.0
feature.Area.og2.CWHvm_HW_BA_M,16,160,10,0.0,10000.0,1.0,1.0,1.1139999628067017,0.0,0.0
feature.Area.og2.CWHvm_HW_BA_M,17,170,10,0.0,10000.0,1.0,1.0,1.1139999628067017,0.0,0.0
feature.Area.og2.CWHvm_HW_BA_M,18,180,10,0.0,10000.0,1.0,1.0,1.1139999628067017,0.0,0.0
feature.Area.og2.CWHvm_HW_BA_M,19,190,10,0.0,10000.0,1.0,1.0,1.1139999628067017,0.0,0.0
feature.Area.og2.CWHvm_HW_BA_M,20,200,10,0.0,10000.0,1.0,1.0,1.1139999628067017,0.0,0.0
feature.Area.og2.CWHvm_HW_BA_M,21,210,10,0.0,10000.0,1.0,1.0,1.1139999628067017,0.0,0.0
feature.Area.og2.CWHvm_HW_BA_M,22,220,10,0.0,10000.0,1.0,1.0,1.1139999628067017,0.0,0.0
feature.Area.og2.CWHvm_HW_BA_M,23,230,10,0.0,10000.0,1.0,1.0,1.1139999628067017,0.0,0.0
feature.Area.og2.CWHvm_HW_BA_M,24,240,10,0.0,10000.0,1.0,1.0,1.1139999628067017,0.0,0.0
feature.Area.og2.CWHvm_HW_BA_M,25,250,10,0.0,10000.0,1.0,1.0,1.1139999628067017,0.0,0.0
feature.Area.og2.CWHvm_HW_BA_M,26,260,10,0.0,10000.0,1.0,1.0,1.1139999628067017,0.0,0.0
feature.Area.og2.CWHvm_HW_BA_M,27,270,10,0.0,10000.0,1.0,1.0,1.1139999628067017,0.0,0.0
feature.Area.og2.CWHvm_HW_BA_M,28,280,10,0.0,10000.0,1.0,1.0,1.1139999628067017,0.0,0.0
feature.Area.og2.CWHvm_HW_BA_M,29,290,10,0.0,10000.0,1.0,1.0,1.1139999628067017,0.0,0.0
feature.Area.og2.CWHvm_HW_BA_M,30,300,10,0.0,10000.0,1.0,1.0,1.1139999628067017,0.0,0.0
feature.Area.og2.CWHvm_HW_CW_H,0,0,10,0.0,10000.0,1.0,1.0,0.0,0.0,0.0
feature.Area.og2.CWHvm_HW_CW_H,1,10,10,0.0,10000.0,1.0,1.0,0.0,0.0,0.0
feature.Area.og2.CWHvm_HW_CW_H,2,20,10,0.0,10000.0,1.0,1.0,0.0,0.0,0.0
feature.Area.og2.CWHvm_HW_CW_H,3,30,10,0.0,10000.0,1.0,1.0,0.0,0.0,0.0
feature.Area.og2.CWHvm_HW_CW_H,4,40,10,0.0,10000.0,1.0,1.0,0.0,0.0,0.0
feature.Area.og2.CWHvm_HW_CW_H,5,50,10,0.0,10000.0,1.0,1.0,0.0,0.0,0.0
feature.Area.og2.CWHvm_HW_CW_H,6,60,10,0.0,10000.0,1.0,1.0,0.0,0.0,0.0
feature.Area.og2.CWHvm_HW_CW_H,7,70,10,0.0,10000.0,1.0,1.0,0.0,0.0,0.0
feature.Area.og2.CWHvm_HW_CW_H,8,80,10,0.0,10000.0,1.0,1.0,2.111999988555908,0.0,0.0
feature.Area.og2.CWHvm_HW_CW_H,9,90,10,0.0,10000.0,1.0,1.0,2.111999988555908,0.0,0.0
feature.Area.og2.CWHvm_HW_CW_H,10,100,10,0.0,10000.0,1.0,1.0,2.111999988555908,0.0,0.0
feature.Area.og2.CWHvm_HW_CW_H,11,110,10,0.0,10000.0,1.0,1.0,2.111999988555908,0.0,0.0
feature.Area.og2.CWHvm_HW_CW_H,12,120,10,0.0,10000.0,1.0,1.0,2.111999988555908,0.0,0.0
feature.Area.og2.CWHvm_HW_CW_H,13,130,10,0.0,10000.0,1.0,1.0,23.0939998626709,0.0,0.0
feature.Area.og2.CWHvm_HW_CW_H,14,140,10,0.0,10000.0,1.0,1.0,23.0939998626709,0.0,0.0
feature.Area.og2.CWHvm_HW_CW_H,15,150,10,0.0,10000.0,1.0,1.0,24.01300048828125,0.0,0.0
feature.Area.og2.CWHvm_HW_CW_H,16,160,10,0.0,10000.0,1.0,1.0,24.01300048828125,0.0,0.0
feature.Area.og2.CWHvm_HW_CW_H,17,170,10,0.0,10000.0,1.0,1.0,24.01300048828125,0.0,0.0
feature.Area.og2.CWHvm_HW_CW_H,18,180,10,0.0,10000.0,1.0,1.0,12.017999649047852,0.0,0.0
feature.Area.og2.CWHvm_HW_CW_H,19,190,10,0.0,10000.0,1.0,1.0,12.017999649047852,0.0,0.0
feature.Area.og2.CWHvm_HW_CW_H,20,200,10,0.0,10000.0,1.0,1.0,43.784000396728516,0.0,0.0
feature.Area.og2.CWHvm_HW_CW_H,21,210,10,0.0,10000.0,1.0,1.0,41.03200149536133,0.0,0.0
feature.Area.og2.CWHvm_HW_CW_H,22,220,10,0.0,10000.0,1.0,1.0,41.03200149536133,0.0,0.0
feature.Area.og2.CWHvm_HW_CW_H,23,230,10,0.0,10000.0,1.0,1.0,41.03200149536133,0.0,0.0
feature.Area.og2.CWHvm_HW_CW_H,24,240,10,0.0,10000.0,1.0,1.0,41.03200149536133,0.0,0.0
feature.Area.og2.CWHvm_HW_CW_H,25,250,10,0.0,10000.0,1.0,1.0,41.03200149536133,0.0,0.0
feature.Area.og2.CWHvm_HW_CW_H,26,260,10,0.0,10000.0,1.0,1.0,41.03200149536133,0.0,0.0
feature.Area.og2.CWHvm_HW_CW_H,27,270,10,0.0,10000.0,1.0,1.0,41.03200149536133,0.0,0.0
feature.Area.og2.CWHvm_HW_CW_H,28,280,10,0.0,10000.0,1.0,1.0,41.03200149536133,0.0,0.0
feature.Area.og2.CWHvm_HW_CW_H,29,290,10,0.0,10000.0,1.0,1.0,41.03200149536133,0.0,0.0
feature.Area.og2.CWHvm_HW_CW_H,30,300,10,0.0,10000.0,1.0,1.0,41.03200149536133,0.0,0.0
feature.Area.og2.CWHvm_HW_CW_L,0,0,10,0.0,10000.0,1.0,1.0,15.093999862670898,0.0,0.0
feature.Area.og2.CWHvm_HW_CW_L,1,10,10,0.0,10000.0,1.0,1.0,17.82200050354004,0.0,0.0
feature.Area.og2.CWHvm_HW_CW_L,2,20,10,0.0,10000.0,1.0,1.0,37.08000183105469,0.0,0.0
feature.Area.og2.CWHvm_HW_CW_L,3,30,10,0.0,10000.0,1.0,1.0,34.53499984741211,0.0,0.0
feature.Area.og2.CWHvm_HW_CW_L,4,40,10,0.0,10000.0,1.0,1.0,34.53499984741211,0.0,0.0
feature.Area.og2.CWHvm_HW_CW_L,5,50,10,0.0,10000.0,1.0,1.0,34.53499984741211,0.0,0.0
feature.Area.og2.CWHvm_HW_CW_L,6,60,10,0.0,10000.0,1.0,1.0,34.53499984741211,0.0,0.0
feature.Area.og2.CWHvm_HW_CW_L,7,70,10,0.0,10000.0,1.0,1.0,34.53499984741211,0.0,0.0
feature.Area.og2.CWHvm_HW_CW_L,8,80,10,0.0,10000.0,1.0,1.0,25.513999938964844,0.0,0.0
feature.Area.og2.CWHvm_HW_CW_L,9,90,10,0.0,10000.0,1.0,1.0,17.03700065612793,0.0,0.0
feature.Area.og2.CWHvm_HW_CW_L,10,100,10,0.0,10000.0,1.0,1.0,17.03700065612793,0.0,0.0
feature.Area.og2.CWHvm_HW_CW_L,11,110,10,0.0,10000.0,1.0,1.0,17.03700065612793,0.0,0.0
feature.Area.og2.CWHvm_HW_CW_L,12,120,10,0.0,10000.0,1.0,1.0,17.03700065612793,0.0,0.0
feature.Area.og2.CWHvm_HW_CW_L,13,130,10,0.0,10000.0,1.0,1.0,17.03700065612793,0.0,0.0
feature.Area.og2.CWHvm_HW_CW_L,14,140,10,0.0,10000.0,1.0,1.0,17.03700065612793,0.0,0.0
feature.Area.og2.CWHvm_HW_CW_L,15,150,10,0.0,10000.0,1.0,1.0,17.03700065612793,0.0,0.0
feature.Area.og2.CWHvm_HW_CW_L,16,160,10,0.0,10000.0,1.0,1.0,17.03700065612793,0.0,0.0
feature.Area.og2.CWHvm_HW_CW_L,17,170,10,0.0,10000.0,1.0,1.0,20.0939998626709,0.0,0.0
feature.Area.og2.CWHvm_HW_CW_L,18,180,10,0.0,10000.0,1.0,1.0,17.03700065612793,0.0,0.0
feature.Area.og2.CWHvm_HW_CW_L,19,190,10,0.0,10000.0,1.0,1.0,17.03700065612793,0.0,0.0
feature.Area.og2.CWHvm_HW_CW_L,20,200,10,0.0,10000.0,1.0,1.0,17.03700065612793,0.0,0.0
feature.Area.og2.CWHvm_HW_CW_L,21,210,10,0.0,10000.0,1.0,1.0,17.03700065612793,0.0,0.0
feature.Area.og2.CWHvm_HW_CW_L,22,220,10,0.0,10000.0,1.0,1.0,17.03700065612793,0.0,0.0
feature.Area.og2.CWHvm_HW_CW_L,23,230,10,0.0,10000.0,1.0,1.0,17.03700065612793,0.0,0.0
feature.Area.og2.CWHvm_HW_CW_L,24,240,10,0.0,10000.0,1.0,1.0,17.03700065612793,0.0,0.0
feature.Area.og2.CWHvm_HW_CW_L,25,250,10,0.0,10000.0,1.0,1.0,17.03700065612793,0.0,0.0
feature.Area.og2.CWHvm_HW_CW_L,26,260,10,0.0,10000.0,1.0,1.0,17.03700065612793,0.0,0.0
feature.Area.og2.CWHvm_HW_CW_L,27,270,10,0.0,10000.0,1.0,1.0,17.03700065612793,0.0,0.0
feature.Area.og2.CWHvm_HW_CW_L,28,280,10,0.0,10000.0,1.0,1.0,17.03700065612793,0.0,0.0
feature.Area.og2.CWHvm_HW_CW_L,29,290,10,0.0,10000.0,1.0,1.0,17.03700065612793,0.0,0.0
feature.Area.og2.CWHvm_HW_CW_L,30,300,10,0.0,10000.0,1.0,1.0,17.03700065612793,0.0,0.0
feature.Area.og2.CWHvm_HW_CW_M,0,0,10,0.0,10000.0,1.0,1.0,4.366000175476074,0.0,0.0
feature.Area.og2.CWHvm_HW_CW_M,1,10,10,0.0,10000.0,1.0,1.0,4.366000175476074,0.0,0.0
feature.Area.og2.CWHvm_HW_CW_M,2,20,10,0.0,10000.0,1.0,1.0,6.043000221252441,0.0,0.0
feature.Area.og2.CWHvm_HW_CW_M,3,30,10,0.0,10000.0,1.0,1.0,1.6770000457763672,0.0,0.0
feature.Area.og2.CWHvm_HW_CW_M,4,40,10,0.0,10000.0,1.0,1.0,1.6770000457763672,0.0,0.0
feature.Area.og2.CWHvm_HW_CW_M,5,50,10,0.0,10000.0,1.0,1.0,1.6770000457763672,0.0,0.0
feature.Area.og2.CWHvm_HW_CW_M,6,60,10,0.0,10000.0,1.0,1.0,1.6770000457763672,0.0,0.0
feature.Area.og2.CWHvm_HW_CW_M,7,70,10,0.0,10000.0,1.0,1.0,1.6770000457763672,0.0,0.0
feature.Area.og2.CWHvm_HW_CW_M,8,80,10,0.0,10000.0,1.0,1.0,13.607000350952148,0.0,0.0
feature.Area.og2.CWHvm_HW_CW_M,9,90,10,0.0,10000.0,1.0,1.0,13.607000350952148,0.0,0.0
feature.Area.og2.CWHvm_HW_CW_M,10,100,10,0.0,10000.0,1.0,1.0,13.607000350952148,0.0,0.0
feature.Area.og2.CWHvm_HW_CW_M,11,110,10,0.0,10000.0,1.0,1.0,13.607000350952148,0.0,0.0
feature.Area.og2.CWHvm_HW_CW_M,12,120,10,0.0,10000.0,1.0,1.0,11.930000305175781,0.0,0.0
feature.Area.og2.CWHvm_HW_CW_M,13,130,10,0.0,10000.0,1.0,1.0,15.123000144958496,0.0,0.0
feature.Area.og2.CWHvm_HW_CW_M,14,140,10,0.0,10000.0,1.0,1.0,15.123000144958496,0.0,0.0
feature.Area.og2.CWHvm_HW_CW_M,15,150,10,0.0,10000.0,1.0,1.0,14.28499984741211,0.0,0.0
feature.Area.og2.CWHvm_HW_CW_M,16,160,10,0.0,10000.0,1.0,1.0,14.28499984741211,0.0,0.0
feature.Area.og2.CWHvm_HW_CW_M,17,170,10,0.0,10000.0,1.0,1.0,14.28499984741211,0.0,0.0
feature.Area.og2.CWHvm_HW_CW_M,18,180,10,0.0,10000.0,1.0,1.0,14.28499984741211,0.0,0.0
feature.Area.og2.CWHvm_HW_CW_M,19,190,10,0.0,10000.0,1.0,1.0,14.28499984741211,0.0,0.0
feature.Area.og2.CWHvm_HW_CW_M,20,200,10,0.0,10000.0,1.0,1.0,15.732000350952148,0.0,0.0
feature.Area.og2.CWHvm_HW_CW_M,21,210,10,0.0,10000.0,1.0,1.0,15.732000350952148,0.0,0.0
feature.Area.og2.CWHvm_HW_CW_M,22,220,10,0.0,10000.0,1.0,1.0,16.270999908447266,0.0,0.0
feature.Area.og2.CWHvm_HW_CW_M,23,230,10,0.0,10000.0,1.0,1.0,16.270999908447266,0.0,0.0
feature.Area.og2.CWHvm_HW_CW_M,24,240,10,0.0,10000.0,1.0,1.0,5.436999797821045,0.0,0.0
feature.Area.og2.CWHvm_HW_CW_M,25,250,10,0.0,10000.0,1.0,1.0,5.436999797821045,0.0,0.0
feature.Area.og2.CWHvm_HW_CW_M,26,260,10,0.0,10000.0,1.0,1.0,5.436999797821045,0.0,0.0
feature.Area.og2.CWHvm_HW_CW_M,27,270,10,0.0,10000.0,1.0,1.0,5.436999797821045,0.0,0.0
feature.Area.og2.CWHvm_HW_CW_M,28,280,10,0.0,10000.0,1.0,1.0,5.436999797821045,0.0,0.0
feature.Area.og2.CWHvm_HW_CW_M,29,290,10,0.0,10000.0,1.0,1.0,5.436999797821045,0.0,0.0
feature.Area.og2.CWHvm_HW_CW_M,30,300,10,0.0,10000.0,1.0,1.0,5.436999797821045,0.0,0.0
feature.Area.og2.CWHvm_HW_FDC_H,0,0,10,0.0,10000.0,1.0,1.0,0.0,0.0,0.0
feature.Area.og2.CWHvm_HW_FDC_H,1,10,10,0.0,10000.0,1.0,1.0,0.0,0.0,0.0
feature.Area.og2.CWHvm_HW_FDC_H,2,20,10,0.0,10000.0,1.0,1.0,0.0,0.0,0.0
feature.Area.og2.CWHvm_HW_FDC_H,3,30,10,0.0,10000.0,1.0,1.0,0.0,0.0,0.0
feature.Area.og2.CWHvm_HW_FDC_H,4,40,10,0.0,10000.0,1.0,1.0,0.0,0.0,0.0
feature.Area.og2.CWHvm_HW_FDC_H,5,50,10,0.0,10000.0,1.0,1.0,0.0,0.0,0.0
feature.Area.og2.CWHvm_HW_FDC_H,6,60,10,0.0,10000.0,1.0,1.0,0.0,0.0,0.0
feature.Area.og2.CWHvm_HW_FDC_H,7,70,10,0.0,10000.0,1.0,1.0,0.0,0.0,0.0
feature.Area.og2.CWHvm_HW_FDC_H,8,80,10,0.0,10000.0,1.0,1.0,0.0,0.0,0.0
feature.Area.og2.CWHvm_HW_FDC_H,9,90,10,0.0,10000.0,1.0,1.0,0.0,0.0,0.0
feature.Area.og2.CWHvm_HW_FDC_H,10,100,10,0.0,10000.0,1.0,1.0,0.0,0.0,0.0
feature.Area.og2.CWHvm_HW_FDC_H,11,110,10,0.0,10000.0,1.0,1.0,0.0,0.0,0.0
feature.Area.og2.CWHvm_HW_FDC_H,12,120,10,0.0,10000.0,1.0,1.0,0.0,0.0,0.0
feature.Area.og2.CWHvm_HW_FDC_H,13,130,10,0.0,10000.0,1.0,1.0,5.8520002365112305,0.0,0.0
feature.Area.og2.CWHvm_HW_FDC_H,14,140,10,0.0,10000.0,1.0,1.0,5.8520002365112305,0.0,0.0
feature.Area.og2.CWHvm_HW_FDC_H,15,150,10,0.0,10000.0,1.0,1.0,9.12600040435791,0.0,0.0
feature.Area.og2.CWHvm_HW_FDC_H,16,160,10,0.0,10000.0,1.0,1.0,9.12600040435791,0.0,0.0
feature.Area.og2.CWHvm_HW_FDC_H,17,170,10,0.0,10000.0,1.0,1.0,9.12600040435791,0.0,0.0
feature.Area.og2.CWHvm_HW_FDC_H,18,180,10,0.0,10000.0,1.0,1.0,9.12600040435791,0.0,0.0
feature.Area.og2.CWHvm_HW_FDC_H,19,190,10,0.0,10000.0,1.0,1.0,17.111000061035156,0.0,0.0
feature.Area.og2.CWHvm_HW_FDC_H,20,200,10,0.0,10000.0,1.0,1.0,51.3849983215332,0.0,0.0
feature.Area.og2.CWHvm_HW_FDC_H,21,210,10,0.0,10000.0,1.0,1.0,50.893001556396484,0.0,0.0
feature.Area.og2.CWHvm_HW_FDC_H,22,220,10,0.0,10000.0,1.0,1.0,50.893001556396484,0.0,0.0
feature.Area.og2.CWHvm_HW_FDC_H,23,230,10,0.0,10000.0,1.0,1.0,50.893001556396484,0.0,0.0
feature.Area.og2.CWHvm_HW_FDC_H,24,240,10,0.0,10000.0,1.0,1.0,42.691001892089844,0.0,0.0
feature.Area.og2.CWHvm_HW_FDC_H,25,250,10,0.0,10000.0,1.0,1.0,42.691001892089844,0.0,0.0
feature.Area.og2.CWHvm_HW_FDC_H,26,260,10,0.0,10000.0,1.0,1.0,37.007999420166016,0.0,0.0
feature.Area.og2.CWHvm_HW_FDC_H,27,270,10,0.0,10000.0,1.0,1.0,37.007999420166016,0.0,0.0
feature.Area.og2.CWHvm_HW_FDC_H,28,280,10,0.0,10000.0,1.0,1.0,37.007999420166016,0.0,0.0
feature.Area.og2.CWHvm_HW_FDC_H,29,290,10,0.0,10000.0,1.0,1.0,37.007999420166016,0.0,0.0
feature.Area.og2.CWHvm_HW_FDC_H,30,300,10,0.0,10000.0,1.0,1.0,37.007999420166016,0.0,0.0
feature.Area.og2.CWHvm_HW_FDC_L,0,0,10,0.0,10000.0,1.0,1.0,0.0,0.0,0.0
feature.Area.og2.CWHvm_HW_FDC_L,1,10,10,0.0,10000.0,1.0,1.0,0.0,0.0,0.0
feature.Area.og2.CWHvm_HW_FDC_L,2,20,10,0.0,10000.0,1.0,1.0,3.890000104904175,0.0,0.0
feature.Area.og2.CWHvm_HW_FDC_L,3,30,10,0.0,10000.0,1.0,1.0,3.890000104904175,0.0,0.0
feature.Area.og2.CWHvm_HW_FDC_L,4,40,10,0.0,10000.0,1.0,1.0,3.890000104904175,0.0,0.0
feature.Area.og2.CWHvm_HW_FDC_L,5,50,10,0.0,10000.0,1.0,1.0,3.890000104904175,0.0,0.0
feature.Area.og2.CWHvm_HW_FDC_L,6,60,10,0.0,10000.0,1.0,1.0,3.890000104904175,0.0,0.0
feature.Area.og2.CWHvm_HW_FDC_L,7,70,10,0.0,10000.0,1.0,1.0,3.890000104904175,0.0,0.0
feature.Area.og2.CWHvm_HW_FDC_L,8,80,10,0.0,10000.0,1.0,1.0,3.890000104904175,0.0,0.0
feature.Area.og2.CWHvm_HW_FDC_L,9,90,10,0.0,10000.0,1.0,1.0,0.0,0.0,0.0
feature.Area.og2.CWHvm_HW_FDC_L,10,100,10,0.0,10000.0,1.0,1.0,0.0,0.0,0.0
feature.Area.og2.CWHvm_HW_FDC_L,11,110,10,0.0,10000.0,1.0,1.0,0.0,0.0,0.0
feature.Area.og2.CWHvm_HW_FDC_L,12,120,10,0.0,10000.0,1.0,1.0,0.0,0.0,0.0
feature.Area.og2.CWHvm_HW_FDC_L,13,130,10,0.0,10000.0,1.0,1.0,2.1050000190734863,0.0,0.0
feature.Area.og2.CWHvm_HW_FDC_L,14,140,10,0.0,10000.0,1.0,1.0,2.1050000190734863,0.0,0.0
feature.Area.og2.CWHvm_HW_FDC_L,15,150,10,0.0,10000.0,1.0,1.0,2.1050000190734863,0.0,0.0
feature.Area.og2.CWHvm_HW_FDC_L,16,160,10,0.0,10000.0,1.0,1.0,2.1050000190734863,0.0,0.0
feature.Area.og2.CWHvm_HW_FDC_L,17,170,10,0.0,10000.0,1.0,1.0,2.1050000190734863,0.0,0.0
feature.Area.og2.CWHvm_HW_FDC_L,18,180,10,0.0,10000.0,1.0,1.0,2.933000087738037,0.0,0.0
feature.Area.og2.CWHvm_HW_FDC_L,19,190,10,0.0,10000.0,1.0,1.0,3.0460000038146973,0.0,0.0
feature.Area.og2.CWHvm_HW_FDC_L,20,200,10,0.0,10000.0,1.0,1.0,20.479000091552734,0.0,0.0
feature.Area.og2.CWHvm_HW_FDC_L,21,210,10,0.0,10000.0,1.0,1.0,26.659000396728516,0.0,0.0
feature.Area.og2.CWHvm_HW_FDC_L,22,220,10,0.0,10000.0,1.0,1.0,26.659000396728516,0.0,0.0
feature.Area.og2.CWHvm_HW_FDC_L,23,230,10,0.0,10000.0,1.0,1.0,26.659000396728516,0.0,0.0
feature.Area.og2.CWHvm_HW_FDC_L,24,240,10,0.0,10000.0,1.0,1.0,26.659000396728516,0.0,0.0
feature.Area.og2.CWHvm_HW_FDC_L,25,250,10,0.0,10000.0,1.0,1.0,26.659000396728516,0.0,0.0
feature.Area.og2.CWHvm_HW_FDC_L,26,260,10,0.0,10000.0,1.0,1.0,22.937999725341797,0.0,0.0
feature.Area.og2.CWHvm_HW_FDC_L,27,270,10,0.0,10000.0,1.0,1.0,22.937999725341797,0.0,0.0
feature.Area.og2.CWHvm_HW_FDC_L,28,280,10,0.0,10000.0,1.0,1.0,22.937999725341797,0.0,0.0
feature.Area.og2.CWHvm_HW_FDC_L,29,290,10,0.0,10000.0,1.0,1.0,22.937999725341797,0.0,0.0
feature.Area.og2.CWHvm_HW_FDC_L,30,300,10,0.0,10000.0,1.0,1.0,22.937999725341797,0.0,0.0
feature.Area.og2.CWHvm_HW_SS_M,0,0,10,0.0,10000.0,1.0,1.0,0.0,0.0,0.0
feature.Area.og2.CWHvm_HW_SS_M,1,10,10,0.0,10000.0,1.0,1.0,0.0,0.0,0.0
feature.Area.og2.CWHvm_HW_SS_M,2,20,10,0.0,10000.0,1.0,1.0,0.0,0.0,0.0
feature.Area.og2.CWHvm_HW_SS_M,3,30,10,0.0,10000.0,1.0,1.0,0.0,0.0,0.0
feature.Area.og2.CWHvm_HW_SS_M,4,40,10,0.0,10000.0,1.0,1.0,0.0,0.0,0.0
feature.Area.og2.CWHvm_HW_SS_M,5,50,10,0.0,10000.0,1.0,1.0,0.0,0.0,0.0
feature.Area.og2.CWHvm_HW_SS_M,6,60,10,0.0,10000.0,1.0,1.0,0.0,0.0,0.0
feature.Area.og2.CWHvm_HW_SS_M,7,70,10,0.0,10000.0,1.0,1.0,0.0,0.0,0.0
feature.Area.og2.CWHvm_HW_SS_M,8,80,10,0.0,10000.0,1.0,1.0,0.0,0.0,0.0
feature.Area.og2.CWHvm_HW_SS_M,9,90,10,0.0,10000.0,1.0,1.0,0.0,0.0,0.0
feature.Area.og2.CWHvm_HW_SS_M,10,100,10,0.0,10000.0,1.0,1.0,0.0,0.0,0.0
feature.Area.og2.CWHvm_HW_SS_M,11,110,10,0.0,10000.0,1.0,1.0,0.0,0.0,0.0
feature.Area.og2.CWHvm_HW_SS_M,12,120,10,0.0,10000.0,1.0,1.0,0.0,0.0,0.0
feature.Area.og2.CWHvm_HW_SS_M,13,130,10,0.0,10000.0,1.0,1.0,0.0,0.0,0.0
feature.Area.og2.CWHvm_HW_SS_M,14,140,10,0.0,10000.0,1.0,1.0,0.0,0.0,0.0
feature.Area.og2.CWHvm_HW_SS_M,15,150,10,0.0,10000.0,1.0,1.0,0.0,0.0,0.0
feature.Area.og2.CWHvm_HW_SS_M,16,160,10,0.0,10000.0,1.0,1.0,0.0,0.0,0.0
feature.Area.og2.CWHvm_HW_SS_M,17,170,10,0.0,10000.0,1.0,1.0,0.0,0.0,0.0
feature.Area.og2.CWHvm_HW_SS_M,18,180,10,0.0,10000.0,1.0,1.0,0.0,0.0,0.0
feature.Area.og2.CWHvm_HW_SS_M,19,190,10,0.0,10000.0,1.0,1.0,24.50200080871582,0.0,0.0
feature.Area.og2.CWHvm_HW_SS_M,20,200,10,0.0,10000.0,1.0,1.0,24.50200080871582,0.0,0.0
feature.Area.og2.CWHvm_HW_SS_M,21,210,10,0.0,10000.0,1.0,1.0,25.101999282836914,0.0,0.0
feature.Area.og2.CWHvm_HW_SS_M,22,220,10,0.0,10000.0,1.0,1.0,25.101999282836914,0.0,0.0
feature.Area.og2.CWHvm_HW_SS_M,23,230,10,0.0,10000.0,1.0,1.0,25.101999282836914,0.0,0.0
feature.Area.og2.CWHvm_HW_SS_M,24,240,10,0.0,10000.0,1.0,1.0,5.5960001945495605,0.0,0.0
feature.Area.og2.CWHvm_HW_SS_M,25,250,10,0.0,10000.0,1.0,1.0,5.5960001945495605,0.0,0.0
feature.Area.og2.CWHvm_HW_SS_M,26,260,10,0.0,10000.0,1.0,1.0,5.5960001945495605,0.0,0.0
feature.Area.og2.CWHvm_HW_SS_M,27,270,10,0.0,10000.0,1.0,1.0,5.5960001945495605,0.0,0.0
feature.Area.og2.CWHvm_HW_SS_M,28,280,10,0.0,10000.0,1.0,1.0,5.5960001945495605,0.0,0.0
feature.Area.og2.CWHvm_HW_SS_M,29,290,10,0.0,10000.0,1.0,1.0,5.5960001945495605,0.0,0.0
feature.Area.og2.CWHvm_HW_SS_M,30,300,10,0.0,10000.0,1.0,1.0,5.5960001945495605,0.0,0.0
feature.Area.og2.total,0,0,10,0.0,10000.0,1.0,1.0,250.70700073242188,0.0,0.0
feature.Area.og2.total,1,10,10,0.0,10000.0,1.0,1.0,247.197998046875,0.0,0.0
feature.Area.og2.total,2,20,10,0.0,10000.0,1.0,1.0,256.38800048828125,0.0,0.0
feature.Area.og2.total,3,30,10,0.0,10000.0,1.0,1.0,223.15499877929688,0.0,0.0
feature.Area.og2.total,4,40,10,0.0,10000.0,1.0,1.0,223.15499877929688,0.0,0.0
feature.Area.og2.total,5,50,10,0.0,10000.0,1.0,1.0,225.8040008544922,0.0,0.0
feature.Area.og2.total,6,60,10,0.0,10000.0,1.0,1.0,225.78900146484375,0.0,0.0
feature.Area.og2.total,7,70,10,0.0,10000.0,1.0,1.0,186.4320068359375,0.0,0.0
feature.Area.og2.total,8,80,10,0.0,10000.0,1.0,1.0,171.93099975585938,0.0,0.0
feature.Area.og2.total,9,90,10,0.0,10000.0,1.0,1.0,159.56399536132812,0.0,0.0
feature.Area.og2.total,10,100,10,0.0,10000.0,1.0,1.0,129.96499633789062,0.0,0.0
feature.Area.og2.total,11,110,10,0.0,10000.0,1.0,1.0,129.96499633789062,0.0,0.0
feature.Area.og2.total,12,120,10,0.0,10000.0,1.0,1.0,120.88200378417969,0.0,0.0
feature.Area.og2.total,13,130,10,0.0,10000.0,1.0,1.0,156.9010009765625,0.0,0.0
feature.Area.og2.total,14,140,10,0.0,10000.0,1.0,1.0,156.9010009765625,0.0,0.0
feature.Area.og2.total,15,150,10,0.0,10000.0,1.0,1.0,150.7469940185547,0.0,0.0
feature.Area.og2.total,16,160,10,0.0,10000.0,1.0,1.0,150.7469940185547,0.0,0.0
feature.Area.og2.total,17,170,10,0.0,10000.0,1.0,1.0,148.10800170898438,0.0,0.0
feature.Area.og2.total,18,180,10,0.0,10000.0,1.0,1.0,136.61500549316406,0.0,0.0
feature.Area.og2.total,19,190,10,0.0,10000.0,1.0,1.0,169.22000122070312,0.0,0.0
feature.Area.og2.total,20,200,10,0.0,10000.0,1.0,1.0,284.4530029296875,0.0,0.0
feature.Area.og2.total,21,210,10,0.0,10000.0,1.0,1.0,430.5360107421875,0.0,0.0
feature.Area.og2.total,22,220,10,0.0,10000.0,1.0,1.0,426.2200012207031,0.0,0.0
feature.Area.og2.total,23,230,10,0.0,10000.0,1.0,1.0,426.2200012207031,0.0,0.0
feature.Area.og2.total,24,240,10,0.0,10000.0,1.0,1.0,380.5,0.0,0.0
feature.Area.og2.total,25,250,10,0.0,10000.0,1.0,1.0,357.2820129394531,0.0,0.0
feature.Area.og2.total,26,260,10,0.0,10000.0,1.0,1.0,346.09100341796875,0.0,0.0
feature.Area.og2.total,27,270,10,0.0,10000.0,1.0,1.0,346.09100341796875,0.0,0.0
feature.Area.og2.total,28,280,10,0.0,10000.0,1.0,1.0,330.8009948730469,0.0,0.0
feature.Area.og2.total,29,290,10,0.0,10000.0,1.0,1.0,292.92999267578125,0.0,0.0
feature.Area.og2.total,30,300,10,0.0,10000.0,1.0,1.0,292.92999267578125,0.0,0.0
feature.Area.managed,0,0,10,0.0,10000.0,1.0,1.0,1617.0140380859375,0.0,0.0
feature.Area.managed,1,10,10,0.0,10000.0,1.0,1.0,1617.0140380859375,0.0,0.0
feature.Area.managed,2,20,10,0.0,10000.0,1.0,1.0,1617.0140380859375,0.0,0.0
feature.Area.managed,3,30,10,0.0,10000.0,1.0,1.0,1617.0140380859375,0.0,0.0
feature.Area.managed,4,40,10,0.0,10000.0,1.0,1.0,1617.0140380859375,0.0,0.0
feature.Area.managed,5,50,10,0.0,10000.0,1.0,1.0,1617.0140380859375,0.0,0.0
feature.Area.managed,6,60,10,0.0,10000.0,1.0,1.0,1617.0140380859375,0.0,0.0
feature.Area.managed,7,70,10,0.0,10000.0,1.0,1.0,1617.0140380859375,0.0,0.0
feature.Area.managed,8,80,10,0.0,10000.0,1.0,1.0,1617.0140380859375,0.0,0.0
feature.Area.managed,9,90,10,0.0,10000.0,1.0,1.0,1617.0140380859375,0.0,0.0
feature.Area.managed,10,100,10,0.0,10000.0,1.0,1.0,1617.0140380859375,0.0,0.0
feature.Area.managed,11,110,10,0.0,10000.0,1.0,1.0,1617.0140380859375,0.0,0.0
feature.Area.managed,12,120,10,0.0,10000.0,1.0,1.0,1617.0140380859375,0.0,0.0
feature.Area.managed,13,130,10,0.0,10000.0,1.0,1.0,1617.0140380859375,0.0,0.0
feature.Area.managed,14,140,10,0.0,10000.0,1.0,1.0,1617.0140380859375,0.0,0.0
feature.Area.managed,15,150,10,0.0,10000.0,1.0,1.0,1617.0140380859375,0.0,0.0
feature.Area.managed,16,160,10,0.0,10000.0,1.0,1.0,1617.0140380859375,0.0,0.0
feature.Area.managed,17,170,10,0.0,10000.0,1.0,1.0,1617.0140380859375,0.0,0.0
feature.Area.managed,18,180,10,0.0,10000.0,1.0,1.0,1617.0140380859375,0.0,0.0
feature.Area.managed,19,190,10,0.0,10000.0,1.0,1.0,1617.0140380859375,0.0,0.0
feature.Area.managed,20,200,10,0.0,10000.0,1.0,1.0,1617.0140380859375,0.0,0.0
feature.Area.managed,21,210,10,0.0,10000.0,1.0,1.0,1617.0140380859375,0.0,0.0
feature.Area.managed,22,220,10,0.0,10000.0,1.0,1.0,1617.0140380859375,0.0,0.0
feature.Area.managed,23,230,10,0.0,10000.0,1.0,1.0,1617.0140380859375,0.0,0.0
feature.Area.managed,24,240,10,0.0,10000.0,1.0,1.0,1617.0140380859375,0.0,0.0
feature.Area.managed,25,250,10,0.0,10000.0,1.0,1.0,1617.0140380859375,0.0,0.0
feature.Area.managed,26,260,10,0.0,10000.0,1.0,1.0,1617.0140380859375,0.0,0.0
feature.Area.managed,27,270,10,0.0,10000.0,1.0,1.0,1617.0140380859375,0.0,0.0
feature.Area.managed,28,280,10,0.0,10000.0,1.0,1.0,1617.0140380859375,0.0,0.0
feature.Area.managed,29,290,10,0.0,10000.0,1.0,1.0,1617.0140380859375,0.0,0.0
feature.Area.managed,30,300,10,0.0,10000.0,1.0,1.0,1617.0140380859375,0.0,0.0
feature.Area.unmanaged,0,0,10,0.0,10000.0,1.0,1.0,164.3070068359375,0.0,0.0
feature.Area.unmanaged,1,10,10,0.0,10000.0,1.0,1.0,164.3070068359375,0.0,0.0
feature.Area.unmanaged,2,20,10,0.0,10000.0,1.0,1.0,164.3070068359375,0.0,0.0
feature.Area.unmanaged,3,30,10,0.0,10000.0,1.0,1.0,164.3070068359375,0.0,0.0
feature.Area.unmanaged,4,40,10,0.0,10000.0,1.0,1.0,164.3070068359375,0.0,0.0
feature.Area.unmanaged,5,50,10,0.0,10000.0,1.0,1.0,164.3070068359375,0.0,0.0
feature.Area.unmanaged,6,60,10,0.0,10000.0,1.0,1.0,164.3070068359375,0.0,0.0
feature.Area.unmanaged,7,70,10,0.0,10000.0,1.0,1.0,164.3070068359375,0.0,0.0
feature.Area.unmanaged,8,80,10,0.0,10000.0,1.0,1.0,164.3070068359375,0.0,0.0
feature.Area.unmanaged,9,90,10,0.0,10000.0,1.0,1.0,164.3070068359375,0.0,0.0
feature.Area.unmanaged,10,100,10,0.0,10000.0,1.0,1.0,164.3070068359375,0.0,0.0
feature.Area.unmanaged,11,110,10,0.0,10000.0,1.0,1.0,164.3070068359375,0.0,0.0
feature.Area.unmanaged,12,120,10,0.0,10000.0,1.0,1.0,164.3070068359375,0.0,0.0
feature.Area.unmanaged,13,130,10,0.0,10000.0,1.0,1.0,164.3070068359375,0.0,0.0
feature.Area.unmanaged,14,140,10,0.0,10000.0,1.0,1.0,164.3070068359375,0.0,0.0
feature.Area.unmanaged,15,150,10,0.0,10000.0,1.0,1.0,164.3070068359375,0.0,0.0
feature.Area.unmanaged,16,160,10,0.0,10000.0,1.0,1.0,164.3070068359375,0.0,0.0
feature.Area.unmanaged,17,170,10,0.0,10000.0,1.0,1.0,164.3070068359375,0.0,0.0
feature.Area.unmanaged,18,180,10,0.0,10000.0,1.0,1.0,164.3070068359375,0.0,0.0
feature.Area.unmanaged,19,190,10,0.0,10000.0,1.0,1.0,164.3070068359375,0.0,0.0
feature.Area.unmanaged,20,200,10,0.0,10000.0,1.0,1.0,164.3070068359375,0.0,0.0
feature.Area.unmanaged,21,210,10,0.0,10000.0,1.0,1.0,164.3070068359375,0.0,0.0
feature.Area.unmanaged,22,220,10,0.0,10000.0,1.0,1.0,164.3070068359375,0.0,0.0
feature.Area.unmanaged,23,230,10,0.0,10000.0,1.0,1.0,164.3070068359375,0.0,0.0
feature.Area.unmanaged,24,240,10,0.0,10000.0,1.0,1.0,164.3070068359375,0.0,0.0
feature.Area.unmanaged,25,250,10,0.0,10000.0,1.0,1.0,164.3070068359375,0.0,0.0
feature.Area.unmanaged,26,260,10,0.0,10000.0,1.0,1.0,164.3070068359375,0.0,0.0
feature.Area.unmanaged,27,270,10,0.0,10000.0,1.0,1.0,164.3070068359375,0.0,0.0
feature.Area.unmanaged,28,280,10,0.0,10000.0,1.0,1.0,164.3070068359375,0.0,0.0
feature.Area.unmanaged,29,290,10,0.0,10000.0,1.0,1.0,164.3070068359375,0.0,0.0
feature.Area.unmanaged,30,300,10,0.0,10000.0,1.0,1.0,164.3070068359375,0.0,0.0
feature.Seral.CWHvm_CW_HW_M.immature,0,0,10,0.0,10000.0,1.0,1.0,98.16300201416016,0.0,0.0
feature.Seral.CWHvm_CW_HW_M.immature,1,10,10,0.0,10000.0,1.0,1.0,98.16300201416016,0.0,0.0
feature.Seral.CWHvm_CW_HW_M.immature,2,20,10,0.0,10000.0,1.0,1.0,98.16300201416016,0.0,0.0
feature.Seral.CWHvm_CW_HW_M.immature,3,30,10,0.0,10000.0,1.0,1.0,103.8740005493164,0.0,0.0
feature.Seral.CWHvm_CW_HW_M.immature,4,40,10,0.0,10000.0,1.0,1.0,108.95899963378906,0.0,0.0
feature.Seral.CWHvm_CW_HW_M.immature,5,50,10,0.0,10000.0,1.0,1.0,146.21600341796875,0.0,0.0
feature.Seral.CWHvm_CW_HW_M.immature,6,60,10,0.0,10000.0,1.0,1.0,133.93600463867188,0.0,0.0
feature.Seral.CWHvm_CW_HW_M.immature,7,70,10,0.0,10000.0,1.0,1.0,87.38099670410156,0.0,0.0
feature.Seral.CWHvm_CW_HW_M.immature,8,80,10,0.0,10000.0,1.0,1.0,55.63199996948242,0.0,0.0
feature.Seral.CWHvm_CW_HW_M.immature,9,90,10,0.0,10000.0,1.0,1.0,92.04499816894531,0.0,0.0
feature.Seral.CWHvm_CW_HW_M.immature,10,100,10,0.0,10000.0,1.0,1.0,157.9949951171875,0.0,0.0
feature.Seral.CWHvm_CW_HW_M.immature,11,110,10,0.0,10000.0,1.0,1.0,159.21400451660156,0.0,0.0
feature.Seral.CWHvm_CW_HW_M.immature,12,120,10,0.0,10000.0,1.0,1.0,152.74099731445312,0.0,0.0
feature.Seral.CWHvm_CW_HW_M.immature,13,130,10,0.0,10000.0,1.0,1.0,176.447998046875,0.0,0.0
feature.Seral.CWHvm_CW_HW_M.immature,14,140,10,0.0,10000.0,1.0,1.0,161.01300048828125,0.0,0.0
feature.Seral.CWHvm_CW_HW_M.immature,15,150,10,0.0,10000.0,1.0,1.0,156.4759979248047,0.0,0.0
feature.Seral.CWHvm_CW_HW_M.immature,16,160,10,0.0,10000.0,1.0,1.0,163.177001953125,0.0,0.0
feature.Seral.CWHvm_CW_HW_M.immature,17,170,10,0.0,10000.0,1.0,1.0,182.79800415039062,0.0,0.0
feature.Seral.CWHvm_CW_HW_M.immature,18,180,10,0.0,10000.0,1.0,1.0,122.00299835205078,0.0,0.0
feature.Seral.CWHvm_CW_HW_M.immature,19,190,10,0.0,10000.0,1.0,1.0,103.75499725341797,0.0,0.0
feature.Seral.CWHvm_CW_HW_M.immature,20,200,10,0.0,10000.0,1.0,1.0,99.13800048828125,0.0,0.0
feature.Seral.CWHvm_CW_HW_M.immature,21,210,10,0.0,10000.0,1.0,1.0,171.54200744628906,0.0,0.0
feature.Seral.CWHvm_CW_HW_M.immature,22,220,10,0.0,10000.0,1.0,1.0,170.51699829101562,0.0,0.0
feature.Seral.CWHvm_CW_HW_M.immature,23,230,10,0.0,10000.0,1.0,1.0,146.76199340820312,0.0,0.0
feature.Seral.CWHvm_CW_HW_M.immature,24,240,10,0.0,10000.0,1.0,1.0,141.28799438476562,0.0,0.0
feature.Seral.CWHvm_CW_HW_M.immature,25,250,10,0.0,10000.0,1.0,1.0,137.05499267578125,0.0,0.0
feature.Seral.CWHvm_CW_HW_M.immature,26,260,10,0.0,10000.0,1.0,1.0,119.91899871826172,0.0,0.0
feature.Seral.CWHvm_CW_HW_M.immature,27,270,10,0.0,10000.0,1.0,1.0,122.60299682617188,0.0,0.0
feature.Seral.CWHvm_CW_HW_M.immature,28,280,10,0.0,10000.0,1.0,1.0,227.58700561523438,0.0,0.0
feature.Seral.CWHvm_CW_HW_M.immature,29,290,10,0.0,10000.0,1.0,1.0,230.11599731445312,0.0,0.0
feature.Seral.CWHvm_CW_HW_M.immature,30,300,10,0.0,10000.0,1.0,1.0,176.927001953125,0.0,0.0
feature.Seral.CWHvm_CW_HW_M.mature,0,0,10,0.0,10000.0,1.0,1.0,7.53000020980835,0.0,0.0
feature.Seral.CWHvm_CW_HW_M.mature,1,10,10,0.0,10000.0,1.0,1.0,7.53000020980835,0.0,0.0
feature.Seral.CWHvm_CW_HW_M.mature,2,20,10,0.0,10000.0,1.0,1.0,6.709000110626221,0.0,0.0
feature.Seral.CWHvm_CW_HW_M.mature,3,30,10,0.0,10000.0,1.0,1.0,3.3489999771118164,0.0,0.0
feature.Seral.CWHvm_CW_HW_M.mature,4,40,10,0.0,10000.0,1.0,1.0,5.164999961853027,0.0,0.0
feature.Seral.CWHvm_CW_HW_M.mature,5,50,10,0.0,10000.0,1.0,1.0,5.164999961853027,0.0,0.0
feature.Seral.CWHvm_CW_HW_M.mature,6,60,10,0.0,10000.0,1.0,1.0,22.764999389648438,0.0,0.0
feature.Seral.CWHvm_CW_HW_M.mature,7,70,10,0.0,10000.0,1.0,1.0,22.764999389648438,0.0,0.0
feature.Seral.CWHvm_CW_HW_M.mature,8,80,10,0.0,10000.0,1.0,1.0,31.77899932861328,0.0,0.0
feature.Seral.CWHvm_CW_HW_M.mature,9,90,10,0.0,10000.0,1.0,1.0,32.196998596191406,0.0,0.0
feature.Seral.CWHvm_CW_HW_M.mature,10,100,10,0.0,10000.0,1.0,1.0,32.196998596191406,0.0,0.0
feature.Seral.CWHvm_CW_HW_M.mature,11,110,10,0.0,10000.0,1.0,1.0,25.27400016784668,0.0,0.0
feature.Seral.CWHvm_CW_HW_M.mature,12,120,10,0.0,10000.0,1.0,1.0,25.27400016784668,0.0,0.0
feature.Seral.CWHvm_CW_HW_M.mature,13,130,10,0.0,10000.0,1.0,1.0,30.38800048828125,0.0,0.0
feature.Seral.CWHvm_CW_HW_M.mature,14,140,10,0.0,10000.0,1.0,1.0,46.106998443603516,0.0,0.0
feature.Seral.CWHvm_CW_HW_M.mature,15,150,10,0.0,10000.0,1.0,1.0,45.2859992980957,0.0,0.0
feature.Seral.CWHvm_CW_HW_M.mature,16,160,10,0.0,10000.0,1.0,1.0,20.017000198364258,0.0,0.0
feature.Seral.CWHvm_CW_HW_M.mature,17,170,10,0.0,10000.0,1.0,1.0,20.017000198364258,0.0,0.0
feature.Seral.CWHvm_CW_HW_M.mature,18,180,10,0.0,10000.0,1.0,1.0,20.04199981689453,0.0,0.0
feature.Seral.CWHvm_CW_HW_M.mature,19,190,10,0.0,10000.0,1.0,1.0,38.290000915527344,0.0,0.0
feature.Seral.CWHvm_CW_HW_M.mature,20,200,10,0.0,10000.0,1.0,1.0,36.25400161743164,0.0,0.0
feature.Seral.CWHvm_CW_HW_M.mature,21,210,10,0.0,10000.0,1.0,1.0,38.06999969482422,0.0,0.0
feature.Seral.CWHvm_CW_HW_M.mature,22,220,10,0.0,10000.0,1.0,1.0,23.594999313354492,0.0,0.0
feature.Seral.CWHvm_CW_HW_M.mature,23,230,10,0.0,10000.0,1.0,1.0,59.69900131225586,0.0,0.0
feature.Seral.CWHvm_CW_HW_M.mature,24,240,10,0.0,10000.0,1.0,1.0,67.01799774169922,0.0,0.0
feature.Seral.CWHvm_CW_HW_M.mature,25,250,10,0.0,10000.0,1.0,1.0,34.06700134277344,0.0,0.0
feature.Seral.CWHvm_CW_HW_M.mature,26,260,10,0.0,10000.0,1.0,1.0,5.111999988555908,0.0,0.0
feature.Seral.CWHvm_CW_HW_M.mature,27,270,10,0.0,10000.0,1.0,1.0,12.72599983215332,0.0,0.0
feature.Seral.CWHvm_CW_HW_M.mature,28,280,10,0.0,10000.0,1.0,1.0,13.256999969482422,0.0,0.0
feature.Seral.CWHvm_CW_HW_M.mature,29,290,10,0.0,10000.0,1.0,1.0,11.440999984741211,0.0,0.0
feature.Seral.CWHvm_CW_HW_M.mature,30,300,10,0.0,10000.0,1.0,1.0,29.788999557495117,0.0,0.0
feature.Seral.CWHvm_CW_HW_M.overmature,0,0,10,0.0,10000.0,1.0,1.0,184.4199981689453,0.0,0.0
feature.Seral.CWHvm_CW_HW_M.overmature,1,10,10,0.0,10000.0,1.0,1.0,178.70899963378906,0.0,0.0
feature.Seral.CWHvm_CW_HW_M.overmature,2,20,10,0.0,10000.0,1.0,1.0,156.90499877929688,0.0,0.0
feature.Seral.CWHvm_CW_HW_M.overmature,3,30,10,0.0,10000.0,1.0,1.0,133.41200256347656,0.0,0.0
feature.Seral.CWHvm_CW_HW_M.overmature,4,40,10,0.0,10000.0,1.0,1.0,133.41200256347656,0.0,0.0
feature.Seral.CWHvm_CW_HW_M.overmature,5,50,10,0.0,10000.0,1.0,1.0,133.41200256347656,0.0,0.0
feature.Seral.CWHvm_CW_HW_M.overmature,6,60,10,0.0,10000.0,1.0,1.0,133.38699340820312,0.0,0.0
feature.Seral.CWHvm_CW_HW_M.overmature,7,70,10,0.0,10000.0,1.0,1.0,105.04399871826172,0.0,0.0
feature.Seral.CWHvm_CW_HW_M.overmature,8,80,10,0.0,10000.0,1.0,1.0,98.1050033569336,0.0,0.0
feature.Seral.CWHvm_CW_HW_M.overmature,9,90,10,0.0,10000.0,1.0,1.0,97.677001953125,0.0,0.0
feature.Seral.CWHvm_CW_HW_M.overmature,10,100,10,0.0,10000.0,1.0,1.0,68.0780029296875,0.0,0.0
feature.Seral.CWHvm_CW_HW_M.overmature,11,110,10,0.0,10000.0,1.0,1.0,68.0780029296875,0.0,0.0
feature.Seral.CWHvm_CW_HW_M.overmature,12,120,10,0.0,10000.0,1.0,1.0,60.672000885009766,0.0,0.0
feature.Seral.CWHvm_CW_HW_M.overmature,13,130,10,0.0,10000.0,1.0,1.0,60.672000885009766,0.0,0.0
feature.Seral.CWHvm_CW_HW_M.overmature,14,140,10,0.0,10000.0,1.0,1.0,60.676998138427734,0.0,0.0
feature.Seral.CWHvm_CW_HW_M.overmature,15,150,10,0.0,10000.0,1.0,1.0,48.57899856567383,0.0,0.0
feature.Seral.CWHvm_CW_HW_M.overmature,16,160,10,0.0,10000.0,1.0,1.0,73.8479995727539,0.0,0.0
feature.Seral.CWHvm_CW_HW_M.overmature,17,170,10,0.0,10000.0,1.0,1.0,68.1520004272461,0.0,0.0
feature.Seral.CWHvm_CW_HW_M.overmature,18,180,10,0.0,10000.0,1.0,1.0,68.1520004272461,0.0,0.0
feature.Seral.CWHvm_CW_HW_M.overmature,19,190,10,0.0,10000.0,1.0,1.0,68.1520004272461,0.0,0.0
feature.Seral.CWHvm_CW_HW_M.overmature,20,200,10,0.0,10000.0,1.0,1.0,68.1520004272461,0.0,0.0
feature.Seral.CWHvm_CW_HW_M.overmature,21,210,10,0.0,10000.0,1.0,1.0,68.1520004272461,0.0,0.0
feature.Seral.CWHvm_CW_HW_M.overmature,22,220,10,0.0,10000.0,1.0,1.0,68.1520004272461,0.0,0.0
feature.Seral.CWHvm_CW_HW_M.overmature,23,230,10,0.0,10000.0,1.0,1.0,68.1520004272461,0.0,0.0
feature.Seral.CWHvm_CW_HW_M.overmature,24,240,10,0.0,10000.0,1.0,1.0,68.1520004272461,0.0,0.0
feature.Seral.CWHvm_CW_HW_M.overmature,25,250,10,0.0,10000.0,1.0,1.0,44.933998107910156,0.0,0.0
feature.Seral.CWHvm_CW_HW_M.overmature,26,260,10,0.0,10000.0,1.0,1.0,44.95899963378906,0.0,0.0
feature.Seral.CWHvm_CW_HW_M.overmature,27,270,10,0.0,10000.0,1.0,1.0,46.7400016784668,0.0,0.0
feature.Seral.CWHvm_CW_HW_M.overmature,28,280,10,0.0,10000.0,1.0,1.0,46.71500015258789,0.0,0.0
feature.Seral.CWHvm_CW_HW_M.overmature,29,290,10,0.0,10000.0,1.0,1.0,48.53099822998047,0.0,0.0
feature.Seral.CWHvm_CW_HW_M.overmature,30,300,10,0.0,10000.0,1.0,1.0,48.95899963378906,0.0,0.0
feature.Seral.CWHvm_CW_HW_M.regenerating,0,0,10,0.0,10000.0,1.0,1.0,0.0,0.0,0.0
feature.Seral.CWHvm_CW_HW_M.regenerating,1,10,10,0.0,10000.0,1.0,1.0,0.0,0.0,0.0
feature.Seral.CWHvm_CW_HW_M.regenerating,2,20,10,0.0,10000.0,1.0,1.0,15.723999977111816,0.0,0.0
feature.Seral.CWHvm_CW_HW_M.regenerating,3,30,10,0.0,10000.0,1.0,1.0,5.320000171661377,0.0,0.0
feature.Seral.CWHvm_CW_HW_M.regenerating,4,40,10,0.0,10000.0,1.0,1.0,0.0,0.0,0.0
feature.Seral.CWHvm_CW_HW_M.regenerating,5,50,10,0.0,10000.0,1.0,1.0,0.0,0.0,0.0
feature.Seral.CWHvm_CW_HW_M.regenerating,6,60,10,0.0,10000.0,1.0,1.0,0.0,0.0,0.0
feature.Seral.CWHvm_CW_HW_M.regenerating,7,70,10,0.0,10000.0,1.0,1.0,38.06700134277344,0.0,0.0
feature.Seral.CWHvm_CW_HW_M.regenerating,8,80,10,0.0,10000.0,1.0,1.0,1.815999984741211,0.0,0.0
feature.Seral.CWHvm_CW_HW_M.regenerating,9,90,10,0.0,10000.0,1.0,1.0,0.42800000309944153,0.0,0.0
feature.Seral.CWHvm_CW_HW_M.regenerating,10,100,10,0.0,10000.0,1.0,1.0,29.599000930786133,0.0,0.0
feature.Seral.CWHvm_CW_HW_M.regenerating,11,110,10,0.0,10000.0,1.0,1.0,7.519999980926514,0.0,0.0
feature.Seral.CWHvm_CW_HW_M.regenerating,12,120,10,0.0,10000.0,1.0,1.0,8.460000038146973,0.0,0.0
feature.Seral.CWHvm_CW_HW_M.regenerating,13,130,10,0.0,10000.0,1.0,1.0,0.777999997138977,0.0,0.0
feature.Seral.CWHvm_CW_HW_M.regenerating,14,140,10,0.0,10000.0,1.0,1.0,7.15500020980835,0.0,0.0
feature.Seral.CWHvm_CW_HW_M.regenerating,15,150,10,0.0,10000.0,1.0,1.0,13.449999809265137,0.0,0.0
feature.Seral.CWHvm_CW_HW_M.regenerating,16,160,10,0.0,10000.0,1.0,1.0,0.0,0.0,0.0
feature.Seral.CWHvm_CW_HW_M.regenerating,17,170,10,0.0,10000.0,1.0,1.0,5.696000099182129,0.0,0.0
feature.Seral.CWHvm_CW_HW_M.regenerating,18,180,10,0.0,10000.0,1.0,1.0,74.22000122070312,0.0,0.0
feature.Seral.CWHvm_CW_HW_M.regenerating,19,190,10,0.0,10000.0,1.0,1.0,0.0,0.0,0.0
feature.Seral.CWHvm_CW_HW_M.regenerating,20,200,10,0.0,10000.0,1.0,1.0,12.348999977111816,0.0,0.0
feature.Seral.CWHvm_CW_HW_M.regenerating,21,210,10,0.0,10000.0,1.0,1.0,0.0,0.0,0.0
feature.Seral.CWHvm_CW_HW_M.regenerating,22,220,10,0.0,10000.0,1.0,1.0,6.249000072479248,0.0,0.0
feature.Seral.CWHvm_CW_HW_M.regenerating,23,230,10,0.0,10000.0,1.0,1.0,0.0,0.0,0.0
feature.Seral.CWHvm_CW_HW_M.regenerating,24,240,10,0.0,10000.0,1.0,1.0,5.8470001220703125,0.0,0.0
feature.Seral.CWHvm_CW_HW_M.regenerating,25,250,10,0.0,10000.0,1.0,1.0,59.75,0.0,0.0
feature.Seral.CWHvm_CW_HW_M.regenerating,26,260,10,0.0,10000.0,1.0,1.0,1.8600000143051147,0.0,0.0
feature.Seral.CWHvm_CW_HW_M.regenerating,27,270,10,0.0,10000.0,1.0,1.0,0.0,0.0,0.0
feature.Seral.CWHvm_CW_HW_M.regenerating,28,280,10,0.0,10000.0,1.0,1.0,0.02500000037252903,0.0,0.0
feature.Seral.CWHvm_CW_HW_M.regenerating,29,290,10,0.0,10000.0,1.0,1.0,0.0,0.0,0.0
feature.Seral.CWHvm_CW_HW_M.regenerating,30,300,10,0.0,10000.0,1.0,1.0,34.41299819946289,0.0,0.0
feature.Seral.CWHvm_CW_HW_M.young,0,0,10,0.0,10000.0,1.0,1.0,0.0,0.0,0.0
feature.Seral.CWHvm_CW_HW_M.young,1,10,10,0.0,10000.0,1.0,1.0,5.710999965667725,0.0,0.0
feature.Seral.CWHvm_CW_HW_M.young,2,20,10,0.0,10000.0,1.0,1.0,12.612000465393066,0.0,0.0
feature.Seral.CWHvm_CW_HW_M.young,3,30,10,0.0,10000.0,1.0,1.0,44.15800094604492,0.0,0.0
feature.Seral.CWHvm_CW_HW_M.young,4,40,10,0.0,10000.0,1.0,1.0,42.57699966430664,0.0,0.0
feature.Seral.CWHvm_CW_HW_M.young,5,50,10,0.0,10000.0,1.0,1.0,5.320000171661377,0.0,0.0
feature.Seral.CWHvm_CW_HW_M.young,6,60,10,0.0,10000.0,1.0,1.0,0.02500000037252903,0.0,0.0
feature.Seral.CWHvm_CW_HW_M.young,7,70,10,0.0,10000.0,1.0,1.0,36.85599899291992,0.0,0.0
feature.Seral.CWHvm_CW_HW_M.young,8,80,10,0.0,10000.0,1.0,1.0,102.78099822998047,0.0,0.0
feature.Seral.CWHvm_CW_HW_M.young,9,90,10,0.0,10000.0,1.0,1.0,67.76599884033203,0.0,0.0
feature.Seral.CWHvm_CW_HW_M.young,10,100,10,0.0,10000.0,1.0,1.0,2.24399995803833,0.0,0.0
feature.Seral.CWHvm_CW_HW_M.young,11,110,10,0.0,10000.0,1.0,1.0,30.027000427246094,0.0,0.0
feature.Seral.CWHvm_CW_HW_M.young,12,120,10,0.0,10000.0,1.0,1.0,42.965999603271484,0.0,0.0
feature.Seral.CWHvm_CW_HW_M.young,13,130,10,0.0,10000.0,1.0,1.0,21.82699966430664,0.0,0.0
feature.Seral.CWHvm_CW_HW_M.young,14,140,10,0.0,10000.0,1.0,1.0,15.16100025177002,0.0,0.0
feature.Seral.CWHvm_CW_HW_M.young,15,150,10,0.0,10000.0,1.0,1.0,26.32200050354004,0.0,0.0
feature.Seral.CWHvm_CW_HW_M.young,16,160,10,0.0,10000.0,1.0,1.0,33.07099914550781,0.0,0.0
feature.Seral.CWHvm_CW_HW_M.young,17,170,10,0.0,10000.0,1.0,1.0,13.449999809265137,0.0,0.0
feature.Seral.CWHvm_CW_HW_M.young,18,180,10,0.0,10000.0,1.0,1.0,5.696000099182129,0.0,0.0
feature.Seral.CWHvm_CW_HW_M.young,19,190,10,0.0,10000.0,1.0,1.0,79.91600036621094,0.0,0.0
feature.Seral.CWHvm_CW_HW_M.young,20,200,10,0.0,10000.0,1.0,1.0,74.22000122070312,0.0,0.0
feature.Seral.CWHvm_CW_HW_M.young,21,210,10,0.0,10000.0,1.0,1.0,12.348999977111816,0.0,0.0
feature.Seral.CWHvm_CW_HW_M.young,22,220,10,0.0,10000.0,1.0,1.0,21.600000381469727,0.0,0.0
feature.Seral.CWHvm_CW_HW_M.young,23,230,10,0.0,10000.0,1.0,1.0,15.5,0.0,0.0
feature.Seral.CWHvm_CW_HW_M.young,24,240,10,0.0,10000.0,1.0,1.0,7.808000087738037,0.0,0.0
feature.Seral.CWHvm_CW_HW_M.young,25,250,10,0.0,10000.0,1.0,1.0,14.307000160217285,0.0,0.0
feature.Seral.CWHvm_CW_HW_M.young,26,260,10,0.0,10000.0,1.0,1.0,118.26300048828125,0.0,0.0
feature.Seral.CWHvm_CW_HW_M.young,27,270,10,0.0,10000.0,1.0,1.0,108.04399871826172,0.0,0.0
feature.Seral.CWHvm_CW_HW_M.young,28,280,10,0.0,10000.0,1.0,1.0,2.5290000438690186,0.0,0.0
feature.Seral.CWHvm_CW_HW_M.young,29,290,10,0.0,10000.0,1.0,1.0,0.02500000037252903,0.0,0.0
feature.Seral.CWHvm_CW_HW_M.young,30,300,10,0.0,10000.0,1.0,1.0,0.02500000037252903,0.0,0.0
feature.Seral.CWHvm_CW_PLC_M.immature,0,0,10,0.0,10000.0,1.0,1.0,0.0,0.0,0.0
feature.Seral.CWHvm_CW_PLC_M.immature,1,10,10,0.0,10000.0,1.0,1.0,0.0,0.0,0.0
feature.Seral.CWHvm_CW_PLC_M.immature,2,20,10,0.0,10000.0,1.0,1.0,0.0,0.0,0.0
feature.Seral.CWHvm_CW_PLC_M.immature,3,30,10,0.0,10000.0,1.0,1.0,0.0,0.0,0.0
feature.Seral.CWHvm_CW_PLC_M.immature,4,40,10,0.0,10000.0,1.0,1.0,0.0,0.0,0.0
feature.Seral.CWHvm_CW_PLC_M.immature,5,50,10,0.0,10000.0,1.0,1.0,0.0,0.0,0.0
feature.Seral.CWHvm_CW_PLC_M.immature,6,60,10,0.0,10000.0,1.0,1.0,0.0,0.0,0.0
feature.Seral.CWHvm_CW_PLC_M.immature,7,70,10,0.0,10000.0,1.0,1.0,0.0,0.0,0.0
feature.Seral.CWHvm_CW_PLC_M.immature,8,80,10,0.0,10000.0,1.0,1.0,0.0,0.0,0.0
feature.Seral.CWHvm_CW_PLC_M.immature,9,90,10,0.0,10000.0,1.0,1.0,0.0,0.0,0.0
feature.Seral.CWHvm_CW_PLC_M.immature,10,100,10,0.0,10000.0,1.0,1.0,0.0,0.0,0.0
feature.Seral.CWHvm_CW_PLC_M.immature,11,110,10,0.0,10000.0,1.0,1.0,0.0,0.0,0.0
feature.Seral.CWHvm_CW_PLC_M.immature,12,120,10,0.0,10000.0,1.0,1.0,0.0,0.0,0.0
feature.Seral.CWHvm_CW_PLC_M.immature,13,130,10,0.0,10000.0,1.0,1.0,0.0,0.0,0.0
feature.Seral.CWHvm_CW_PLC_M.immature,14,140,10,0.0,10000.0,1.0,1.0,0.0,0.0,0.0
feature.Seral.CWHvm_CW_PLC_M.immature,15,150,10,0.0,10000.0,1.0,1.0,0.0,0.0,0.0
feature.Seral.CWHvm_CW_PLC_M.immature,16,160,10,0.0,10000.0,1.0,1.0,0.0,0.0,0.0
feature.Seral.CWHvm_CW_PLC_M.immature,17,170,10,0.0,10000.0,1.0,1.0,0.0,0.0,0.0
feature.Seral.CWHvm_CW_PLC_M.immature,18,180,10,0.0,10000.0,1.0,1.0,0.0,0.0,0.0
feature.Seral.CWHvm_CW_PLC_M.immature,19,190,10,0.0,10000.0,1.0,1.0,0.0,0.0,0.0
feature.Seral.CWHvm_CW_PLC_M.immature,20,200,10,0.0,10000.0,1.0,1.0,0.0,0.0,0.0
feature.Seral.CWHvm_CW_PLC_M.immature,21,210,10,0.0,10000.0,1.0,1.0,0.0,0.0,0.0
feature.Seral.CWHvm_CW_PLC_M.immature,22,220,10,0.0,10000.0,1.0,1.0,0.0,0.0,0.0
feature.Seral.CWHvm_CW_PLC_M.immature,23,230,10,0.0,10000.0,1.0,1.0,0.0,0.0,0.0
feature.Seral.CWHvm_CW_PLC_M.immature,24,240,10,0.0,10000.0,1.0,1.0,0.0,0.0,0.0
feature.Seral.CWHvm_CW_PLC_M.immature,25,250,10,0.0,10000.0,1.0,1.0,0.0,0.0,0.0
feature.Seral.CWHvm_CW_PLC_M.immature,26,260,10,0.0,10000.0,1.0,1.0,0.0,0.0,0.0
feature.Seral.CWHvm_CW_PLC_M.immature,27,270,10,0.0,10000.0,1.0,1.0,0.0,0.0,0.0
feature.Seral.CWHvm_CW_PLC_M.immature,28,280,10,0.0,10000.0,1.0,1.0,0.0,0.0,0.0
feature.Seral.CWHvm_CW_PLC_M.immature,29,290,10,0.0,10000.0,1.0,1.0,0.0,0.0,0.0
feature.Seral.CWHvm_CW_PLC_M.immature,30,300,10,0.0,10000.0,1.0,1.0,0.0,0.0,0.0
feature.Seral.CWHvm_CW_PLC_M.mature,0,0,10,0.0,10000.0,1.0,1.0,0.0,0.0,0.0
feature.Seral.CWHvm_CW_PLC_M.mature,1,10,10,0.0,10000.0,1.0,1.0,0.0,0.0,0.0
feature.Seral.CWHvm_CW_PLC_M.mature,2,20,10,0.0,10000.0,1.0,1.0,0.0,0.0,0.0
feature.Seral.CWHvm_CW_PLC_M.mature,3,30,10,0.0,10000.0,1.0,1.0,0.0,0.0,0.0
feature.Seral.CWHvm_CW_PLC_M.mature,4,40,10,0.0,10000.0,1.0,1.0,0.0,0.0,0.0
feature.Seral.CWHvm_CW_PLC_M.mature,5,50,10,0.0,10000.0,1.0,1.0,0.0,0.0,0.0
feature.Seral.CWHvm_CW_PLC_M.mature,6,60,10,0.0,10000.0,1.0,1.0,0.0,0.0,0.0
feature.Seral.CWHvm_CW_PLC_M.mature,7,70,10,0.0,10000.0,1.0,1.0,0.0,0.0,0.0
feature.Seral.CWHvm_CW_PLC_M.mature,8,80,10,0.0,10000.0,1.0,1.0,0.0,0.0,0.0
feature.Seral.CWHvm_CW_PLC_M.mature,9,90,10,0.0,10000.0,1.0,1.0,0.0,0.0,0.0
feature.Seral.CWHvm_CW_PLC_M.mature,10,100,10,0.0,10000.0,1.0,1.0,0.0,0.0,0.0
feature.Seral.CWHvm_CW_PLC_M.mature,11,110,10,0.0,10000.0,1.0,1.0,0.0,0.0,0.0
feature.Seral.CWHvm_CW_PLC_M.mature,12,120,10,0.0,10000.0,1.0,1.0,0.0,0.0,0.0
feature.Seral.CWHvm_CW_PLC_M.mature,13,130,10,0.0,10000.0,1.0,1.0,0.0,0.0,0.0
feature.Seral.CWHvm_CW_PLC_M.mature,14,140,10,0.0,10000.0,1.0,1.0,0.0,0.0,0.0
feature.Seral.CWHvm_CW_PLC_M.mature,15,150,10,0.0,10000.0,1.0,1.0,0.0,0.0,0.0
feature.Seral.CWHvm_CW_PLC_M.mature,16,160,10,0.0,10000.0,1.0,1.0,0.0,0.0,0.0
feature.Seral.CWHvm_CW_PLC_M.mature,17,170,10,0.0,10000.0,1.0,1.0,0.0,0.0,0.0
feature.Seral.CWHvm_CW_PLC_M.mature,18,180,10,0.0,10000.0,1.0,1.0,0.0,0.0,0.0
feature.Seral.CWHvm_CW_PLC_M.mature,19,190,10,0.0,10000.0,1.0,1.0,0.0,0.0,0.0
feature.Seral.CWHvm_CW_PLC_M.mature,20,200,10,0.0,10000.0,1.0,1.0,0.0,0.0,0.0
feature.Seral.CWHvm_CW_PLC_M.mature,21,210,10,0.0,10000.0,1.0,1.0,0.0,0.0,0.0
feature.Seral.CWHvm_CW_PLC_M.mature,22,220,10,0.0,10000.0,1.0,1.0,0.0,0.0,0.0
feature.Seral.CWHvm_CW_PLC_M.mature,23,230,10,0.0,10000.0,1.0,1.0,0.0,0.0,0.0
feature.Seral.CWHvm_CW_PLC_M.mature,24,240,10,0.0,10000.0,1.0,1.0,0.0,0.0,0.0
feature.Seral.CWHvm_CW_PLC_M.mature,25,250,10,0.0,10000.0,1.0,1.0,0.0,0.0,0.0
feature.Seral.CWHvm_CW_PLC_M.mature,26,260,10,0.0,10000.0,1.0,1.0,0.0,0.0,0.0
feature.Seral.CWHvm_CW_PLC_M.mature,27,270,10,0.0,10000.0,1.0,1.0,0.0,0.0,0.0
feature.Seral.CWHvm_CW_PLC_M.mature,28,280,10,0.0,10000.0,1.0,1.0,0.0,0.0,0.0
feature.Seral.CWHvm_CW_PLC_M.mature,29,290,10,0.0,10000.0,1.0,1.0,0.0,0.0,0.0
feature.Seral.CWHvm_CW_PLC_M.mature,30,300,10,0.0,10000.0,1.0,1.0,0.0,0.0,0.0
feature.Seral.CWHvm_CW_PLC_M.overmature,0,0,10,0.0,10000.0,1.0,1.0,32.47200012207031,0.0,0.0
feature.Seral.CWHvm_CW_PLC_M.overmature,1,10,10,0.0,10000.0,1.0,1.0,32.47200012207031,0.0,0.0
feature.Seral.CWHvm_CW_PLC_M.overmature,2,20,10,0.0,10000.0,1.0,1.0,24.42099952697754,0.0,0.0
feature.Seral.CWHvm_CW_PLC_M.overmature,3,30,10,0.0,10000.0,1.0,1.0,24.42099952697754,0.0,0.0
feature.Seral.CWHvm_CW_PLC_M.overmature,4,40,10,0.0,10000.0,1.0,1.0,24.42099952697754,0.0,0.0
feature.Seral.CWHvm_CW_PLC_M.overmature,5,50,10,0.0,10000.0,1.0,1.0,32.47200012207031,0.0,0.0
feature.Seral.CWHvm_CW_PLC_M.overmature,6,60,10,0.0,10000.0,1.0,1.0,32.47200012207031,0.0,0.0
feature.Seral.CWHvm_CW_PLC_M.overmature,7,70,10,0.0,10000.0,1.0,1.0,32.47200012207031,0.0,0.0
feature.Seral.CWHvm_CW_PLC_M.overmature,8,80,10,0.0,10000.0,1.0,1.0,32.47200012207031,0.0,0.0
feature.Seral.CWHvm_CW_PLC_M.overmature,9,90,10,0.0,10000.0,1.0,1.0,32.47200012207031,0.0,0.0
feature.Seral.CWHvm_CW_PLC_M.overmature,10,100,10,0.0,10000.0,1.0,1.0,32.47200012207031,0.0,0.0
feature.Seral.CWHvm_CW_PLC_M.overmature,11,110,10,0.0,10000.0,1.0,1.0,32.47200012207031,0.0,0.0
feature.Seral.CWHvm_CW_PLC_M.overmature,12,120,10,0.0,10000.0,1.0,1.0,32.47200012207031,0.0,0.0
feature.Seral.CWHvm_CW_PLC_M.overmature,13,130,10,0.0,10000.0,1.0,1.0,32.47200012207031,0.0,0.0
feature.Seral.CWHvm_CW_PLC_M.overmature,14,140,10,0.0,10000.0,1.0,1.0,32.47200012207031,0.0,0.0
feature.Seral.CWHvm_CW_PLC_M.overmature,15,150,10,0.0,10000.0,1.0,1.0,32.47200012207031,0.0,0.0
feature.Seral.CWHvm_CW_PLC_M.overmature,16,160,10,0.0,10000.0,1.0,1.0,32.47200012207031,0.0,0.0
feature.Seral.CWHvm_CW_PLC_M.overmature,17,170,10,0.0,10000.0,1.0,1.0,32.47200012207031,0.0,0.0
feature.Seral.CWHvm_CW_PLC_M.overmature,18,180,10,0.0,10000.0,1.0,1.0,32.47200012207031,0.0,0.0
feature.Seral.CWHvm_CW_PLC_M.overmature,19,190,10,0.0,10000.0,1.0,1.0,32.47200012207031,0.0,0.0
feature.Seral.CWHvm_CW_PLC_M.overmature,20,200,10,0.0,10000.0,1.0,1.0,32.47200012207031,0.0,0.0
feature.Seral.CWHvm_CW_PLC_M.overmature,21,210,10,0.0,10000.0,1.0,1.0,32.47200012207031,0.0,0.0
feature.Seral.CWHvm_CW_PLC_M.overmature,22,220,10,0.0,10000.0,1.0,1.0,32.47200012207031,0.0,0.0
feature.Seral.CWHvm_CW_PLC_M.overmature,23,230,10,0.0,10000.0,1.0,1.0,32.47200012207031,0.0,0.0
feature.Seral.CWHvm_CW_PLC_M.overmature,24,240,10,0.0,10000.0,1.0,1.0,24.42099952697754,0.0,0.0
feature.Seral.CWHvm_CW_PLC_M.overmature,25,250,10,0.0,10000.0,1.0,1.0,24.42099952697754,0.0,0.0
feature.Seral.CWHvm_CW_PLC_M.overmature,26,260,10,0.0,10000.0,1.0,1.0,32.47200012207031,0.0,0.0
feature.Seral.CWHvm_CW_PLC_M.overmature,27,270,10,0.0,10000.0,1.0,1.0,32.47200012207031,0.0,0.0
feature.Seral.CWHvm_CW_PLC_M.overmature,28,280,10,0.0,10000.0,1.0,1.0,17.18199920654297,0.0,0.0
feature.Seral.CWHvm_CW_PLC_M.overmature,29,290,10,0.0,10000.0,1.0,1.0,17.18199920654297,0.0,0.0
feature.Seral.CWHvm_CW_PLC_M.overmature,30,300,10,0.0,10000.0,1.0,1.0,32.47200012207031,0.0,0.0
feature.Seral.CWHvm_CW_PLC_M.regenerating,0,0,10,0.0,10000.0,1.0,1.0,0.0,0.0,0.0
feature.Seral.CWHvm_CW_PLC_M.regenerating,1,10,10,0.0,10000.0,1.0,1.0,0.0,0.0,0.0
feature.Seral.CWHvm_CW_PLC_M.regenerating,2,20,10,0.0,10000.0,1.0,1.0,8.050999641418457,0.0,0.0
feature.Seral.CWHvm_CW_PLC_M.regenerating,3,30,10,0.0,10000.0,1.0,1.0,0.0,0.0,0.0
feature.Seral.CWHvm_CW_PLC_M.regenerating,4,40,10,0.0,10000.0,1.0,1.0,0.0,0.0,0.0
feature.Seral.CWHvm_CW_PLC_M.regenerating,5,50,10,0.0,10000.0,1.0,1.0,0.0,0.0,0.0
feature.Seral.CWHvm_CW_PLC_M.regenerating,6,60,10,0.0,10000.0,1.0,1.0,0.0,0.0,0.0
feature.Seral.CWHvm_CW_PLC_M.regenerating,7,70,10,0.0,10000.0,1.0,1.0,0.0,0.0,0.0
feature.Seral.CWHvm_CW_PLC_M.regenerating,8,80,10,0.0,10000.0,1.0,1.0,0.0,0.0,0.0
feature.Seral.CWHvm_CW_PLC_M.regenerating,9,90,10,0.0,10000.0,1.0,1.0,0.0,0.0,0.0
feature.Seral.CWHvm_CW_PLC_M.regenerating,10,100,10,0.0,10000.0,1.0,1.0,0.0,0.0,0.0
feature.Seral.CWHvm_CW_PLC_M.regenerating,11,110,10,0.0,10000.0,1.0,1.0,0.0,0.0,0.0
feature.Seral.CWHvm_CW_PLC_M.regenerating,12,120,10,0.0,10000.0,1.0,1.0,0.0,0.0,0.0
feature.Seral.CWHvm_CW_PLC_M.regenerating,13,130,10,0.0,10000.0,1.0,1.0,0.0,0.0,0.0
feature.Seral.CWHvm_CW_PLC_M.regenerating,14,140,10,0.0,10000.0,1.0,1.0,0.0,0.0,0.0
feature.Seral.CWHvm_CW_PLC_M.regenerating,15,150,10,0.0,10000.0,1.0,1.0,0.0,0.0,0.0
feature.Seral.CWHvm_CW_PLC_M.regenerating,16,160,10,0.0,10000.0,1.0,1.0,0.0,0.0,0.0
feature.Seral.CWHvm_CW_PLC_M.regenerating,17,170,10,0.0,10000.0,1.0,1.0,0.0,0.0,0.0
feature.Seral.CWHvm_CW_PLC_M.regenerating,18,180,10,0.0,10000.0,1.0,1.0,0.0,0.0,0.0
feature.Seral.CWHvm_CW_PLC_M.regenerating,19,190,10,0.0,10000.0,1.0,1.0,0.0,0.0,0.0
feature.Seral.CWHvm_CW_PLC_M.regenerating,20,200,10,0.0,10000.0,1.0,1.0,0.0,0.0,0.0
feature.Seral.CWHvm_CW_PLC_M.regenerating,21,210,10,0.0,10000.0,1.0,1.0,0.0,0.0,0.0
feature.Seral.CWHvm_CW_PLC_M.regenerating,22,220,10,0.0,10000.0,1.0,1.0,0.0,0.0,0.0
feature.Seral.CWHvm_CW_PLC_M.regenerating,23,230,10,0.0,10000.0,1.0,1.0,0.0,0.0,0.0
feature.Seral.CWHvm_CW_PLC_M.regenerating,24,240,10,0.0,10000.0,1.0,1.0,0.0,0.0,0.0
feature.Seral.CWHvm_CW_PLC_M.regenerating,25,250,10,0.0,10000.0,1.0,1.0,0.0,0.0,0.0
feature.Seral.CWHvm_CW_PLC_M.regenerating,26,260,10,0.0,10000.0,1.0,1.0,0.0,0.0,0.0
feature.Seral.CWHvm_CW_PLC_M.regenerating,27,270,10,0.0,10000.0,1.0,1.0,0.0,0.0,0.0
feature.Seral.CWHvm_CW_PLC_M.regenerating,28,280,10,0.0,10000.0,1.0,1.0,0.0,0.0,0.0
feature.Seral.CWHvm_CW_PLC_M.regenerating,29,290,10,0.0,10000.0,1.0,1.0,0.0,0.0,0.0
feature.Seral.CWHvm_CW_PLC_M.regenerating,30,300,10,0.0,10000.0,1.0,1.0,0.0,0.0,0.0
feature.Seral.CWHvm_CW_PLC_M.young,0,0,10,0.0,10000.0,1.0,1.0,0.0,0.0,0.0
feature.Seral.CWHvm_CW_PLC_M.young,1,10,10,0.0,10000.0,1.0,1.0,0.0,0.0,0.0
feature.Seral.CWHvm_CW_PLC_M.young,2,20,10,0.0,10000.0,1.0,1.0,0.0,0.0,0.0
feature.Seral.CWHvm_CW_PLC_M.young,3,30,10,0.0,10000.0,1.0,1.0,8.050999641418457,0.0,0.0
feature.Seral.CWHvm_CW_PLC_M.young,4,40,10,0.0,10000.0,1.0,1.0,8.050999641418457,0.0,0.0
feature.Seral.CWHvm_CW_PLC_M.young,5,50,10,0.0,10000.0,1.0,1.0,0.0,0.0,0.0
feature.Seral.CWHvm_CW_PLC_M.young,6,60,10,0.0,10000.0,1.0,1.0,0.0,0.0,0.0
feature.Seral.CWHvm_CW_PLC_M.young,7,70,10,0.0,10000.0,1.0,1.0,0.0,0.0,0.0
feature.Seral.CWHvm_CW_PLC_M.young,8,80,10,0.0,10000.0,1.0,1.0,0.0,0.0,0.0
feature.Seral.CWHvm_CW_PLC_M.young,9,90,10,0.0,10000.0,1.0,1.0,0.0,0.0,0.0
feature.Seral.CWHvm_CW_PLC_M.young,10,100,10,0.0,10000.0,1.0,1.0,0.0,0.0,0.0
feature.Seral.CWHvm_CW_PLC_M.young,11,110,10,0.0,10000.0,1.0,1.0,0.0,0.0,0.0
feature.Seral.CWHvm_CW_PLC_M.young,12,120,10,0.0,10000.0,1.0,1.0,0.0,0.0,0.0
feature.Seral.CWHvm_CW_PLC_M.young,13,130,10,0.0,10000.0,1.0,1.0,0.0,0.0,0.0
feature.Seral.CWHvm_CW_PLC_M.young,14,140,10,0.0,10000.0,1.0,1.0,0.0,0.0,0.0
feature.Seral.CWHvm_CW_PLC_M.young,15,150,10,0.0,10000.0,1.0,1.0,0.0,0.0,0.0
feature.Seral.CWHvm_CW_PLC_M.young,16,160,10,0.0,10000.0,1.0,1.0,0.0,0.0,0.0
feature.Seral.CWHvm_CW_PLC_M.young,17,170,10,0.0,10000.0,1.0,1.0,0.0,0.0,0.0
feature.Seral.CWHvm_CW_PLC_M.young,18,180,10,0.0,10000.0,1.0,1.0,0.0,0.0,0.0
feature.Seral.CWHvm_CW_PLC_M.young,19,190,10,0.0,10000.0,1.0,1.0,0.0,0.0,0.0
feature.Seral.CWHvm_CW_PLC_M.young,20,200,10,0.0,10000.0,1.0,1.0,0.0,0.0,0.0
feature.Seral.CWHvm_CW_PLC_M.young,21,210,10,0.0,10000.0,1.0,1.0,0.0,0.0,0.0
feature.Seral.CWHvm_CW_PLC_M.young,22,220,10,0.0,10000.0,1.0,1.0,0.0,0.0,0.0
feature.Seral.CWHvm_CW_PLC_M.young,23,230,10,0.0,10000.0,1.0,1.0,0.0,0.0,0.0
feature.Seral.CWHvm_CW_PLC_M.young,24,240,10,0.0,10000.0,1.0,1.0,8.050999641418457,0.0,0.0
feature.Seral.CWHvm_CW_PLC_M.young,25,250,10,0.0,10000.0,1.0,1.0,8.050999641418457,0.0,0.0
feature.Seral.CWHvm_CW_PLC_M.young,26,260,10,0.0,10000.0,1.0,1.0,0.0,0.0,0.0
feature.Seral.CWHvm_CW_PLC_M.young,27,270,10,0.0,10000.0,1.0,1.0,0.0,0.0,0.0
feature.Seral.CWHvm_CW_PLC_M.young,28,280,10,0.0,10000.0,1.0,1.0,15.289999961853027,0.0,0.0
feature.Seral.CWHvm_CW_PLC_M.young,29,290,10,0.0,10000.0,1.0,1.0,15.289999961853027,0.0,0.0
feature.Seral.CWHvm_CW_PLC_M.young,30,300,10,0.0,10000.0,1.0,1.0,0.0,0.0,0.0
feature.Seral.CWHvm_CW_YC_M.immature,0,0,10,0.0,10000.0,1.0,1.0,0.0,0.0,0.0
feature.Seral.CWHvm_CW_YC_M.immature,1,10,10,0.0,10000.0,1.0,1.0,0.0,0.0,0.0
feature.Seral.CWHvm_CW_YC_M.immature,2,20,10,0.0,10000.0,1.0,1.0,0.0,0.0,0.0
feature.Seral.CWHvm_CW_YC_M.immature,3,30,10,0.0,10000.0,1.0,1.0,0.0,0.0,0.0
feature.Seral.CWHvm_CW_YC_M.immature,4,40,10,0.0,10000.0,1.0,1.0,4.978000164031982,0.0,0.0
feature.Seral.CWHvm_CW_YC_M.immature,5,50,10,0.0,10000.0,1.0,1.0,13.11400032043457,0.0,0.0
feature.Seral.CWHvm_CW_YC_M.immature,6,60,10,0.0,10000.0,1.0,1.0,13.11400032043457,0.0,0.0
feature.Seral.CWHvm_CW_YC_M.immature,7,70,10,0.0,10000.0,1.0,1.0,13.11400032043457,0.0,0.0
feature.Seral.CWHvm_CW_YC_M.immature,8,80,10,0.0,10000.0,1.0,1.0,13.11400032043457,0.0,0.0
feature.Seral.CWHvm_CW_YC_M.immature,9,90,10,0.0,10000.0,1.0,1.0,13.11400032043457,0.0,0.0
feature.Seral.CWHvm_CW_YC_M.immature,10,100,10,0.0,10000.0,1.0,1.0,33.92499923706055,0.0,0.0
feature.Seral.CWHvm_CW_YC_M.immature,11,110,10,0.0,10000.0,1.0,1.0,33.92499923706055,0.0,0.0
feature.Seral.CWHvm_CW_YC_M.immature,12,120,10,0.0,10000.0,1.0,1.0,33.92499923706055,0.0,0.0
feature.Seral.CWHvm_CW_YC_M.immature,13,130,10,0.0,10000.0,1.0,1.0,33.92499923706055,0.0,0.0
feature.Seral.CWHvm_CW_YC_M.immature,14,140,10,0.0,10000.0,1.0,1.0,33.92499923706055,0.0,0.0
feature.Seral.CWHvm_CW_YC_M.immature,15,150,10,0.0,10000.0,1.0,1.0,33.92499923706055,0.0,0.0
feature.Seral.CWHvm_CW_YC_M.immature,16,160,10,0.0,10000.0,1.0,1.0,33.92499923706055,0.0,0.0
feature.Seral.CWHvm_CW_YC_M.immature,17,170,10,0.0,10000.0,1.0,1.0,33.92499923706055,0.0,0.0
feature.Seral.CWHvm_CW_YC_M.immature,18,180,10,0.0,10000.0,1.0,1.0,33.92499923706055,0.0,0.0
feature.Seral.CWHvm_CW_YC_M.immature,19,190,10,0.0,10000.0,1.0,1.0,33.92499923706055,0.0,0.0
feature.Seral.CWHvm_CW_YC_M.immature,20,200,10,0.0,10000.0,1.0,1.0,33.92499923706055,0.0,0.0
feature.Seral.CWHvm_CW_YC_M.immature,21,210,10,0.0,10000.0,1.0,1.0,33.92499923706055,0.0,0.0
feature.Seral.CWHvm_CW_YC_M.immature,22,220,10,0.0,10000.0,1.0,1.0,28.94700050354004,0.0,0.0
feature.Seral.CWHvm_CW_YC_M.immature,23,230,10,0.0,10000.0,1.0,1.0,20.81100082397461,0.0,0.0
feature.Seral.CWHvm_CW_YC_M.immature,24,240,10,0.0,10000.0,1.0,1.0,25.788999557495117,0.0,0.0
feature.Seral.CWHvm_CW_YC_M.immature,25,250,10,0.0,10000.0,1.0,1.0,25.788999557495117,0.0,0.0
feature.Seral.CWHvm_CW_YC_M.immature,26,260,10,0.0,10000.0,1.0,1.0,32.96699905395508,0.0,0.0
feature.Seral.CWHvm_CW_YC_M.immature,27,270,10,0.0,10000.0,1.0,1.0,41.10300064086914,0.0,0.0
feature.Seral.CWHvm_CW_YC_M.immature,28,280,10,0.0,10000.0,1.0,1.0,30.089000701904297,0.0,0.0
feature.Seral.CWHvm_CW_YC_M.immature,29,290,10,0.0,10000.0,1.0,1.0,20.29199981689453,0.0,0.0
feature.Seral.CWHvm_CW_YC_M.immature,30,300,10,0.0,10000.0,1.0,1.0,20.29199981689453,0.0,0.0
feature.Seral.CWHvm_CW_YC_M.mature,0,0,10,0.0,10000.0,1.0,1.0,0.0,0.0,0.0
feature.Seral.CWHvm_CW_YC_M.mature,1,10,10,0.0,10000.0,1.0,1.0,0.0,0.0,0.0
feature.Seral.CWHvm_CW_YC_M.mature,2,20,10,0.0,10000.0,1.0,1.0,0.0,0.0,0.0
feature.Seral.CWHvm_CW_YC_M.mature,3,30,10,0.0,10000.0,1.0,1.0,0.0,0.0,0.0
feature.Seral.CWHvm_CW_YC_M.mature,4,40,10,0.0,10000.0,1.0,1.0,0.0,0.0,0.0
feature.Seral.CWHvm_CW_YC_M.mature,5,50,10,0.0,10000.0,1.0,1.0,0.0,0.0,0.0
feature.Seral.CWHvm_CW_YC_M.mature,6,60,10,0.0,10000.0,1.0,1.0,0.0,0.0,0.0
feature.Seral.CWHvm_CW_YC_M.mature,7,70,10,0.0,10000.0,1.0,1.0,0.0,0.0,0.0
feature.Seral.CWHvm_CW_YC_M.mature,8,80,10,0.0,10000.0,1.0,1.0,0.0,0.0,0.0
feature.Seral.CWHvm_CW_YC_M.mature,9,90,10,0.0,10000.0,1.0,1.0,0.0,0.0,0.0
feature.Seral.CWHvm_CW_YC_M.mature,10,100,10,0.0,10000.0,1.0,1.0,0.0,0.0,0.0
feature.Seral.CWHvm_CW_YC_M.mature,11,110,10,0.0,10000.0,1.0,1.0,0.0,0.0,0.0
feature.Seral.CWHvm_CW_YC_M.mature,12,120,10,0.0,10000.0,1.0,1.0,0.0,0.0,0.0
feature.Seral.CWHvm_CW_YC_M.mature,13,130,10,0.0,10000.0,1.0,1.0,0.0,0.0,0.0
feature.Seral.CWHvm_CW_YC_M.mature,14,140,10,0.0,10000.0,1.0,1.0,0.0,0.0,0.0
feature.Seral.CWHvm_CW_YC_M.mature,15,150,10,0.0,10000.0,1.0,1.0,0.0,0.0,0.0
feature.Seral.CWHvm_CW_YC_M.mature,16,160,10,0.0,10000.0,1.0,1.0,0.0,0.0,0.0
feature.Seral.CWHvm_CW_YC_M.mature,17,170,10,0.0,10000.0,1.0,1.0,0.0,0.0,0.0
feature.Seral.CWHvm_CW_YC_M.mature,18,180,10,0.0,10000.0,1.0,1.0,0.0,0.0,0.0
feature.Seral.CWHvm_CW_YC_M.mature,19,190,10,0.0,10000.0,1.0,1.0,0.0,0.0,0.0
feature.Seral.CWHvm_CW_YC_M.mature,20,200,10,0.0,10000.0,1.0,1.0,0.0,0.0,0.0
feature.Seral.CWHvm_CW_YC_M.mature,21,210,10,0.0,10000.0,1.0,1.0,0.0,0.0,0.0
feature.Seral.CWHvm_CW_YC_M.mature,22,220,10,0.0,10000.0,1.0,1.0,0.0,0.0,0.0
feature.Seral.CWHvm_CW_YC_M.mature,23,230,10,0.0,10000.0,1.0,1.0,0.0,0.0,0.0
feature.Seral.CWHvm_CW_YC_M.mature,24,240,10,0.0,10000.0,1.0,1.0,0.0,0.0,0.0
feature.Seral.CWHvm_CW_YC_M.mature,25,250,10,0.0,10000.0,1.0,1.0,0.0,0.0,0.0
feature.Seral.CWHvm_CW_YC_M.mature,26,260,10,0.0,10000.0,1.0,1.0,0.0,0.0,0.0
feature.Seral.CWHvm_CW_YC_M.mature,27,270,10,0.0,10000.0,1.0,1.0,0.0,0.0,0.0
feature.Seral.CWHvm_CW_YC_M.mature,28,280,10,0.0,10000.0,1.0,1.0,0.0,0.0,0.0
feature.Seral.CWHvm_CW_YC_M.mature,29,290,10,0.0,10000.0,1.0,1.0,0.0,0.0,0.0
feature.Seral.CWHvm_CW_YC_M.mature,30,300,10,0.0,10000.0,1.0,1.0,0.0,0.0,0.0
feature.Seral.CWHvm_CW_YC_M.overmature,0,0,10,0.0,10000.0,1.0,1.0,41.14799880981445,0.0,0.0
feature.Seral.CWHvm_CW_YC_M.overmature,1,10,10,0.0,10000.0,1.0,1.0,41.14799880981445,0.0,0.0
feature.Seral.CWHvm_CW_YC_M.overmature,2,20,10,0.0,10000.0,1.0,1.0,28.034000396728516,0.0,0.0
feature.Seral.CWHvm_CW_YC_M.overmature,3,30,10,0.0,10000.0,1.0,1.0,28.034000396728516,0.0,0.0
feature.Seral.CWHvm_CW_YC_M.overmature,4,40,10,0.0,10000.0,1.0,1.0,28.034000396728516,0.0,0.0
feature.Seral.CWHvm_CW_YC_M.overmature,5,50,10,0.0,10000.0,1.0,1.0,28.034000396728516,0.0,0.0
feature.Seral.CWHvm_CW_YC_M.overmature,6,60,10,0.0,10000.0,1.0,1.0,28.034000396728516,0.0,0.0
feature.Seral.CWHvm_CW_YC_M.overmature,7,70,10,0.0,10000.0,1.0,1.0,17.020000457763672,0.0,0.0
feature.Seral.CWHvm_CW_YC_M.overmature,8,80,10,0.0,10000.0,1.0,1.0,7.2230000495910645,0.0,0.0
feature.Seral.CWHvm_CW_YC_M.overmature,9,90,10,0.0,10000.0,1.0,1.0,7.2230000495910645,0.0,0.0
feature.Seral.CWHvm_CW_YC_M.overmature,10,100,10,0.0,10000.0,1.0,1.0,7.2230000495910645,0.0,0.0
feature.Seral.CWHvm_CW_YC_M.overmature,11,110,10,0.0,10000.0,1.0,1.0,7.2230000495910645,0.0,0.0
feature.Seral.CWHvm_CW_YC_M.overmature,12,120,10,0.0,10000.0,1.0,1.0,7.2230000495910645,0.0,0.0
feature.Seral.CWHvm_CW_YC_M.overmature,13,130,10,0.0,10000.0,1.0,1.0,7.2230000495910645,0.0,0.0
feature.Seral.CWHvm_CW_YC_M.overmature,14,140,10,0.0,10000.0,1.0,1.0,7.2230000495910645,0.0,0.0
feature.Seral.CWHvm_CW_YC_M.overmature,15,150,10,0.0,10000.0,1.0,1.0,7.2230000495910645,0.0,0.0
feature.Seral.CWHvm_CW_YC_M.overmature,16,160,10,0.0,10000.0,1.0,1.0,7.2230000495910645,0.0,0.0
feature.Seral.CWHvm_CW_YC_M.overmature,17,170,10,0.0,10000.0,1.0,1.0,7.2230000495910645,0.0,0.0
feature.Seral.CWHvm_CW_YC_M.overmature,18,180,10,0.0,10000.0,1.0,1.0,7.2230000495910645,0.0,0.0
feature.Seral.CWHvm_CW_YC_M.overmature,19,190,10,0.0,10000.0,1.0,1.0,7.2230000495910645,0.0,0.0
feature.Seral.CWHvm_CW_YC_M.overmature,20,200,10,0.0,10000.0,1.0,1.0,7.2230000495910645,0.0,0.0
feature.Seral.CWHvm_CW_YC_M.overmature,21,210,10,0.0,10000.0,1.0,1.0,7.2230000495910645,0.0,0.0
feature.Seral.CWHvm_CW_YC_M.overmature,22,220,10,0.0,10000.0,1.0,1.0,7.2230000495910645,0.0,0.0
feature.Seral.CWHvm_CW_YC_M.overmature,23,230,10,0.0,10000.0,1.0,1.0,15.359000205993652,0.0,0.0
feature.Seral.CWHvm_CW_YC_M.overmature,24,240,10,0.0,10000.0,1.0,1.0,0.04500000178813934,0.0,0.0
feature.Seral.CWHvm_CW_YC_M.overmature,25,250,10,0.0,10000.0,1.0,1.0,0.04500000178813934,0.0,0.0
feature.Seral.CWHvm_CW_YC_M.overmature,26,260,10,0.0,10000.0,1.0,1.0,0.04500000178813934,0.0,0.0
feature.Seral.CWHvm_CW_YC_M.overmature,27,270,10,0.0,10000.0,1.0,1.0,0.04500000178813934,0.0,0.0
feature.Seral.CWHvm_CW_YC_M.overmature,28,280,10,0.0,10000.0,1.0,1.0,11.059000015258789,0.0,0.0
feature.Seral.CWHvm_CW_YC_M.overmature,29,290,10,0.0,10000.0,1.0,1.0,20.856000900268555,0.0,0.0
feature.Seral.CWHvm_CW_YC_M.overmature,30,300,10,0.0,10000.0,1.0,1.0,20.856000900268555,0.0,0.0
feature.Seral.CWHvm_CW_YC_M.regenerating,0,0,10,0.0,10000.0,1.0,1.0,0.0,0.0,0.0
feature.Seral.CWHvm_CW_YC_M.regenerating,1,10,10,0.0,10000.0,1.0,1.0,0.0,0.0,0.0
feature.Seral.CWHvm_CW_YC_M.regenerating,2,20,10,0.0,10000.0,1.0,1.0,8.13599967956543,0.0,0.0
feature.Seral.CWHvm_CW_YC_M.regenerating,3,30,10,0.0,10000.0,1.0,1.0,0.0,0.0,0.0
feature.Seral.CWHvm_CW_YC_M.regenerating,4,40,10,0.0,10000.0,1.0,1.0,0.0,0.0,0.0
feature.Seral.CWHvm_CW_YC_M.regenerating,5,50,10,0.0,10000.0,1.0,1.0,0.0,0.0,0.0
feature.Seral.CWHvm_CW_YC_M.regenerating,6,60,10,0.0,10000.0,1.0,1.0,0.0,0.0,0.0
feature.Seral.CWHvm_CW_YC_M.regenerating,7,70,10,0.0,10000.0,1.0,1.0,11.013999938964844,0.0,0.0
feature.Seral.CWHvm_CW_YC_M.regenerating,8,80,10,0.0,10000.0,1.0,1.0,0.0,0.0,0.0
feature.Seral.CWHvm_CW_YC_M.regenerating,9,90,10,0.0,10000.0,1.0,1.0,0.0,0.0,0.0
feature.Seral.CWHvm_CW_YC_M.regenerating,10,100,10,0.0,10000.0,1.0,1.0,0.0,0.0,0.0
feature.Seral.CWHvm_CW_YC_M.regenerating,11,110,10,0.0,10000.0,1.0,1.0,0.0,0.0,0.0
feature.Seral.CWHvm_CW_YC_M.regenerating,12,120,10,0.0,10000.0,1.0,1.0,0.0,0.0,0.0
feature.Seral.CWHvm_CW_YC_M.regenerating,13,130,10,0.0,10000.0,1.0,1.0,0.0,0.0,0.0
feature.Seral.CWHvm_CW_YC_M.regenerating,14,140,10,0.0,10000.0,1.0,1.0,0.0,0.0,0.0
feature.Seral.CWHvm_CW_YC_M.regenerating,15,150,10,0.0,10000.0,1.0,1.0,0.0,0.0,0.0
feature.Seral.CWHvm_CW_YC_M.regenerating,16,160,10,0.0,10000.0,1.0,1.0,0.0,0.0,0.0
feature.Seral.CWHvm_CW_YC_M.regenerating,17,170,10,0.0,10000.0,1.0,1.0,0.0,0.0,0.0
feature.Seral.CWHvm_CW_YC_M.regenerating,18,180,10,0.0,10000.0,1.0,1.0,0.0,0.0,0.0
feature.Seral.CWHvm_CW_YC_M.regenerating,19,190,10,0.0,10000.0,1.0,1.0,0.0,0.0,0.0
feature.Seral.CWHvm_CW_YC_M.regenerating,20,200,10,0.0,10000.0,1.0,1.0,0.0,0.0,0.0
feature.Seral.CWHvm_CW_YC_M.regenerating,21,210,10,0.0,10000.0,1.0,1.0,0.0,0.0,0.0
feature.Seral.CWHvm_CW_YC_M.regenerating,22,220,10,0.0,10000.0,1.0,1.0,0.0,0.0,0.0
feature.Seral.CWHvm_CW_YC_M.regenerating,23,230,10,0.0,10000.0,1.0,1.0,0.0,0.0,0.0
feature.Seral.CWHvm_CW_YC_M.regenerating,24,240,10,0.0,10000.0,1.0,1.0,8.13599967956543,0.0,0.0
feature.Seral.CWHvm_CW_YC_M.regenerating,25,250,10,0.0,10000.0,1.0,1.0,0.0,0.0,0.0
feature.Seral.CWHvm_CW_YC_M.regenerating,26,260,10,0.0,10000.0,1.0,1.0,0.0,0.0,0.0
feature.Seral.CWHvm_CW_YC_M.regenerating,27,270,10,0.0,10000.0,1.0,1.0,0.0,0.0,0.0
feature.Seral.CWHvm_CW_YC_M.regenerating,28,280,10,0.0,10000.0,1.0,1.0,0.0,0.0,0.0
feature.Seral.CWHvm_CW_YC_M.regenerating,29,290,10,0.0,10000.0,1.0,1.0,0.0,0.0,0.0
feature.Seral.CWHvm_CW_YC_M.regenerating,30,300,10,0.0,10000.0,1.0,1.0,0.0,0.0,0.0
feature.Seral.CWHvm_CW_YC_M.young,0,0,10,0.0,10000.0,1.0,1.0,0.0,0.0,0.0
feature.Seral.CWHvm_CW_YC_M.young,1,10,10,0.0,10000.0,1.0,1.0,0.0,0.0,0.0
feature.Seral.CWHvm_CW_YC_M.young,2,20,10,0.0,10000.0,1.0,1.0,4.978000164031982,0.0,0.0
feature.Seral.CWHvm_CW_YC_M.young,3,30,10,0.0,10000.0,1.0,1.0,13.11400032043457,0.0,0.0
feature.Seral.CWHvm_CW_YC_M.young,4,40,10,0.0,10000.0,1.0,1.0,8.13599967956543,0.0,0.0
feature.Seral.CWHvm_CW_YC_M.young,5,50,10,0.0,10000.0,1.0,1.0,0.0,0.0,0.0
feature.Seral.CWHvm_CW_YC_M.young,6,60,10,0.0,10000.0,1.0,1.0,0.0,0.0,0.0
feature.Seral.CWHvm_CW_YC_M.young,7,70,10,0.0,10000.0,1.0,1.0,0.0,0.0,0.0
feature.Seral.CWHvm_CW_YC_M.young,8,80,10,0.0,10000.0,1.0,1.0,20.81100082397461,0.0,0.0
feature.Seral.CWHvm_CW_YC_M.young,9,90,10,0.0,10000.0,1.0,1.0,20.81100082397461,0.0,0.0
feature.Seral.CWHvm_CW_YC_M.young,10,100,10,0.0,10000.0,1.0,1.0,0.0,0.0,0.0
feature.Seral.CWHvm_CW_YC_M.young,11,110,10,0.0,10000.0,1.0,1.0,0.0,0.0,0.0
feature.Seral.CWHvm_CW_YC_M.young,12,120,10,0.0,10000.0,1.0,1.0,0.0,0.0,0.0
feature.Seral.CWHvm_CW_YC_M.young,13,130,10,0.0,10000.0,1.0,1.0,0.0,0.0,0.0
feature.Seral.CWHvm_CW_YC_M.young,14,140,10,0.0,10000.0,1.0,1.0,0.0,0.0,0.0
feature.Seral.CWHvm_CW_YC_M.young,15,150,10,0.0,10000.0,1.0,1.0,0.0,0.0,0.0
feature.Seral.CWHvm_CW_YC_M.young,16,160,10,0.0,10000.0,1.0,1.0,0.0,0.0,0.0
feature.Seral.CWHvm_CW_YC_M.young,17,170,10,0.0,10000.0,1.0,1.0,0.0,0.0,0.0
feature.Seral.CWHvm_CW_YC_M.young,18,180,10,0.0,10000.0,1.0,1.0,0.0,0.0,0.0
feature.Seral.CWHvm_CW_YC_M.young,19,190,10,0.0,10000.0,1.0,1.0,0.0,0.0,0.0
feature.Seral.CWHvm_CW_YC_M.young,20,200,10,0.0,10000.0,1.0,1.0,0.0,0.0,0.0
feature.Seral.CWHvm_CW_YC_M.young,21,210,10,0.0,10000.0,1.0,1.0,0.0,0.0,0.0
feature.Seral.CWHvm_CW_YC_M.young,22,220,10,0.0,10000.0,1.0,1.0,4.978000164031982,0.0,0.0
feature.Seral.CWHvm_CW_YC_M.young,23,230,10,0.0,10000.0,1.0,1.0,4.978000164031982,0.0,0.0
feature.Seral.CWHvm_CW_YC_M.young,24,240,10,0.0,10000.0,1.0,1.0,7.177999973297119,0.0,0.0
feature.Seral.CWHvm_CW_YC_M.young,25,250,10,0.0,10000.0,1.0,1.0,15.314000129699707,0.0,0.0
feature.Seral.CWHvm_CW_YC_M.young,26,260,10,0.0,10000.0,1.0,1.0,8.13599967956543,0.0,0.0
feature.Seral.CWHvm_CW_YC_M.young,27,270,10,0.0,10000.0,1.0,1.0,0.0,0.0,0.0
feature.Seral.CWHvm_CW_YC_M.young,28,280,10,0.0,10000.0,1.0,1.0,0.0,0.0,0.0
feature.Seral.CWHvm_CW_YC_M.young,29,290,10,0.0,10000.0,1.0,1.0,0.0,0.0,0.0
feature.Seral.CWHvm_CW_YC_M.young,30,300,10,0.0,10000.0,1.0,1.0,0.0,0.0,0.0
feature.Seral.CWHvm_DR_HW_M.immature,0,0,10,0.0,10000.0,1.0,1.0,66.09200286865234,0.0,0.0
feature.Seral.CWHvm_DR_HW_M.immature,1,10,10,0.0,10000.0,1.0,1.0,66.09200286865234,0.0,0.0
feature.Seral.CWHvm_DR_HW_M.immature,2,20,10,0.0,10000.0,1.0,1.0,66.09200286865234,0.0,0.0
feature.Seral.CWHvm_DR_HW_M.immature,3,30,10,0.0,10000.0,1.0,1.0,66.09200286865234,0.0,0.0
feature.Seral.CWHvm_DR_HW_M.immature,4,40,10,0.0,10000.0,1.0,1.0,66.09200286865234,0.0,0.0
feature.Seral.CWHvm_DR_HW_M.immature,5,50,10,0.0,10000.0,1.0,1.0,64.9990005493164,0.0,0.0
feature.Seral.CWHvm_DR_HW_M.immature,6,60,10,0.0,10000.0,1.0,1.0,64.9990005493164,0.0,0.0
feature.Seral.CWHvm_DR_HW_M.immature,7,70,10,0.0,10000.0,1.0,1.0,43.55799865722656,0.0,0.0
feature.Seral.CWHvm_DR_HW_M.immature,8,80,10,0.0,10000.0,1.0,1.0,1.093000054359436,0.0,0.0
feature.Seral.CWHvm_DR_HW_M.immature,9,90,10,0.0,10000.0,1.0,1.0,1.093000054359436,0.0,0.0
feature.Seral.CWHvm_DR_HW_M.immature,10,100,10,0.0,10000.0,1.0,1.0,1.093000054359436,0.0,0.0
feature.Seral.CWHvm_DR_HW_M.immature,11,110,10,0.0,10000.0,1.0,1.0,2.421999931335449,0.0,0.0
feature.Seral.CWHvm_DR_HW_M.immature,12,120,10,0.0,10000.0,1.0,1.0,2.421999931335449,0.0,0.0
feature.Seral.CWHvm_DR_HW_M.immature,13,130,10,0.0,10000.0,1.0,1.0,15.333999633789062,0.0,0.0
feature.Seral.CWHvm_DR_HW_M.immature,14,140,10,0.0,10000.0,1.0,1.0,15.333999633789062,0.0,0.0
feature.Seral.CWHvm_DR_HW_M.immature,15,150,10,0.0,10000.0,1.0,1.0,21.488000869750977,0.0,0.0
feature.Seral.CWHvm_DR_HW_M.immature,16,160,10,0.0,10000.0,1.0,1.0,34.869998931884766,0.0,0.0
feature.Seral.CWHvm_DR_HW_M.immature,17,170,10,0.0,10000.0,1.0,1.0,33.777000427246094,0.0,0.0
feature.Seral.CWHvm_DR_HW_M.immature,18,180,10,0.0,10000.0,1.0,1.0,41.57500076293945,0.0,0.0
feature.Seral.CWHvm_DR_HW_M.immature,19,190,10,0.0,10000.0,1.0,1.0,41.57500076293945,0.0,0.0
feature.Seral.CWHvm_DR_HW_M.immature,20,200,10,0.0,10000.0,1.0,1.0,42.667999267578125,0.0,0.0
feature.Seral.CWHvm_DR_HW_M.immature,21,210,10,0.0,10000.0,1.0,1.0,41.3390007019043,0.0,0.0
feature.Seral.CWHvm_DR_HW_M.immature,22,220,10,0.0,10000.0,1.0,1.0,37.66899871826172,0.0,0.0
feature.Seral.CWHvm_DR_HW_M.immature,23,230,10,0.0,10000.0,1.0,1.0,28.427000045776367,0.0,0.0
feature.Seral.CWHvm_DR_HW_M.immature,24,240,10,0.0,10000.0,1.0,1.0,29.756000518798828,0.0,0.0
feature.Seral.CWHvm_DR_HW_M.immature,25,250,10,0.0,10000.0,1.0,1.0,18.7450008392334,0.0,0.0
feature.Seral.CWHvm_DR_HW_M.immature,26,260,10,0.0,10000.0,1.0,1.0,18.7450008392334,0.0,0.0
feature.Seral.CWHvm_DR_HW_M.immature,27,270,10,0.0,10000.0,1.0,1.0,21.322999954223633,0.0,0.0
feature.Seral.CWHvm_DR_HW_M.immature,28,280,10,0.0,10000.0,1.0,1.0,32.90700149536133,0.0,0.0
feature.Seral.CWHvm_DR_HW_M.immature,29,290,10,0.0,10000.0,1.0,1.0,33.60100173950195,0.0,0.0
feature.Seral.CWHvm_DR_HW_M.immature,30,300,10,0.0,10000.0,1.0,1.0,33.60100173950195,0.0,0.0
feature.Seral.CWHvm_DR_HW_M.mature,0,0,10,0.0,10000.0,1.0,1.0,0.0,0.0,0.0
feature.Seral.CWHvm_DR_HW_M.mature,1,10,10,0.0,10000.0,1.0,1.0,0.0,0.0,0.0
feature.Seral.CWHvm_DR_HW_M.mature,2,20,10,0.0,10000.0,1.0,1.0,0.0,0.0,0.0
feature.Seral.CWHvm_DR_HW_M.mature,3,30,10,0.0,10000.0,1.0,1.0,0.0,0.0,0.0
feature.Seral.CWHvm_DR_HW_M.mature,4,40,10,0.0,10000.0,1.0,1.0,0.0,0.0,0.0
feature.Seral.CWHvm_DR_HW_M.mature,5,50,10,0.0,10000.0,1.0,1.0,0.0,0.0,0.0
feature.Seral.CWHvm_DR_HW_M.mature,6,60,10,0.0,10000.0,1.0,1.0,0.0,0.0,0.0
feature.Seral.CWHvm_DR_HW_M.mature,7,70,10,0.0,10000.0,1.0,1.0,21.44099998474121,0.0,0.0
feature.Seral.CWHvm_DR_HW_M.mature,8,80,10,0.0,10000.0,1.0,1.0,64.9990005493164,0.0,0.0
feature.Seral.CWHvm_DR_HW_M.mature,9,90,10,0.0,10000.0,1.0,1.0,43.55799865722656,0.0,0.0
feature.Seral.CWHvm_DR_HW_M.mature,10,100,10,0.0,10000.0,1.0,1.0,0.0,0.0,0.0
feature.Seral.CWHvm_DR_HW_M.mature,11,110,10,0.0,10000.0,1.0,1.0,0.0,0.0,0.0
feature.Seral.CWHvm_DR_HW_M.mature,12,120,10,0.0,10000.0,1.0,1.0,0.0,0.0,0.0
feature.Seral.CWHvm_DR_HW_M.mature,13,130,10,0.0,10000.0,1.0,1.0,0.0,0.0,0.0
feature.Seral.CWHvm_DR_HW_M.mature,14,140,10,0.0,10000.0,1.0,1.0,0.0,0.0,0.0
feature.Seral.CWHvm_DR_HW_M.mature,15,150,10,0.0,10000.0,1.0,1.0,0.0,0.0,0.0
feature.Seral.CWHvm_DR_HW_M.mature,16,160,10,0.0,10000.0,1.0,1.0,0.0,0.0,0.0
feature.Seral.CWHvm_DR_HW_M.mature,17,170,10,0.0,10000.0,1.0,1.0,0.0,0.0,0.0
feature.Seral.CWHvm_DR_HW_M.mature,18,180,10,0.0,10000.0,1.0,1.0,0.0,0.0,0.0
feature.Seral.CWHvm_DR_HW_M.mature,19,190,10,0.0,10000.0,1.0,1.0,0.0,0.0,0.0
feature.Seral.CWHvm_DR_HW_M.mature,20,200,10,0.0,10000.0,1.0,1.0,0.0,0.0,0.0
feature.Seral.CWHvm_DR_HW_M.mature,21,210,10,0.0,10000.0,1.0,1.0,0.0,0.0,0.0
feature.Seral.CWHvm_DR_HW_M.mature,22,220,10,0.0,10000.0,1.0,1.0,3.6700000762939453,0.0,0.0
feature.Seral.CWHvm_DR_HW_M.mature,23,230,10,0.0,10000.0,1.0,1.0,9.241999626159668,0.0,0.0
feature.Seral.CWHvm_DR_HW_M.mature,24,240,10,0.0,10000.0,1.0,1.0,6.817999839782715,0.0,0.0
feature.Seral.CWHvm_DR_HW_M.mature,25,250,10,0.0,10000.0,1.0,1.0,0.0,0.0,0.0
feature.Seral.CWHvm_DR_HW_M.mature,26,260,10,0.0,10000.0,1.0,1.0,0.0,0.0,0.0
feature.Seral.CWHvm_DR_HW_M.mature,27,270,10,0.0,10000.0,1.0,1.0,6.0,0.0,0.0
feature.Seral.CWHvm_DR_HW_M.mature,28,280,10,0.0,10000.0,1.0,1.0,7.797999858856201,0.0,0.0
feature.Seral.CWHvm_DR_HW_M.mature,29,290,10,0.0,10000.0,1.0,1.0,1.7979999780654907,0.0,0.0
feature.Seral.CWHvm_DR_HW_M.mature,30,300,10,0.0,10000.0,1.0,1.0,0.0,0.0,0.0
feature.Seral.CWHvm_DR_HW_M.overmature,0,0,10,0.0,10000.0,1.0,1.0,0.0,0.0,0.0
feature.Seral.CWHvm_DR_HW_M.overmature,1,10,10,0.0,10000.0,1.0,1.0,0.0,0.0,0.0
feature.Seral.CWHvm_DR_HW_M.overmature,2,20,10,0.0,10000.0,1.0,1.0,0.0,0.0,0.0
feature.Seral.CWHvm_DR_HW_M.overmature,3,30,10,0.0,10000.0,1.0,1.0,0.0,0.0,0.0
feature.Seral.CWHvm_DR_HW_M.overmature,4,40,10,0.0,10000.0,1.0,1.0,0.0,0.0,0.0
feature.Seral.CWHvm_DR_HW_M.overmature,5,50,10,0.0,10000.0,1.0,1.0,0.0,0.0,0.0
feature.Seral.CWHvm_DR_HW_M.overmature,6,60,10,0.0,10000.0,1.0,1.0,0.0,0.0,0.0
feature.Seral.CWHvm_DR_HW_M.overmature,7,70,10,0.0,10000.0,1.0,1.0,0.0,0.0,0.0
feature.Seral.CWHvm_DR_HW_M.overmature,8,80,10,0.0,10000.0,1.0,1.0,0.0,0.0,0.0
feature.Seral.CWHvm_DR_HW_M.overmature,9,90,10,0.0,10000.0,1.0,1.0,20.11199951171875,0.0,0.0
feature.Seral.CWHvm_DR_HW_M.overmature,10,100,10,0.0,10000.0,1.0,1.0,53.18199920654297,0.0,0.0
feature.Seral.CWHvm_DR_HW_M.overmature,11,110,10,0.0,10000.0,1.0,1.0,50.757999420166016,0.0,0.0
feature.Seral.CWHvm_DR_HW_M.overmature,12,120,10,0.0,10000.0,1.0,1.0,50.757999420166016,0.0,0.0
feature.Seral.CWHvm_DR_HW_M.overmature,13,130,10,0.0,10000.0,1.0,1.0,44.604000091552734,0.0,0.0
feature.Seral.CWHvm_DR_HW_M.overmature,14,140,10,0.0,10000.0,1.0,1.0,31.222000122070312,0.0,0.0
feature.Seral.CWHvm_DR_HW_M.overmature,15,150,10,0.0,10000.0,1.0,1.0,23.423999786376953,0.0,0.0
feature.Seral.CWHvm_DR_HW_M.overmature,16,160,10,0.0,10000.0,1.0,1.0,23.423999786376953,0.0,0.0
feature.Seral.CWHvm_DR_HW_M.overmature,17,170,10,0.0,10000.0,1.0,1.0,23.423999786376953,0.0,0.0
feature.Seral.CWHvm_DR_HW_M.overmature,18,180,10,0.0,10000.0,1.0,1.0,23.423999786376953,0.0,0.0
feature.Seral.CWHvm_DR_HW_M.overmature,19,190,10,0.0,10000.0,1.0,1.0,23.423999786376953,0.0,0.0
feature.Seral.CWHvm_DR_HW_M.overmature,20,200,10,0.0,10000.0,1.0,1.0,23.423999786376953,0.0,0.0
feature.Seral.CWHvm_DR_HW_M.overmature,21,210,10,0.0,10000.0,1.0,1.0,23.423999786376953,0.0,0.0
feature.Seral.CWHvm_DR_HW_M.overmature,22,220,10,0.0,10000.0,1.0,1.0,18.569000244140625,0.0,0.0
feature.Seral.CWHvm_DR_HW_M.overmature,23,230,10,0.0,10000.0,1.0,1.0,18.569000244140625,0.0,0.0
feature.Seral.CWHvm_DR_HW_M.overmature,24,240,10,0.0,10000.0,1.0,1.0,18.569000244140625,0.0,0.0
feature.Seral.CWHvm_DR_HW_M.overmature,25,250,10,0.0,10000.0,1.0,1.0,25.386999130249023,0.0,0.0
feature.Seral.CWHvm_DR_HW_M.overmature,26,260,10,0.0,10000.0,1.0,1.0,23.600000381469727,0.0,0.0
feature.Seral.CWHvm_DR_HW_M.overmature,27,270,10,0.0,10000.0,1.0,1.0,23.600000381469727,0.0,0.0
feature.Seral.CWHvm_DR_HW_M.overmature,28,280,10,0.0,10000.0,1.0,1.0,23.600000381469727,0.0,0.0
feature.Seral.CWHvm_DR_HW_M.overmature,29,290,10,0.0,10000.0,1.0,1.0,22.781999588012695,0.0,0.0
feature.Seral.CWHvm_DR_HW_M.overmature,30,300,10,0.0,10000.0,1.0,1.0,24.579999923706055,0.0,0.0
feature.Seral.CWHvm_DR_HW_M.regenerating,0,0,10,0.0,10000.0,1.0,1.0,0.0,0.0,0.0
feature.Seral.CWHvm_DR_HW_M.regenerating,1,10,10,0.0,10000.0,1.0,1.0,0.0,0.0,0.0
feature.Seral.CWHvm_DR_HW_M.regenerating,2,20,10,0.0,10000.0,1.0,1.0,0.0,0.0,0.0
feature.Seral.CWHvm_DR_HW_M.regenerating,3,30,10,0.0,10000.0,1.0,1.0,0.0,0.0,0.0
feature.Seral.CWHvm_DR_HW_M.regenerating,4,40,10,0.0,10000.0,1.0,1.0,0.0,0.0,0.0
feature.Seral.CWHvm_DR_HW_M.regenerating,5,50,10,0.0,10000.0,1.0,1.0,1.093000054359436,0.0,0.0
feature.Seral.CWHvm_DR_HW_M.regenerating,6,60,10,0.0,10000.0,1.0,1.0,0.0,0.0,0.0
feature.Seral.CWHvm_DR_HW_M.regenerating,7,70,10,0.0,10000.0,1.0,1.0,0.0,0.0,0.0
feature.Seral.CWHvm_DR_HW_M.regenerating,8,80,10,0.0,10000.0,1.0,1.0,0.0,0.0,0.0
feature.Seral.CWHvm_DR_HW_M.regenerating,9,90,10,0.0,10000.0,1.0,1.0,0.0,0.0,0.0
feature.Seral.CWHvm_DR_HW_M.regenerating,10,100,10,0.0,10000.0,1.0,1.0,10.48799991607666,0.0,0.0
feature.Seral.CWHvm_DR_HW_M.regenerating,11,110,10,0.0,10000.0,1.0,1.0,0.0,0.0,0.0
feature.Seral.CWHvm_DR_HW_M.regenerating,12,120,10,0.0,10000.0,1.0,1.0,0.0,0.0,0.0
feature.Seral.CWHvm_DR_HW_M.regenerating,13,130,10,0.0,10000.0,1.0,1.0,0.0,0.0,0.0
feature.Seral.CWHvm_DR_HW_M.regenerating,14,140,10,0.0,10000.0,1.0,1.0,0.0,0.0,0.0
feature.Seral.CWHvm_DR_HW_M.regenerating,15,150,10,0.0,10000.0,1.0,1.0,7.797999858856201,0.0,0.0
feature.Seral.CWHvm_DR_HW_M.regenerating,16,160,10,0.0,10000.0,1.0,1.0,0.0,0.0,0.0
feature.Seral.CWHvm_DR_HW_M.regenerating,17,170,10,0.0,10000.0,1.0,1.0,1.093000054359436,0.0,0.0
feature.Seral.CWHvm_DR_HW_M.regenerating,18,180,10,0.0,10000.0,1.0,1.0,0.0,0.0,0.0
feature.Seral.CWHvm_DR_HW_M.regenerating,19,190,10,0.0,10000.0,1.0,1.0,0.0,0.0,0.0
feature.Seral.CWHvm_DR_HW_M.regenerating,20,200,10,0.0,10000.0,1.0,1.0,0.0,0.0,0.0
feature.Seral.CWHvm_DR_HW_M.regenerating,21,210,10,0.0,10000.0,1.0,1.0,1.3289999961853027,0.0,0.0
feature.Seral.CWHvm_DR_HW_M.regenerating,22,220,10,0.0,10000.0,1.0,1.0,4.855000019073486,0.0,0.0
feature.Seral.CWHvm_DR_HW_M.regenerating,23,230,10,0.0,10000.0,1.0,1.0,0.0,0.0,0.0
feature.Seral.CWHvm_DR_HW_M.regenerating,24,240,10,0.0,10000.0,1.0,1.0,2.4240000247955322,0.0,0.0
feature.Seral.CWHvm_DR_HW_M.regenerating,25,250,10,0.0,10000.0,1.0,1.0,13.381999969482422,0.0,0.0
feature.Seral.CWHvm_DR_HW_M.regenerating,26,260,10,0.0,10000.0,1.0,1.0,1.7869999408721924,0.0,0.0
feature.Seral.CWHvm_DR_HW_M.regenerating,27,270,10,0.0,10000.0,1.0,1.0,0.0,0.0,0.0
feature.Seral.CWHvm_DR_HW_M.regenerating,28,280,10,0.0,10000.0,1.0,1.0,0.0,0.0,0.0
feature.Seral.CWHvm_DR_HW_M.regenerating,29,290,10,0.0,10000.0,1.0,1.0,0.0,0.0,0.0
feature.Seral.CWHvm_DR_HW_M.regenerating,30,300,10,0.0,10000.0,1.0,1.0,0.0,0.0,0.0
feature.Seral.CWHvm_DR_HW_M.young,0,0,10,0.0,10000.0,1.0,1.0,0.0,0.0,0.0
feature.Seral.CWHvm_DR_HW_M.young,1,10,10,0.0,10000.0,1.0,1.0,0.0,0.0,0.0
feature.Seral.CWHvm_DR_HW_M.young,2,20,10,0.0,10000.0,1.0,1.0,0.0,0.0,0.0
feature.Seral.CWHvm_DR_HW_M.young,3,30,10,0.0,10000.0,1.0,1.0,0.0,0.0,0.0
feature.Seral.CWHvm_DR_HW_M.young,4,40,10,0.0,10000.0,1.0,1.0,0.0,0.0,0.0
feature.Seral.CWHvm_DR_HW_M.young,5,50,10,0.0,10000.0,1.0,1.0,0.0,0.0,0.0
feature.Seral.CWHvm_DR_HW_M.young,6,60,10,0.0,10000.0,1.0,1.0,1.093000054359436,0.0,0.0
feature.Seral.CWHvm_DR_HW_M.young,7,70,10,0.0,10000.0,1.0,1.0,1.093000054359436,0.0,0.0
feature.Seral.CWHvm_DR_HW_M.young,8,80,10,0.0,10000.0,1.0,1.0,0.0,0.0,0.0
feature.Seral.CWHvm_DR_HW_M.young,9,90,10,0.0,10000.0,1.0,1.0,1.3289999961853027,0.0,0.0
feature.Seral.CWHvm_DR_HW_M.young,10,100,10,0.0,10000.0,1.0,1.0,1.3289999961853027,0.0,0.0
feature.Seral.CWHvm_DR_HW_M.young,11,110,10,0.0,10000.0,1.0,1.0,12.911999702453613,0.0,0.0
feature.Seral.CWHvm_DR_HW_M.young,12,120,10,0.0,10000.0,1.0,1.0,12.911999702453613,0.0,0.0
feature.Seral.CWHvm_DR_HW_M.young,13,130,10,0.0,10000.0,1.0,1.0,6.1539998054504395,0.0,0.0
feature.Seral.CWHvm_DR_HW_M.young,14,140,10,0.0,10000.0,1.0,1.0,19.535999298095703,0.0,0.0
feature.Seral.CWHvm_DR_HW_M.young,15,150,10,0.0,10000.0,1.0,1.0,13.381999969482422,0.0,0.0
feature.Seral.CWHvm_DR_HW_M.young,16,160,10,0.0,10000.0,1.0,1.0,7.797999858856201,0.0,0.0
feature.Seral.CWHvm_DR_HW_M.young,17,170,10,0.0,10000.0,1.0,1.0,7.797999858856201,0.0,0.0
feature.Seral.CWHvm_DR_HW_M.young,18,180,10,0.0,10000.0,1.0,1.0,1.093000054359436,0.0,0.0
feature.Seral.CWHvm_DR_HW_M.young,19,190,10,0.0,10000.0,1.0,1.0,1.093000054359436,0.0,0.0
feature.Seral.CWHvm_DR_HW_M.young,20,200,10,0.0,10000.0,1.0,1.0,0.0,0.0,0.0
feature.Seral.CWHvm_DR_HW_M.young,21,210,10,0.0,10000.0,1.0,1.0,0.0,0.0,0.0
feature.Seral.CWHvm_DR_HW_M.young,22,220,10,0.0,10000.0,1.0,1.0,1.3289999961853027,0.0,0.0
feature.Seral.CWHvm_DR_HW_M.young,23,230,10,0.0,10000.0,1.0,1.0,9.854000091552734,0.0,0.0
feature.Seral.CWHvm_DR_HW_M.young,24,240,10,0.0,10000.0,1.0,1.0,8.524999618530273,0.0,0.0
feature.Seral.CWHvm_DR_HW_M.young,25,250,10,0.0,10000.0,1.0,1.0,8.57800006866455,0.0,0.0
feature.Seral.CWHvm_DR_HW_M.young,26,260,10,0.0,10000.0,1.0,1.0,21.959999084472656,0.0,0.0
feature.Seral.CWHvm_DR_HW_M.young,27,270,10,0.0,10000.0,1.0,1.0,15.168999671936035,0.0,0.0
feature.Seral.CWHvm_DR_HW_M.young,28,280,10,0.0,10000.0,1.0,1.0,1.7869999408721924,0.0,0.0
feature.Seral.CWHvm_DR_HW_M.young,29,290,10,0.0,10000.0,1.0,1.0,7.910999774932861,0.0,0.0
feature.Seral.CWHvm_DR_HW_M.young,30,300,10,0.0,10000.0,1.0,1.0,7.910999774932861,0.0,0.0
feature.Seral.CWHvm_FDC_HW_H.immature,0,0,10,0.0,10000.0,1.0,1.0,182.99099731445312,0.0,0.0
feature.Seral.CWHvm_FDC_HW_H.immature,1,10,10,0.0,10000.0,1.0,1.0,182.99099731445312,0.0,0.0
feature.Seral.CWHvm_FDC_HW_H.immature,2,20,10,0.0,10000.0,1.0,1.0,182.99099731445312,0.0,0.0
feature.Seral.CWHvm_FDC_HW_H.immature,3,30,10,0.0,10000.0,1.0,1.0,177.09300231933594,0.0,0.0
feature.Seral.CWHvm_FDC_HW_H.immature,4,40,10,0.0,10000.0,1.0,1.0,93.58200073242188,0.0,0.0
feature.Seral.CWHvm_FDC_HW_H.immature,5,50,10,0.0,10000.0,1.0,1.0,0.0,0.0,0.0
feature.Seral.CWHvm_FDC_HW_H.immature,6,60,10,0.0,10000.0,1.0,1.0,0.0,0.0,0.0
feature.Seral.CWHvm_FDC_HW_H.immature,7,70,10,0.0,10000.0,1.0,1.0,13.862000465393066,0.0,0.0
feature.Seral.CWHvm_FDC_HW_H.immature,8,80,10,0.0,10000.0,1.0,1.0,21.68400001525879,0.0,0.0
feature.Seral.CWHvm_FDC_HW_H.immature,9,90,10,0.0,10000.0,1.0,1.0,21.68400001525879,0.0,0.0
feature.Seral.CWHvm_FDC_HW_H.immature,10,100,10,0.0,10000.0,1.0,1.0,27.582000732421875,0.0,0.0
feature.Seral.CWHvm_FDC_HW_H.immature,11,110,10,0.0,10000.0,1.0,1.0,68.20099639892578,0.0,0.0
feature.Seral.CWHvm_FDC_HW_H.immature,12,120,10,0.0,10000.0,1.0,1.0,60.37900161743164,0.0,0.0
feature.Seral.CWHvm_FDC_HW_H.immature,13,130,10,0.0,10000.0,1.0,1.0,53.152000427246094,0.0,0.0
feature.Seral.CWHvm_FDC_HW_H.immature,14,140,10,0.0,10000.0,1.0,1.0,65.60700225830078,0.0,0.0
feature.Seral.CWHvm_FDC_HW_H.immature,15,150,10,0.0,10000.0,1.0,1.0,73.42900085449219,0.0,0.0
feature.Seral.CWHvm_FDC_HW_H.immature,16,160,10,0.0,10000.0,1.0,1.0,81.39299774169922,0.0,0.0
feature.Seral.CWHvm_FDC_HW_H.immature,17,170,10,0.0,10000.0,1.0,1.0,73.90399932861328,0.0,0.0
feature.Seral.CWHvm_FDC_HW_H.immature,18,180,10,0.0,10000.0,1.0,1.0,72.08200073242188,0.0,0.0
feature.Seral.CWHvm_FDC_HW_H.immature,19,190,10,0.0,10000.0,1.0,1.0,64.26000213623047,0.0,0.0
feature.Seral.CWHvm_FDC_HW_H.immature,20,200,10,0.0,10000.0,1.0,1.0,80.14299774169922,0.0,0.0
feature.Seral.CWHvm_FDC_HW_H.immature,21,210,10,0.0,10000.0,1.0,1.0,66.28099822998047,0.0,0.0
feature.Seral.CWHvm_FDC_HW_H.immature,22,220,10,0.0,10000.0,1.0,1.0,98.91699981689453,0.0,0.0
feature.Seral.CWHvm_FDC_HW_H.immature,23,230,10,0.0,10000.0,1.0,1.0,91.93000030517578,0.0,0.0
feature.Seral.CWHvm_FDC_HW_H.immature,24,240,10,0.0,10000.0,1.0,1.0,74.83599853515625,0.0,0.0
feature.Seral.CWHvm_FDC_HW_H.immature,25,250,10,0.0,10000.0,1.0,1.0,66.84300231933594,0.0,0.0
feature.Seral.CWHvm_FDC_HW_H.immature,26,260,10,0.0,10000.0,1.0,1.0,46.49800109863281,0.0,0.0
feature.Seral.CWHvm_FDC_HW_H.immature,27,270,10,0.0,10000.0,1.0,1.0,59.689998626708984,0.0,0.0
feature.Seral.CWHvm_FDC_HW_H.immature,28,280,10,0.0,10000.0,1.0,1.0,20.447999954223633,0.0,0.0
feature.Seral.CWHvm_FDC_HW_H.immature,29,290,10,0.0,10000.0,1.0,1.0,31.643999099731445,0.0,0.0
feature.Seral.CWHvm_FDC_HW_H.immature,30,300,10,0.0,10000.0,1.0,1.0,53.327999114990234,0.0,0.0
feature.Seral.CWHvm_FDC_HW_H.mature,0,0,10,0.0,10000.0,1.0,1.0,0.0,0.0,0.0
feature.Seral.CWHvm_FDC_HW_H.mature,1,10,10,0.0,10000.0,1.0,1.0,0.0,0.0,0.0
feature.Seral.CWHvm_FDC_HW_H.mature,2,20,10,0.0,10000.0,1.0,1.0,0.0,0.0,0.0
feature.Seral.CWHvm_FDC_HW_H.mature,3,30,10,0.0,10000.0,1.0,1.0,0.0,0.0,0.0
feature.Seral.CWHvm_FDC_HW_H.mature,4,40,10,0.0,10000.0,1.0,1.0,0.0,0.0,0.0
feature.Seral.CWHvm_FDC_HW_H.mature,5,50,10,0.0,10000.0,1.0,1.0,0.0,0.0,0.0
feature.Seral.CWHvm_FDC_HW_H.mature,6,60,10,0.0,10000.0,1.0,1.0,0.0,0.0,0.0
feature.Seral.CWHvm_FDC_HW_H.mature,7,70,10,0.0,10000.0,1.0,1.0,0.0,0.0,0.0
feature.Seral.CWHvm_FDC_HW_H.mature,8,80,10,0.0,10000.0,1.0,1.0,0.0,0.0,0.0
feature.Seral.CWHvm_FDC_HW_H.mature,9,90,10,0.0,10000.0,1.0,1.0,0.0,0.0,0.0
feature.Seral.CWHvm_FDC_HW_H.mature,10,100,10,0.0,10000.0,1.0,1.0,0.0,0.0,0.0
feature.Seral.CWHvm_FDC_HW_H.mature,11,110,10,0.0,10000.0,1.0,1.0,0.0,0.0,0.0
feature.Seral.CWHvm_FDC_HW_H.mature,12,120,10,0.0,10000.0,1.0,1.0,0.0,0.0,0.0
feature.Seral.CWHvm_FDC_HW_H.mature,13,130,10,0.0,10000.0,1.0,1.0,0.0,0.0,0.0
feature.Seral.CWHvm_FDC_HW_H.mature,14,140,10,0.0,10000.0,1.0,1.0,0.0,0.0,0.0
feature.Seral.CWHvm_FDC_HW_H.mature,15,150,10,0.0,10000.0,1.0,1.0,0.0,0.0,0.0
feature.Seral.CWHvm_FDC_HW_H.mature,16,160,10,0.0,10000.0,1.0,1.0,0.0,0.0,0.0
feature.Seral.CWHvm_FDC_HW_H.mature,17,170,10,0.0,10000.0,1.0,1.0,0.0,0.0,0.0
feature.Seral.CWHvm_FDC_HW_H.mature,18,180,10,0.0,10000.0,1.0,1.0,0.0,0.0,0.0
feature.Seral.CWHvm_FDC_HW_H.mature,19,190,10,0.0,10000.0,1.0,1.0,0.0,0.0,0.0
feature.Seral.CWHvm_FDC_HW_H.mature,20,200,10,0.0,10000.0,1.0,1.0,0.0,0.0,0.0
feature.Seral.CWHvm_FDC_HW_H.mature,21,210,10,0.0,10000.0,1.0,1.0,0.0,0.0,0.0
feature.Seral.CWHvm_FDC_HW_H.mature,22,220,10,0.0,10000.0,1.0,1.0,0.0,0.0,0.0
feature.Seral.CWHvm_FDC_HW_H.mature,23,230,10,0.0,10000.0,1.0,1.0,0.0,0.0,0.0
feature.Seral.CWHvm_FDC_HW_H.mature,24,240,10,0.0,10000.0,1.0,1.0,0.0,0.0,0.0
feature.Seral.CWHvm_FDC_HW_H.mature,25,250,10,0.0,10000.0,1.0,1.0,0.0,0.0,0.0
feature.Seral.CWHvm_FDC_HW_H.mature,26,260,10,0.0,10000.0,1.0,1.0,0.0,0.0,0.0
feature.Seral.CWHvm_FDC_HW_H.mature,27,270,10,0.0,10000.0,1.0,1.0,0.0,0.0,0.0
feature.Seral.CWHvm_FDC_HW_H.mature,28,280,10,0.0,10000.0,1.0,1.0,0.0,0.0,0.0
feature.Seral.CWHvm_FDC_HW_H.mature,29,290,10,0.0,10000.0,1.0,1.0,0.0,0.0,0.0
feature.Seral.CWHvm_FDC_HW_H.mature,30,300,10,0.0,10000.0,1.0,1.0,0.0,0.0,0.0
feature.Seral.CWHvm_FDC_HW_H.overmature,0,0,10,0.0,10000.0,1.0,1.0,0.0,0.0,0.0
feature.Seral.CWHvm_FDC_HW_H.overmature,1,10,10,0.0,10000.0,1.0,1.0,0.0,0.0,0.0
feature.Seral.CWHvm_FDC_HW_H.overmature,2,20,10,0.0,10000.0,1.0,1.0,0.0,0.0,0.0
feature.Seral.CWHvm_FDC_HW_H.overmature,3,30,10,0.0,10000.0,1.0,1.0,5.8979997634887695,0.0,0.0
feature.Seral.CWHvm_FDC_HW_H.overmature,4,40,10,0.0,10000.0,1.0,1.0,75.5469970703125,0.0,0.0
feature.Seral.CWHvm_FDC_HW_H.overmature,5,50,10,0.0,10000.0,1.0,1.0,161.3070068359375,0.0,0.0
feature.Seral.CWHvm_FDC_HW_H.overmature,6,60,10,0.0,10000.0,1.0,1.0,161.3070068359375,0.0,0.0
feature.Seral.CWHvm_FDC_HW_H.overmature,7,70,10,0.0,10000.0,1.0,1.0,155.40899658203125,0.0,0.0
feature.Seral.CWHvm_FDC_HW_H.overmature,8,80,10,0.0,10000.0,1.0,1.0,135.06399536132812,0.0,0.0
feature.Seral.CWHvm_FDC_HW_H.overmature,9,90,10,0.0,10000.0,1.0,1.0,114.79000091552734,0.0,0.0
feature.Seral.CWHvm_FDC_HW_H.overmature,10,100,10,0.0,10000.0,1.0,1.0,108.15499877929688,0.0,0.0
feature.Seral.CWHvm_FDC_HW_H.overmature,11,110,10,0.0,10000.0,1.0,1.0,95.69999694824219,0.0,0.0
feature.Seral.CWHvm_FDC_HW_H.overmature,12,120,10,0.0,10000.0,1.0,1.0,95.69999694824219,0.0,0.0
feature.Seral.CWHvm_FDC_HW_H.overmature,13,130,10,0.0,10000.0,1.0,1.0,95.69999694824219,0.0,0.0
feature.Seral.CWHvm_FDC_HW_H.overmature,14,140,10,0.0,10000.0,1.0,1.0,74.85099792480469,0.0,0.0
feature.Seral.CWHvm_FDC_HW_H.overmature,15,150,10,0.0,10000.0,1.0,1.0,57.75699996948242,0.0,0.0
feature.Seral.CWHvm_FDC_HW_H.overmature,16,160,10,0.0,10000.0,1.0,1.0,63.654998779296875,0.0,0.0
feature.Seral.CWHvm_FDC_HW_H.overmature,17,170,10,0.0,10000.0,1.0,1.0,63.654998779296875,0.0,0.0
feature.Seral.CWHvm_FDC_HW_H.overmature,18,180,10,0.0,10000.0,1.0,1.0,82.57099914550781,0.0,0.0
feature.Seral.CWHvm_FDC_HW_H.overmature,19,190,10,0.0,10000.0,1.0,1.0,63.654998779296875,0.0,0.0
feature.Seral.CWHvm_FDC_HW_H.overmature,20,200,10,0.0,10000.0,1.0,1.0,70.21199798583984,0.0,0.0
feature.Seral.CWHvm_FDC_HW_H.overmature,21,210,10,0.0,10000.0,1.0,1.0,70.21199798583984,0.0,0.0
feature.Seral.CWHvm_FDC_HW_H.overmature,22,220,10,0.0,10000.0,1.0,1.0,70.21199798583984,0.0,0.0
feature.Seral.CWHvm_FDC_HW_H.overmature,23,230,10,0.0,10000.0,1.0,1.0,91.06099700927734,0.0,0.0
feature.Seral.CWHvm_FDC_HW_H.overmature,24,240,10,0.0,10000.0,1.0,1.0,108.15499877929688,0.0,0.0
feature.Seral.CWHvm_FDC_HW_H.overmature,25,250,10,0.0,10000.0,1.0,1.0,101.5979995727539,0.0,0.0
feature.Seral.CWHvm_FDC_HW_H.overmature,26,260,10,0.0,10000.0,1.0,1.0,121.94300079345703,0.0,0.0
feature.Seral.CWHvm_FDC_HW_H.overmature,27,270,10,0.0,10000.0,1.0,1.0,104.8489990234375,0.0,0.0
feature.Seral.CWHvm_FDC_HW_H.overmature,28,280,10,0.0,10000.0,1.0,1.0,123.76499938964844,0.0,0.0
feature.Seral.CWHvm_FDC_HW_H.overmature,29,290,10,0.0,10000.0,1.0,1.0,91.79199981689453,0.0,0.0
feature.Seral.CWHvm_FDC_HW_H.overmature,30,300,10,0.0,10000.0,1.0,1.0,72.8759994506836,0.0,0.0
feature.Seral.CWHvm_FDC_HW_H.regenerating,0,0,10,0.0,10000.0,1.0,1.0,0.0,0.0,0.0
feature.Seral.CWHvm_FDC_HW_H.regenerating,1,10,10,0.0,10000.0,1.0,1.0,0.0,0.0,0.0
feature.Seral.CWHvm_FDC_HW_H.regenerating,2,20,10,0.0,10000.0,1.0,1.0,0.0,0.0,0.0
feature.Seral.CWHvm_FDC_HW_H.regenerating,3,30,10,0.0,10000.0,1.0,1.0,0.0,0.0,0.0
feature.Seral.CWHvm_FDC_HW_H.regenerating,4,40,10,0.0,10000.0,1.0,1.0,13.862000465393066,0.0,0.0
feature.Seral.CWHvm_FDC_HW_H.regenerating,5,50,10,0.0,10000.0,1.0,1.0,7.822000026702881,0.0,0.0
feature.Seral.CWHvm_FDC_HW_H.regenerating,6,60,10,0.0,10000.0,1.0,1.0,0.0,0.0,0.0
feature.Seral.CWHvm_FDC_HW_H.regenerating,7,70,10,0.0,10000.0,1.0,1.0,5.8979997634887695,0.0,0.0
feature.Seral.CWHvm_FDC_HW_H.regenerating,8,80,10,0.0,10000.0,1.0,1.0,20.344999313354492,0.0,0.0
feature.Seral.CWHvm_FDC_HW_H.regenerating,9,90,10,0.0,10000.0,1.0,1.0,0.0,0.0,0.0
feature.Seral.CWHvm_FDC_HW_H.regenerating,10,100,10,0.0,10000.0,1.0,1.0,6.635000228881836,0.0,0.0
feature.Seral.CWHvm_FDC_HW_H.regenerating,11,110,10,0.0,10000.0,1.0,1.0,12.454999923706055,0.0,0.0
feature.Seral.CWHvm_FDC_HW_H.regenerating,12,120,10,0.0,10000.0,1.0,1.0,7.822000026702881,0.0,0.0
feature.Seral.CWHvm_FDC_HW_H.regenerating,13,130,10,0.0,10000.0,1.0,1.0,13.862000465393066,0.0,0.0
feature.Seral.CWHvm_FDC_HW_H.regenerating,14,140,10,0.0,10000.0,1.0,1.0,20.849000930786133,0.0,0.0
feature.Seral.CWHvm_FDC_HW_H.regenerating,15,150,10,0.0,10000.0,1.0,1.0,17.0939998626709,0.0,0.0
feature.Seral.CWHvm_FDC_HW_H.regenerating,16,160,10,0.0,10000.0,1.0,1.0,0.0,0.0,0.0
feature.Seral.CWHvm_FDC_HW_H.regenerating,17,170,10,0.0,10000.0,1.0,1.0,28.33799934387207,0.0,0.0
feature.Seral.CWHvm_FDC_HW_H.regenerating,18,180,10,0.0,10000.0,1.0,1.0,0.0,0.0,0.0
feature.Seral.CWHvm_FDC_HW_H.regenerating,19,190,10,0.0,10000.0,1.0,1.0,26.738000869750977,0.0,0.0
feature.Seral.CWHvm_FDC_HW_H.regenerating,20,200,10,0.0,10000.0,1.0,1.0,0.0,0.0,0.0
feature.Seral.CWHvm_FDC_HW_H.regenerating,21,210,10,0.0,10000.0,1.0,1.0,0.0,0.0,0.0
feature.Seral.CWHvm_FDC_HW_H.regenerating,22,220,10,0.0,10000.0,1.0,1.0,0.0,0.0,0.0
feature.Seral.CWHvm_FDC_HW_H.regenerating,23,230,10,0.0,10000.0,1.0,1.0,0.0,0.0,0.0
feature.Seral.CWHvm_FDC_HW_H.regenerating,24,240,10,0.0,10000.0,1.0,1.0,0.0,0.0,0.0
feature.Seral.CWHvm_FDC_HW_H.regenerating,25,250,10,0.0,10000.0,1.0,1.0,1.3580000400543213,0.0,0.0
feature.Seral.CWHvm_FDC_HW_H.regenerating,26,260,10,0.0,10000.0,1.0,1.0,0.0,0.0,0.0
feature.Seral.CWHvm_FDC_HW_H.regenerating,27,270,10,0.0,10000.0,1.0,1.0,0.0,0.0,0.0
feature.Seral.CWHvm_FDC_HW_H.regenerating,28,280,10,0.0,10000.0,1.0,1.0,0.0,0.0,0.0
feature.Seral.CWHvm_FDC_HW_H.regenerating,29,290,10,0.0,10000.0,1.0,1.0,37.87099838256836,0.0,0.0
feature.Seral.CWHvm_FDC_HW_H.regenerating,30,300,10,0.0,10000.0,1.0,1.0,0.0,0.0,0.0
feature.Seral.CWHvm_FDC_HW_H.young,0,0,10,0.0,10000.0,1.0,1.0,0.0,0.0,0.0
feature.Seral.CWHvm_FDC_HW_H.young,1,10,10,0.0,10000.0,1.0,1.0,0.0,0.0,0.0
feature.Seral.CWHvm_FDC_HW_H.young,2,20,10,0.0,10000.0,1.0,1.0,0.0,0.0,0.0
feature.Seral.CWHvm_FDC_HW_H.young,3,30,10,0.0,10000.0,1.0,1.0,0.0,0.0,0.0
feature.Seral.CWHvm_FDC_HW_H.young,4,40,10,0.0,10000.0,1.0,1.0,0.0,0.0,0.0
feature.Seral.CWHvm_FDC_HW_H.young,5,50,10,0.0,10000.0,1.0,1.0,13.862000465393066,0.0,0.0
feature.Seral.CWHvm_FDC_HW_H.young,6,60,10,0.0,10000.0,1.0,1.0,21.68400001525879,0.0,0.0
feature.Seral.CWHvm_FDC_HW_H.young,7,70,10,0.0,10000.0,1.0,1.0,7.822000026702881,0.0,0.0
feature.Seral.CWHvm_FDC_HW_H.young,8,80,10,0.0,10000.0,1.0,1.0,5.8979997634887695,0.0,0.0
feature.Seral.CWHvm_FDC_HW_H.young,9,90,10,0.0,10000.0,1.0,1.0,46.516998291015625,0.0,0.0
feature.Seral.CWHvm_FDC_HW_H.young,10,100,10,0.0,10000.0,1.0,1.0,40.61899948120117,0.0,0.0
feature.Seral.CWHvm_FDC_HW_H.young,11,110,10,0.0,10000.0,1.0,1.0,6.635000228881836,0.0,0.0
feature.Seral.CWHvm_FDC_HW_H.young,12,120,10,0.0,10000.0,1.0,1.0,19.09000015258789,0.0,0.0
feature.Seral.CWHvm_FDC_HW_H.young,13,130,10,0.0,10000.0,1.0,1.0,20.277000427246094,0.0,0.0
feature.Seral.CWHvm_FDC_HW_H.young,14,140,10,0.0,10000.0,1.0,1.0,21.68400001525879,0.0,0.0
feature.Seral.CWHvm_FDC_HW_H.young,15,150,10,0.0,10000.0,1.0,1.0,34.71099853515625,0.0,0.0
feature.Seral.CWHvm_FDC_HW_H.young,16,160,10,0.0,10000.0,1.0,1.0,37.94300079345703,0.0,0.0
feature.Seral.CWHvm_FDC_HW_H.young,17,170,10,0.0,10000.0,1.0,1.0,17.0939998626709,0.0,0.0
feature.Seral.CWHvm_FDC_HW_H.young,18,180,10,0.0,10000.0,1.0,1.0,28.33799934387207,0.0,0.0
feature.Seral.CWHvm_FDC_HW_H.young,19,190,10,0.0,10000.0,1.0,1.0,28.33799934387207,0.0,0.0
feature.Seral.CWHvm_FDC_HW_H.young,20,200,10,0.0,10000.0,1.0,1.0,32.63600158691406,0.0,0.0
feature.Seral.CWHvm_FDC_HW_H.young,21,210,10,0.0,10000.0,1.0,1.0,46.49800109863281,0.0,0.0
feature.Seral.CWHvm_FDC_HW_H.young,22,220,10,0.0,10000.0,1.0,1.0,13.862000465393066,0.0,0.0
feature.Seral.CWHvm_FDC_HW_H.young,23,230,10,0.0,10000.0,1.0,1.0,0.0,0.0,0.0
feature.Seral.CWHvm_FDC_HW_H.young,24,240,10,0.0,10000.0,1.0,1.0,0.0,0.0,0.0
feature.Seral.CWHvm_FDC_HW_H.young,25,250,10,0.0,10000.0,1.0,1.0,13.192000389099121,0.0,0.0
feature.Seral.CWHvm_FDC_HW_H.young,26,260,10,0.0,10000.0,1.0,1.0,14.550000190734863,0.0,0.0
feature.Seral.CWHvm_FDC_HW_H.young,27,270,10,0.0,10000.0,1.0,1.0,18.45199966430664,0.0,0.0
feature.Seral.CWHvm_FDC_HW_H.young,28,280,10,0.0,10000.0,1.0,1.0,38.77799987792969,0.0,0.0
feature.Seral.CWHvm_FDC_HW_H.young,29,290,10,0.0,10000.0,1.0,1.0,21.68400001525879,0.0,0.0
feature.Seral.CWHvm_FDC_HW_H.young,30,300,10,0.0,10000.0,1.0,1.0,56.7869987487793,0.0,0.0
feature.Seral.CWHvm_FDC_HW_L.immature,0,0,10,0.0,10000.0,1.0,1.0,118.77899932861328,0.0,0.0
feature.Seral.CWHvm_FDC_HW_L.immature,1,10,10,0.0,10000.0,1.0,1.0,118.77899932861328,0.0,0.0
feature.Seral.CWHvm_FDC_HW_L.immature,2,20,10,0.0,10000.0,1.0,1.0,118.77899932861328,0.0,0.0
feature.Seral.CWHvm_FDC_HW_L.immature,3,30,10,0.0,10000.0,1.0,1.0,119.9020004272461,0.0,0.0
feature.Seral.CWHvm_FDC_HW_L.immature,4,40,10,0.0,10000.0,1.0,1.0,142.54100036621094,0.0,0.0
feature.Seral.CWHvm_FDC_HW_L.immature,5,50,10,0.0,10000.0,1.0,1.0,149.45599365234375,0.0,0.0
feature.Seral.CWHvm_FDC_HW_L.immature,6,60,10,0.0,10000.0,1.0,1.0,62.069000244140625,0.0,0.0
feature.Seral.CWHvm_FDC_HW_L.immature,7,70,10,0.0,10000.0,1.0,1.0,35.89099884033203,0.0,0.0
feature.Seral.CWHvm_FDC_HW_L.immature,8,80,10,0.0,10000.0,1.0,1.0,115.03700256347656,0.0,0.0
feature.Seral.CWHvm_FDC_HW_L.immature,9,90,10,0.0,10000.0,1.0,1.0,115.03700256347656,0.0,0.0
feature.Seral.CWHvm_FDC_HW_L.immature,10,100,10,0.0,10000.0,1.0,1.0,106.51200103759766,0.0,0.0
feature.Seral.CWHvm_FDC_HW_L.immature,11,110,10,0.0,10000.0,1.0,1.0,114.02400207519531,0.0,0.0
feature.Seral.CWHvm_FDC_HW_L.immature,12,120,10,0.0,10000.0,1.0,1.0,117.61900329589844,0.0,0.0
feature.Seral.CWHvm_FDC_HW_L.immature,13,130,10,0.0,10000.0,1.0,1.0,111.58100128173828,0.0,0.0
feature.Seral.CWHvm_FDC_HW_L.immature,14,140,10,0.0,10000.0,1.0,1.0,108.9739990234375,0.0,0.0
feature.Seral.CWHvm_FDC_HW_L.immature,15,150,10,0.0,10000.0,1.0,1.0,109.60800170898438,0.0,0.0
feature.Seral.CWHvm_FDC_HW_L.immature,16,160,10,0.0,10000.0,1.0,1.0,119.12999725341797,0.0,0.0
feature.Seral.CWHvm_FDC_HW_L.immature,17,170,10,0.0,10000.0,1.0,1.0,42.65800094604492,0.0,0.0
feature.Seral.CWHvm_FDC_HW_L.immature,18,180,10,0.0,10000.0,1.0,1.0,45.28499984741211,0.0,0.0
feature.Seral.CWHvm_FDC_HW_L.immature,19,190,10,0.0,10000.0,1.0,1.0,124.43099975585938,0.0,0.0
feature.Seral.CWHvm_FDC_HW_L.immature,20,200,10,0.0,10000.0,1.0,1.0,125.93399810791016,0.0,0.0
feature.Seral.CWHvm_FDC_HW_L.immature,21,210,10,0.0,10000.0,1.0,1.0,120.31199645996094,0.0,0.0
feature.Seral.CWHvm_FDC_HW_L.immature,22,220,10,0.0,10000.0,1.0,1.0,119.18900299072266,0.0,0.0
feature.Seral.CWHvm_FDC_HW_L.immature,23,230,10,0.0,10000.0,1.0,1.0,119.18900299072266,0.0,0.0
feature.Seral.CWHvm_FDC_HW_L.immature,24,240,10,0.0,10000.0,1.0,1.0,119.822998046875,0.0,0.0
feature.Seral.CWHvm_FDC_HW_L.immature,25,250,10,0.0,10000.0,1.0,1.0,103.6520004272461,0.0,0.0
feature.Seral.CWHvm_FDC_HW_L.immature,26,260,10,0.0,10000.0,1.0,1.0,24.506000518798828,0.0,0.0
feature.Seral.CWHvm_FDC_HW_L.immature,27,270,10,0.0,10000.0,1.0,1.0,31.291000366210938,0.0,0.0
feature.Seral.CWHvm_FDC_HW_L.immature,28,280,10,0.0,10000.0,1.0,1.0,113.04399871826172,0.0,0.0
feature.Seral.CWHvm_FDC_HW_L.immature,29,290,10,0.0,10000.0,1.0,1.0,114.2249984741211,0.0,0.0
feature.Seral.CWHvm_FDC_HW_L.immature,30,300,10,0.0,10000.0,1.0,1.0,113.59100341796875,0.0,0.0
feature.Seral.CWHvm_FDC_HW_L.mature,0,0,10,0.0,10000.0,1.0,1.0,23.30900001525879,0.0,0.0
feature.Seral.CWHvm_FDC_HW_L.mature,1,10,10,0.0,10000.0,1.0,1.0,10.809000015258789,0.0,0.0
feature.Seral.CWHvm_FDC_HW_L.mature,2,20,10,0.0,10000.0,1.0,1.0,0.6700000166893005,0.0,0.0
feature.Seral.CWHvm_FDC_HW_L.mature,3,30,10,0.0,10000.0,1.0,1.0,0.6700000166893005,0.0,0.0
feature.Seral.CWHvm_FDC_HW_L.mature,4,40,10,0.0,10000.0,1.0,1.0,0.0,0.0,0.0
feature.Seral.CWHvm_FDC_HW_L.mature,5,50,10,0.0,10000.0,1.0,1.0,0.0,0.0,0.0
feature.Seral.CWHvm_FDC_HW_L.mature,6,60,10,0.0,10000.0,1.0,1.0,8.241000175476074,0.0,0.0
feature.Seral.CWHvm_FDC_HW_L.mature,7,70,10,0.0,10000.0,1.0,1.0,31.92799949645996,0.0,0.0
feature.Seral.CWHvm_FDC_HW_L.mature,8,80,10,0.0,10000.0,1.0,1.0,24.416000366210938,0.0,0.0
feature.Seral.CWHvm_FDC_HW_L.mature,9,90,10,0.0,10000.0,1.0,1.0,20.820999145507812,0.0,0.0
feature.Seral.CWHvm_FDC_HW_L.mature,10,100,10,0.0,10000.0,1.0,1.0,20.820999145507812,0.0,0.0
feature.Seral.CWHvm_FDC_HW_L.mature,11,110,10,0.0,10000.0,1.0,1.0,12.579999923706055,0.0,0.0
feature.Seral.CWHvm_FDC_HW_L.mature,12,120,10,0.0,10000.0,1.0,1.0,0.0,0.0,0.0
feature.Seral.CWHvm_FDC_HW_L.mature,13,130,10,0.0,10000.0,1.0,1.0,19.660999298095703,0.0,0.0
feature.Seral.CWHvm_FDC_HW_L.mature,14,140,10,0.0,10000.0,1.0,1.0,10.138999938964844,0.0,0.0
feature.Seral.CWHvm_FDC_HW_L.mature,15,150,10,0.0,10000.0,1.0,1.0,0.0,0.0,0.0
feature.Seral.CWHvm_FDC_HW_L.mature,16,160,10,0.0,10000.0,1.0,1.0,0.0,0.0,0.0
feature.Seral.CWHvm_FDC_HW_L.mature,17,170,10,0.0,10000.0,1.0,1.0,0.0,0.0,0.0
feature.Seral.CWHvm_FDC_HW_L.mature,18,180,10,0.0,10000.0,1.0,1.0,0.0,0.0,0.0
feature.Seral.CWHvm_FDC_HW_L.mature,19,190,10,0.0,10000.0,1.0,1.0,0.0,0.0,0.0
feature.Seral.CWHvm_FDC_HW_L.mature,20,200,10,0.0,10000.0,1.0,1.0,3.5950000286102295,0.0,0.0
feature.Seral.CWHvm_FDC_HW_L.mature,21,210,10,0.0,10000.0,1.0,1.0,16.094999313354492,0.0,0.0
feature.Seral.CWHvm_FDC_HW_L.mature,22,220,10,0.0,10000.0,1.0,1.0,16.094999313354492,0.0,0.0
feature.Seral.CWHvm_FDC_HW_L.mature,23,230,10,0.0,10000.0,1.0,1.0,16.094999313354492,0.0,0.0
feature.Seral.CWHvm_FDC_HW_L.mature,24,240,10,0.0,10000.0,1.0,1.0,3.5950000286102295,0.0,0.0
feature.Seral.CWHvm_FDC_HW_L.mature,25,250,10,0.0,10000.0,1.0,1.0,5.164999961853027,0.0,0.0
feature.Seral.CWHvm_FDC_HW_L.mature,26,260,10,0.0,10000.0,1.0,1.0,5.164999961853027,0.0,0.0
feature.Seral.CWHvm_FDC_HW_L.mature,27,270,10,0.0,10000.0,1.0,1.0,15.303999900817871,0.0,0.0
feature.Seral.CWHvm_FDC_HW_L.mature,28,280,10,0.0,10000.0,1.0,1.0,15.303999900817871,0.0,0.0
feature.Seral.CWHvm_FDC_HW_L.mature,29,290,10,0.0,10000.0,1.0,1.0,22.81599998474121,0.0,0.0
feature.Seral.CWHvm_FDC_HW_L.mature,30,300,10,0.0,10000.0,1.0,1.0,10.138999938964844,0.0,0.0
feature.Seral.CWHvm_FDC_HW_L.overmature,0,0,10,0.0,10000.0,1.0,1.0,10.654999732971191,0.0,0.0
feature.Seral.CWHvm_FDC_HW_L.overmature,1,10,10,0.0,10000.0,1.0,1.0,9.531999588012695,0.0,0.0
feature.Seral.CWHvm_FDC_HW_L.overmature,2,20,10,0.0,10000.0,1.0,1.0,0.009999999776482582,0.0,0.0
feature.Seral.CWHvm_FDC_HW_L.overmature,3,30,10,0.0,10000.0,1.0,1.0,0.009999999776482582,0.0,0.0
feature.Seral.CWHvm_FDC_HW_L.overmature,4,40,10,0.0,10000.0,1.0,1.0,0.6800000071525574,0.0,0.0
feature.Seral.CWHvm_FDC_HW_L.overmature,5,50,10,0.0,10000.0,1.0,1.0,0.6800000071525574,0.0,0.0
feature.Seral.CWHvm_FDC_HW_L.overmature,6,60,10,0.0,10000.0,1.0,1.0,0.6800000071525574,0.0,0.0
feature.Seral.CWHvm_FDC_HW_L.overmature,7,70,10,0.0,10000.0,1.0,1.0,0.6800000071525574,0.0,0.0
feature.Seral.CWHvm_FDC_HW_L.overmature,8,80,10,0.0,10000.0,1.0,1.0,0.6800000071525574,0.0,0.0
feature.Seral.CWHvm_FDC_HW_L.overmature,9,90,10,0.0,10000.0,1.0,1.0,0.6800000071525574,0.0,0.0
feature.Seral.CWHvm_FDC_HW_L.overmature,10,100,10,0.0,10000.0,1.0,1.0,0.6800000071525574,0.0,0.0
feature.Seral.CWHvm_FDC_HW_L.overmature,11,110,10,0.0,10000.0,1.0,1.0,8.920999526977539,0.0,0.0
feature.Seral.CWHvm_FDC_HW_L.overmature,12,120,10,0.0,10000.0,1.0,1.0,20.867000579833984,0.0,0.0
feature.Seral.CWHvm_FDC_HW_L.overmature,13,130,10,0.0,10000.0,1.0,1.0,20.867000579833984,0.0,0.0
feature.Seral.CWHvm_FDC_HW_L.overmature,14,140,10,0.0,10000.0,1.0,1.0,15.70199966430664,0.0,0.0
feature.Seral.CWHvm_FDC_HW_L.overmature,15,150,10,0.0,10000.0,1.0,1.0,15.70199966430664,0.0,0.0
feature.Seral.CWHvm_FDC_HW_L.overmature,16,160,10,0.0,10000.0,1.0,1.0,15.70199966430664,0.0,0.0
feature.Seral.CWHvm_FDC_HW_L.overmature,17,170,10,0.0,10000.0,1.0,1.0,15.70199966430664,0.0,0.0
feature.Seral.CWHvm_FDC_HW_L.overmature,18,180,10,0.0,10000.0,1.0,1.0,15.70199966430664,0.0,0.0
feature.Seral.CWHvm_FDC_HW_L.overmature,19,190,10,0.0,10000.0,1.0,1.0,15.70199966430664,0.0,0.0
feature.Seral.CWHvm_FDC_HW_L.overmature,20,200,10,0.0,10000.0,1.0,1.0,15.70199966430664,0.0,0.0
feature.Seral.CWHvm_FDC_HW_L.overmature,21,210,10,0.0,10000.0,1.0,1.0,15.70199966430664,0.0,0.0
feature.Seral.CWHvm_FDC_HW_L.overmature,22,220,10,0.0,10000.0,1.0,1.0,15.70199966430664,0.0,0.0
feature.Seral.CWHvm_FDC_HW_L.overmature,23,230,10,0.0,10000.0,1.0,1.0,15.70199966430664,0.0,0.0
feature.Seral.CWHvm_FDC_HW_L.overmature,24,240,10,0.0,10000.0,1.0,1.0,15.70199966430664,0.0,0.0
feature.Seral.CWHvm_FDC_HW_L.overmature,25,250,10,0.0,10000.0,1.0,1.0,19.297000885009766,0.0,0.0
feature.Seral.CWHvm_FDC_HW_L.overmature,26,260,10,0.0,10000.0,1.0,1.0,15.70199966430664,0.0,0.0
feature.Seral.CWHvm_FDC_HW_L.overmature,27,270,10,0.0,10000.0,1.0,1.0,15.70199966430664,0.0,0.0
feature.Seral.CWHvm_FDC_HW_L.overmature,28,280,10,0.0,10000.0,1.0,1.0,15.70199966430664,0.0,0.0
feature.Seral.CWHvm_FDC_HW_L.overmature,29,290,10,0.0,10000.0,1.0,1.0,15.70199966430664,0.0,0.0
feature.Seral.CWHvm_FDC_HW_L.overmature,30,300,10,0.0,10000.0,1.0,1.0,20.867000579833984,0.0,0.0
feature.Seral.CWHvm_FDC_HW_L.regenerating,0,0,10,0.0,10000.0,1.0,1.0,0.0,0.0,0.0
feature.Seral.CWHvm_FDC_HW_L.regenerating,1,10,10,0.0,10000.0,1.0,1.0,12.5,0.0,0.0
feature.Seral.CWHvm_FDC_HW_L.regenerating,2,20,10,0.0,10000.0,1.0,1.0,9.522000312805176,0.0,0.0
feature.Seral.CWHvm_FDC_HW_L.regenerating,3,30,10,0.0,10000.0,1.0,1.0,0.0,0.0,0.0
feature.Seral.CWHvm_FDC_HW_L.regenerating,4,40,10,0.0,10000.0,1.0,1.0,0.0,0.0,0.0
feature.Seral.CWHvm_FDC_HW_L.regenerating,5,50,10,0.0,10000.0,1.0,1.0,0.0,0.0,0.0
feature.Seral.CWHvm_FDC_HW_L.regenerating,6,60,10,0.0,10000.0,1.0,1.0,0.0,0.0,0.0
feature.Seral.CWHvm_FDC_HW_L.regenerating,7,70,10,0.0,10000.0,1.0,1.0,5.0980000495910645,0.0,0.0
feature.Seral.CWHvm_FDC_HW_L.regenerating,8,80,10,0.0,10000.0,1.0,1.0,7.51200008392334,0.0,0.0
feature.Seral.CWHvm_FDC_HW_L.regenerating,9,90,10,0.0,10000.0,1.0,1.0,3.5950000286102295,0.0,0.0
feature.Seral.CWHvm_FDC_HW_L.regenerating,10,100,10,0.0,10000.0,1.0,1.0,13.623000144958496,0.0,0.0
feature.Seral.CWHvm_FDC_HW_L.regenerating,11,110,10,0.0,10000.0,1.0,1.0,0.0,0.0,0.0
feature.Seral.CWHvm_FDC_HW_L.regenerating,12,120,10,0.0,10000.0,1.0,1.0,0.6340000033378601,0.0,0.0
feature.Seral.CWHvm_FDC_HW_L.regenerating,13,130,10,0.0,10000.0,1.0,1.0,0.0,0.0,0.0
feature.Seral.CWHvm_FDC_HW_L.regenerating,14,140,10,0.0,10000.0,1.0,1.0,7.771999835968018,0.0,0.0
feature.Seral.CWHvm_FDC_HW_L.regenerating,15,150,10,0.0,10000.0,1.0,1.0,10.138999938964844,0.0,0.0
feature.Seral.CWHvm_FDC_HW_L.regenerating,16,160,10,0.0,10000.0,1.0,1.0,0.0,0.0,0.0
feature.Seral.CWHvm_FDC_HW_L.regenerating,17,170,10,0.0,10000.0,1.0,1.0,5.0980000495910645,0.0,0.0
feature.Seral.CWHvm_FDC_HW_L.regenerating,18,180,10,0.0,10000.0,1.0,1.0,7.51200008392334,0.0,0.0
feature.Seral.CWHvm_FDC_HW_L.regenerating,19,190,10,0.0,10000.0,1.0,1.0,0.0,0.0,0.0
feature.Seral.CWHvm_FDC_HW_L.regenerating,20,200,10,0.0,10000.0,1.0,1.0,0.0,0.0,0.0
feature.Seral.CWHvm_FDC_HW_L.regenerating,21,210,10,0.0,10000.0,1.0,1.0,0.6340000033378601,0.0,0.0
feature.Seral.CWHvm_FDC_HW_L.regenerating,22,220,10,0.0,10000.0,1.0,1.0,1.1230000257492065,0.0,0.0
feature.Seral.CWHvm_FDC_HW_L.regenerating,23,230,10,0.0,10000.0,1.0,1.0,0.0,0.0,0.0
feature.Seral.CWHvm_FDC_HW_L.regenerating,24,240,10,0.0,10000.0,1.0,1.0,12.5,0.0,0.0
feature.Seral.CWHvm_FDC_HW_L.regenerating,25,250,10,0.0,10000.0,1.0,1.0,2.6070001125335693,0.0,0.0
feature.Seral.CWHvm_FDC_HW_L.regenerating,26,260,10,0.0,10000.0,1.0,1.0,3.5950000286102295,0.0,0.0
feature.Seral.CWHvm_FDC_HW_L.regenerating,27,270,10,0.0,10000.0,1.0,1.0,0.0,0.0,0.0
feature.Seral.CWHvm_FDC_HW_L.regenerating,28,280,10,0.0,10000.0,1.0,1.0,0.0,0.0,0.0
feature.Seral.CWHvm_FDC_HW_L.regenerating,29,290,10,0.0,10000.0,1.0,1.0,0.0,0.0,0.0
feature.Seral.CWHvm_FDC_HW_L.regenerating,30,300,10,0.0,10000.0,1.0,1.0,8.145999908447266,0.0,0.0
feature.Seral.CWHvm_FDC_HW_L.young,0,0,10,0.0,10000.0,1.0,1.0,0.0,0.0,0.0
feature.Seral.CWHvm_FDC_HW_L.young,1,10,10,0.0,10000.0,1.0,1.0,1.1230000257492065,0.0,0.0
feature.Seral.CWHvm_FDC_HW_L.young,2,20,10,0.0,10000.0,1.0,1.0,23.761999130249023,0.0,0.0
feature.Seral.CWHvm_FDC_HW_L.young,3,30,10,0.0,10000.0,1.0,1.0,32.1609992980957,0.0,0.0
feature.Seral.CWHvm_FDC_HW_L.young,4,40,10,0.0,10000.0,1.0,1.0,9.522000312805176,0.0,0.0
feature.Seral.CWHvm_FDC_HW_L.young,5,50,10,0.0,10000.0,1.0,1.0,2.6070001125335693,0.0,0.0
feature.Seral.CWHvm_FDC_HW_L.young,6,60,10,0.0,10000.0,1.0,1.0,81.75299835205078,0.0,0.0
feature.Seral.CWHvm_FDC_HW_L.young,7,70,10,0.0,10000.0,1.0,1.0,79.14600372314453,0.0,0.0
feature.Seral.CWHvm_FDC_HW_L.young,8,80,10,0.0,10000.0,1.0,1.0,5.0980000495910645,0.0,0.0
feature.Seral.CWHvm_FDC_HW_L.young,9,90,10,0.0,10000.0,1.0,1.0,12.609999656677246,0.0,0.0
feature.Seral.CWHvm_FDC_HW_L.young,10,100,10,0.0,10000.0,1.0,1.0,11.107000350952148,0.0,0.0
feature.Seral.CWHvm_FDC_HW_L.young,11,110,10,0.0,10000.0,1.0,1.0,17.218000411987305,0.0,0.0
feature.Seral.CWHvm_FDC_HW_L.young,12,120,10,0.0,10000.0,1.0,1.0,13.623000144958496,0.0,0.0
feature.Seral.CWHvm_FDC_HW_L.young,13,130,10,0.0,10000.0,1.0,1.0,0.6340000033378601,0.0,0.0
feature.Seral.CWHvm_FDC_HW_L.young,14,140,10,0.0,10000.0,1.0,1.0,10.156000137329102,0.0,0.0
feature.Seral.CWHvm_FDC_HW_L.young,15,150,10,0.0,10000.0,1.0,1.0,17.29400062561035,0.0,0.0
feature.Seral.CWHvm_FDC_HW_L.young,16,160,10,0.0,10000.0,1.0,1.0,17.910999298095703,0.0,0.0
feature.Seral.CWHvm_FDC_HW_L.young,17,170,10,0.0,10000.0,1.0,1.0,89.28500366210938,0.0,0.0
feature.Seral.CWHvm_FDC_HW_L.young,18,180,10,0.0,10000.0,1.0,1.0,84.24400329589844,0.0,0.0
feature.Seral.CWHvm_FDC_HW_L.young,19,190,10,0.0,10000.0,1.0,1.0,12.609999656677246,0.0,0.0
feature.Seral.CWHvm_FDC_HW_L.young,20,200,10,0.0,10000.0,1.0,1.0,7.51200008392334,0.0,0.0
feature.Seral.CWHvm_FDC_HW_L.young,21,210,10,0.0,10000.0,1.0,1.0,0.0,0.0,0.0
feature.Seral.CWHvm_FDC_HW_L.young,22,220,10,0.0,10000.0,1.0,1.0,0.6340000033378601,0.0,0.0
feature.Seral.CWHvm_FDC_HW_L.young,23,230,10,0.0,10000.0,1.0,1.0,1.7569999694824219,0.0,0.0
feature.Seral.CWHvm_FDC_HW_L.young,24,240,10,0.0,10000.0,1.0,1.0,1.1230000257492065,0.0,0.0
feature.Seral.CWHvm_FDC_HW_L.young,25,250,10,0.0,10000.0,1.0,1.0,22.02199935913086,0.0,0.0
feature.Seral.CWHvm_FDC_HW_L.young,26,260,10,0.0,10000.0,1.0,1.0,103.7750015258789,0.0,0.0
feature.Seral.CWHvm_FDC_HW_L.young,27,270,10,0.0,10000.0,1.0,1.0,90.44599914550781,0.0,0.0
feature.Seral.CWHvm_FDC_HW_L.young,28,280,10,0.0,10000.0,1.0,1.0,8.692999839782715,0.0,0.0
feature.Seral.CWHvm_FDC_HW_L.young,29,290,10,0.0,10000.0,1.0,1.0,0.0,0.0,0.0
feature.Seral.CWHvm_FDC_HW_L.young,30,300,10,0.0,10000.0,1.0,1.0,0.0,0.0,0.0
feature.Seral.CWHvm_FDC_HW_M.immature,0,0,10,0.0,10000.0,1.0,1.0,178.66900634765625,0.0,0.0
feature.Seral.CWHvm_FDC_HW_M.immature,1,10,10,0.0,10000.0,1.0,1.0,178.66900634765625,0.0,0.0
feature.Seral.CWHvm_FDC_HW_M.immature,2,20,10,0.0,10000.0,1.0,1.0,159.23699951171875,0.0,0.0
feature.Seral.CWHvm_FDC_HW_M.immature,3,30,10,0.0,10000.0,1.0,1.0,153.69000244140625,0.0,0.0
feature.Seral.CWHvm_FDC_HW_M.immature,4,40,10,0.0,10000.0,1.0,1.0,77.1780014038086,0.0,0.0
feature.Seral.CWHvm_FDC_HW_M.immature,5,50,10,0.0,10000.0,1.0,1.0,7.443999767303467,0.0,0.0
feature.Seral.CWHvm_FDC_HW_M.immature,6,60,10,0.0,10000.0,1.0,1.0,40.999000549316406,0.0,0.0
feature.Seral.CWHvm_FDC_HW_M.immature,7,70,10,0.0,10000.0,1.0,1.0,63.237998962402344,0.0,0.0
feature.Seral.CWHvm_FDC_HW_M.immature,8,80,10,0.0,10000.0,1.0,1.0,72.49500274658203,0.0,0.0
feature.Seral.CWHvm_FDC_HW_M.immature,9,90,10,0.0,10000.0,1.0,1.0,72.49500274658203,0.0,0.0
feature.Seral.CWHvm_FDC_HW_M.immature,10,100,10,0.0,10000.0,1.0,1.0,101.05799865722656,0.0,0.0
feature.Seral.CWHvm_FDC_HW_M.immature,11,110,10,0.0,10000.0,1.0,1.0,75.18399810791016,0.0,0.0
feature.Seral.CWHvm_FDC_HW_M.immature,12,120,10,0.0,10000.0,1.0,1.0,49.6619987487793,0.0,0.0
feature.Seral.CWHvm_FDC_HW_M.immature,13,130,10,0.0,10000.0,1.0,1.0,79.93399810791016,0.0,0.0
feature.Seral.CWHvm_FDC_HW_M.immature,14,140,10,0.0,10000.0,1.0,1.0,78.12100219726562,0.0,0.0
feature.Seral.CWHvm_FDC_HW_M.immature,15,150,10,0.0,10000.0,1.0,1.0,111.83699798583984,0.0,0.0
feature.Seral.CWHvm_FDC_HW_M.immature,16,160,10,0.0,10000.0,1.0,1.0,92.23100280761719,0.0,0.0
feature.Seral.CWHvm_FDC_HW_M.immature,17,170,10,0.0,10000.0,1.0,1.0,89.64600372314453,0.0,0.0
feature.Seral.CWHvm_FDC_HW_M.immature,18,180,10,0.0,10000.0,1.0,1.0,99.4489974975586,0.0,0.0
feature.Seral.CWHvm_FDC_HW_M.immature,19,190,10,0.0,10000.0,1.0,1.0,92.00499725341797,0.0,0.0
feature.Seral.CWHvm_FDC_HW_M.immature,20,200,10,0.0,10000.0,1.0,1.0,75.83899688720703,0.0,0.0
feature.Seral.CWHvm_FDC_HW_M.immature,21,210,10,0.0,10000.0,1.0,1.0,51.83100128173828,0.0,0.0
feature.Seral.CWHvm_FDC_HW_M.immature,22,220,10,0.0,10000.0,1.0,1.0,90.66100311279297,0.0,0.0
feature.Seral.CWHvm_FDC_HW_M.immature,23,230,10,0.0,10000.0,1.0,1.0,90.66100311279297,0.0,0.0
feature.Seral.CWHvm_FDC_HW_M.immature,24,240,10,0.0,10000.0,1.0,1.0,100.36000061035156,0.0,0.0
feature.Seral.CWHvm_FDC_HW_M.immature,25,250,10,0.0,10000.0,1.0,1.0,89.31199645996094,0.0,0.0
feature.Seral.CWHvm_FDC_HW_M.immature,26,260,10,0.0,10000.0,1.0,1.0,70.0260009765625,0.0,0.0
feature.Seral.CWHvm_FDC_HW_M.immature,27,270,10,0.0,10000.0,1.0,1.0,60.231998443603516,0.0,0.0
feature.Seral.CWHvm_FDC_HW_M.immature,28,280,10,0.0,10000.0,1.0,1.0,50.1609992980957,0.0,0.0
feature.Seral.CWHvm_FDC_HW_M.immature,29,290,10,0.0,10000.0,1.0,1.0,81.4520034790039,0.0,0.0
feature.Seral.CWHvm_FDC_HW_M.immature,30,300,10,0.0,10000.0,1.0,1.0,59.2130012512207,0.0,0.0
feature.Seral.CWHvm_FDC_HW_M.mature,0,0,10,0.0,10000.0,1.0,1.0,0.0,0.0,0.0
feature.Seral.CWHvm_FDC_HW_M.mature,1,10,10,0.0,10000.0,1.0,1.0,0.0,0.0,0.0
feature.Seral.CWHvm_FDC_HW_M.mature,2,20,10,0.0,10000.0,1.0,1.0,0.0,0.0,0.0
feature.Seral.CWHvm_FDC_HW_M.mature,3,30,10,0.0,10000.0,1.0,1.0,0.0,0.0,0.0
feature.Seral.CWHvm_FDC_HW_M.mature,4,40,10,0.0,10000.0,1.0,1.0,0.0,0.0,0.0
feature.Seral.CWHvm_FDC_HW_M.mature,5,50,10,0.0,10000.0,1.0,1.0,0.0,0.0,0.0
feature.Seral.CWHvm_FDC_HW_M.mature,6,60,10,0.0,10000.0,1.0,1.0,0.0,0.0,0.0
feature.Seral.CWHvm_FDC_HW_M.mature,7,70,10,0.0,10000.0,1.0,1.0,0.0,0.0,0.0
feature.Seral.CWHvm_FDC_HW_M.mature,8,80,10,0.0,10000.0,1.0,1.0,0.0,0.0,0.0
feature.Seral.CWHvm_FDC_HW_M.mature,9,90,10,0.0,10000.0,1.0,1.0,0.0,0.0,0.0
feature.Seral.CWHvm_FDC_HW_M.mature,10,100,10,0.0,10000.0,1.0,1.0,0.0,0.0,0.0
feature.Seral.CWHvm_FDC_HW_M.mature,11,110,10,0.0,10000.0,1.0,1.0,0.0,0.0,0.0
feature.Seral.CWHvm_FDC_HW_M.mature,12,120,10,0.0,10000.0,1.0,1.0,0.0,0.0,0.0
feature.Seral.CWHvm_FDC_HW_M.mature,13,130,10,0.0,10000.0,1.0,1.0,0.0,0.0,0.0
feature.Seral.CWHvm_FDC_HW_M.mature,14,140,10,0.0,10000.0,1.0,1.0,0.0,0.0,0.0
feature.Seral.CWHvm_FDC_HW_M.mature,15,150,10,0.0,10000.0,1.0,1.0,0.0,0.0,0.0
feature.Seral.CWHvm_FDC_HW_M.mature,16,160,10,0.0,10000.0,1.0,1.0,0.0,0.0,0.0
feature.Seral.CWHvm_FDC_HW_M.mature,17,170,10,0.0,10000.0,1.0,1.0,0.0,0.0,0.0
feature.Seral.CWHvm_FDC_HW_M.mature,18,180,10,0.0,10000.0,1.0,1.0,0.0,0.0,0.0
feature.Seral.CWHvm_FDC_HW_M.mature,19,190,10,0.0,10000.0,1.0,1.0,0.0,0.0,0.0
feature.Seral.CWHvm_FDC_HW_M.mature,20,200,10,0.0,10000.0,1.0,1.0,0.0,0.0,0.0
feature.Seral.CWHvm_FDC_HW_M.mature,21,210,10,0.0,10000.0,1.0,1.0,11.47700023651123,0.0,0.0
feature.Seral.CWHvm_FDC_HW_M.mature,22,220,10,0.0,10000.0,1.0,1.0,0.0,0.0,0.0
feature.Seral.CWHvm_FDC_HW_M.mature,23,230,10,0.0,10000.0,1.0,1.0,0.0,0.0,0.0
feature.Seral.CWHvm_FDC_HW_M.mature,24,240,10,0.0,10000.0,1.0,1.0,0.0,0.0,0.0
feature.Seral.CWHvm_FDC_HW_M.mature,25,250,10,0.0,10000.0,1.0,1.0,0.0,0.0,0.0
feature.Seral.CWHvm_FDC_HW_M.mature,26,260,10,0.0,10000.0,1.0,1.0,0.0,0.0,0.0
feature.Seral.CWHvm_FDC_HW_M.mature,27,270,10,0.0,10000.0,1.0,1.0,0.0,0.0,0.0
feature.Seral.CWHvm_FDC_HW_M.mature,28,280,10,0.0,10000.0,1.0,1.0,0.0,0.0,0.0
feature.Seral.CWHvm_FDC_HW_M.mature,29,290,10,0.0,10000.0,1.0,1.0,0.0,0.0,0.0
feature.Seral.CWHvm_FDC_HW_M.mature,30,300,10,0.0,10000.0,1.0,1.0,0.0,0.0,0.0
feature.Seral.CWHvm_FDC_HW_M.overmature,0,0,10,0.0,10000.0,1.0,1.0,10.95300006866455,0.0,0.0
feature.Seral.CWHvm_FDC_HW_M.overmature,1,10,10,0.0,10000.0,1.0,1.0,10.95300006866455,0.0,0.0
feature.Seral.CWHvm_FDC_HW_M.overmature,2,20,10,0.0,10000.0,1.0,1.0,22.94099998474121,0.0,0.0
feature.Seral.CWHvm_FDC_HW_M.overmature,3,30,10,0.0,10000.0,1.0,1.0,22.94099998474121,0.0,0.0
feature.Seral.CWHvm_FDC_HW_M.overmature,4,40,10,0.0,10000.0,1.0,1.0,49.20600128173828,0.0,0.0
feature.Seral.CWHvm_FDC_HW_M.overmature,5,50,10,0.0,10000.0,1.0,1.0,117.12699890136719,0.0,0.0
feature.Seral.CWHvm_FDC_HW_M.overmature,6,60,10,0.0,10000.0,1.0,1.0,117.12699890136719,0.0,0.0
feature.Seral.CWHvm_FDC_HW_M.overmature,7,70,10,0.0,10000.0,1.0,1.0,97.3479995727539,0.0,0.0
feature.Seral.CWHvm_FDC_HW_M.overmature,8,80,10,0.0,10000.0,1.0,1.0,76.72200012207031,0.0,0.0
feature.Seral.CWHvm_FDC_HW_M.overmature,9,90,10,0.0,10000.0,1.0,1.0,76.72200012207031,0.0,0.0
feature.Seral.CWHvm_FDC_HW_M.overmature,10,100,10,0.0,10000.0,1.0,1.0,76.72200012207031,0.0,0.0
feature.Seral.CWHvm_FDC_HW_M.overmature,11,110,10,0.0,10000.0,1.0,1.0,76.72200012207031,0.0,0.0
feature.Seral.CWHvm_FDC_HW_M.overmature,12,120,10,0.0,10000.0,1.0,1.0,68.52799987792969,0.0,0.0
feature.Seral.CWHvm_FDC_HW_M.overmature,13,130,10,0.0,10000.0,1.0,1.0,59.57099914550781,0.0,0.0
feature.Seral.CWHvm_FDC_HW_M.overmature,14,140,10,0.0,10000.0,1.0,1.0,68.8280029296875,0.0,0.0
feature.Seral.CWHvm_FDC_HW_M.overmature,15,150,10,0.0,10000.0,1.0,1.0,56.28799819946289,0.0,0.0
feature.Seral.CWHvm_FDC_HW_M.overmature,16,160,10,0.0,10000.0,1.0,1.0,76.06700134277344,0.0,0.0
feature.Seral.CWHvm_FDC_HW_M.overmature,17,170,10,0.0,10000.0,1.0,1.0,76.06700134277344,0.0,0.0
feature.Seral.CWHvm_FDC_HW_M.overmature,18,180,10,0.0,10000.0,1.0,1.0,76.06700134277344,0.0,0.0
feature.Seral.CWHvm_FDC_HW_M.overmature,19,190,10,0.0,10000.0,1.0,1.0,56.28799819946289,0.0,0.0
feature.Seral.CWHvm_FDC_HW_M.overmature,20,200,10,0.0,10000.0,1.0,1.0,56.28799819946289,0.0,0.0
feature.Seral.CWHvm_FDC_HW_M.overmature,21,210,10,0.0,10000.0,1.0,1.0,56.28799819946289,0.0,0.0
feature.Seral.CWHvm_FDC_HW_M.overmature,22,220,10,0.0,10000.0,1.0,1.0,76.72200012207031,0.0,0.0
feature.Seral.CWHvm_FDC_HW_M.overmature,23,230,10,0.0,10000.0,1.0,1.0,76.72200012207031,0.0,0.0
feature.Seral.CWHvm_FDC_HW_M.overmature,24,240,10,0.0,10000.0,1.0,1.0,80.00499725341797,0.0,0.0
feature.Seral.CWHvm_FDC_HW_M.overmature,25,250,10,0.0,10000.0,1.0,1.0,79.83200073242188,0.0,0.0
feature.Seral.CWHvm_FDC_HW_M.overmature,26,260,10,0.0,10000.0,1.0,1.0,91.67400360107422,0.0,0.0
feature.Seral.CWHvm_FDC_HW_M.overmature,27,270,10,0.0,10000.0,1.0,1.0,88.39099884033203,0.0,0.0
feature.Seral.CWHvm_FDC_HW_M.overmature,28,280,10,0.0,10000.0,1.0,1.0,108.16999816894531,0.0,0.0
feature.Seral.CWHvm_FDC_HW_M.overmature,29,290,10,0.0,10000.0,1.0,1.0,108.16999816894531,0.0,0.0
feature.Seral.CWHvm_FDC_HW_M.overmature,30,300,10,0.0,10000.0,1.0,1.0,108.16999816894531,0.0,0.0
feature.Seral.CWHvm_FDC_HW_M.regenerating,0,0,10,0.0,10000.0,1.0,1.0,0.0,0.0,0.0
feature.Seral.CWHvm_FDC_HW_M.regenerating,1,10,10,0.0,10000.0,1.0,1.0,0.0,0.0,0.0
feature.Seral.CWHvm_FDC_HW_M.regenerating,2,20,10,0.0,10000.0,1.0,1.0,7.443999767303467,0.0,0.0
feature.Seral.CWHvm_FDC_HW_M.regenerating,3,30,10,0.0,10000.0,1.0,1.0,5.546999931335449,0.0,0.0
feature.Seral.CWHvm_FDC_HW_M.regenerating,4,40,10,0.0,10000.0,1.0,1.0,22.23900032043457,0.0,0.0
feature.Seral.CWHvm_FDC_HW_M.regenerating,5,50,10,0.0,10000.0,1.0,1.0,9.256999969482422,0.0,0.0
feature.Seral.CWHvm_FDC_HW_M.regenerating,6,60,10,0.0,10000.0,1.0,1.0,0.0,0.0,0.0
feature.Seral.CWHvm_FDC_HW_M.regenerating,7,70,10,0.0,10000.0,1.0,1.0,19.77899932861328,0.0,0.0
feature.Seral.CWHvm_FDC_HW_M.regenerating,8,80,10,0.0,10000.0,1.0,1.0,11.842000007629395,0.0,0.0
feature.Seral.CWHvm_FDC_HW_M.regenerating,9,90,10,0.0,10000.0,1.0,1.0,0.0,0.0,0.0
feature.Seral.CWHvm_FDC_HW_M.regenerating,10,100,10,0.0,10000.0,1.0,1.0,0.0,0.0,0.0
feature.Seral.CWHvm_FDC_HW_M.regenerating,11,110,10,0.0,10000.0,1.0,1.0,7.443999767303467,0.0,0.0
feature.Seral.CWHvm_FDC_HW_M.regenerating,12,120,10,0.0,10000.0,1.0,1.0,33.715999603271484,0.0,0.0
feature.Seral.CWHvm_FDC_HW_M.regenerating,13,130,10,0.0,10000.0,1.0,1.0,8.956999778747559,0.0,0.0
feature.Seral.CWHvm_FDC_HW_M.regenerating,14,140,10,0.0,10000.0,1.0,1.0,0.0,0.0,0.0
feature.Seral.CWHvm_FDC_HW_M.regenerating,15,150,10,0.0,10000.0,1.0,1.0,3.2829999923706055,0.0,0.0
feature.Seral.CWHvm_FDC_HW_M.regenerating,16,160,10,0.0,10000.0,1.0,1.0,0.0,0.0,0.0
feature.Seral.CWHvm_FDC_HW_M.regenerating,17,170,10,0.0,10000.0,1.0,1.0,11.842000007629395,0.0,0.0
feature.Seral.CWHvm_FDC_HW_M.regenerating,18,180,10,0.0,10000.0,1.0,1.0,2.2639999389648438,0.0,0.0
feature.Seral.CWHvm_FDC_HW_M.regenerating,19,190,10,0.0,10000.0,1.0,1.0,19.77899932861328,0.0,0.0
feature.Seral.CWHvm_FDC_HW_M.regenerating,20,200,10,0.0,10000.0,1.0,1.0,0.0,0.0,0.0
feature.Seral.CWHvm_FDC_HW_M.regenerating,21,210,10,0.0,10000.0,1.0,1.0,22.23900032043457,0.0,0.0
feature.Seral.CWHvm_FDC_HW_M.regenerating,22,220,10,0.0,10000.0,1.0,1.0,0.0,0.0,0.0
feature.Seral.CWHvm_FDC_HW_M.regenerating,23,230,10,0.0,10000.0,1.0,1.0,0.0,0.0,0.0
feature.Seral.CWHvm_FDC_HW_M.regenerating,24,240,10,0.0,10000.0,1.0,1.0,9.256999969482422,0.0,0.0
feature.Seral.CWHvm_FDC_HW_M.regenerating,25,250,10,0.0,10000.0,1.0,1.0,2.2639999389648438,0.0,0.0
feature.Seral.CWHvm_FDC_HW_M.regenerating,26,260,10,0.0,10000.0,1.0,1.0,0.0,0.0,0.0
feature.Seral.CWHvm_FDC_HW_M.regenerating,27,270,10,0.0,10000.0,1.0,1.0,0.0,0.0,0.0
feature.Seral.CWHvm_FDC_HW_M.regenerating,28,280,10,0.0,10000.0,1.0,1.0,0.0,0.0,0.0
feature.Seral.CWHvm_FDC_HW_M.regenerating,29,290,10,0.0,10000.0,1.0,1.0,0.0,0.0,0.0
feature.Seral.CWHvm_FDC_HW_M.regenerating,30,300,10,0.0,10000.0,1.0,1.0,22.23900032043457,0.0,0.0
feature.Seral.CWHvm_FDC_HW_M.young,0,0,10,0.0,10000.0,1.0,1.0,0.0,0.0,0.0
feature.Seral.CWHvm_FDC_HW_M.young,1,10,10,0.0,10000.0,1.0,1.0,0.0,0.0,0.0
feature.Seral.CWHvm_FDC_HW_M.young,2,20,10,0.0,10000.0,1.0,1.0,0.0,0.0,0.0
feature.Seral.CWHvm_FDC_HW_M.young,3,30,10,0.0,10000.0,1.0,1.0,7.443999767303467,0.0,0.0
feature.Seral.CWHvm_FDC_HW_M.young,4,40,10,0.0,10000.0,1.0,1.0,40.999000549316406,0.0,0.0
feature.Seral.CWHvm_FDC_HW_M.young,5,50,10,0.0,10000.0,1.0,1.0,55.79399871826172,0.0,0.0
feature.Seral.CWHvm_FDC_HW_M.young,6,60,10,0.0,10000.0,1.0,1.0,31.496000289916992,0.0,0.0
feature.Seral.CWHvm_FDC_HW_M.young,7,70,10,0.0,10000.0,1.0,1.0,9.256999969482422,0.0,0.0
feature.Seral.CWHvm_FDC_HW_M.young,8,80,10,0.0,10000.0,1.0,1.0,28.562999725341797,0.0,0.0
feature.Seral.CWHvm_FDC_HW_M.young,9,90,10,0.0,10000.0,1.0,1.0,40.404998779296875,0.0,0.0
feature.Seral.CWHvm_FDC_HW_M.young,10,100,10,0.0,10000.0,1.0,1.0,11.842000007629395,0.0,0.0
feature.Seral.CWHvm_FDC_HW_M.young,11,110,10,0.0,10000.0,1.0,1.0,30.27199935913086,0.0,0.0
feature.Seral.CWHvm_FDC_HW_M.young,12,120,10,0.0,10000.0,1.0,1.0,37.715999603271484,0.0,0.0
feature.Seral.CWHvm_FDC_HW_M.young,13,130,10,0.0,10000.0,1.0,1.0,41.15999984741211,0.0,0.0
feature.Seral.CWHvm_FDC_HW_M.young,14,140,10,0.0,10000.0,1.0,1.0,42.67300033569336,0.0,0.0
feature.Seral.CWHvm_FDC_HW_M.young,15,150,10,0.0,10000.0,1.0,1.0,18.214000701904297,0.0,0.0
feature.Seral.CWHvm_FDC_HW_M.young,16,160,10,0.0,10000.0,1.0,1.0,21.323999404907227,0.0,0.0
feature.Seral.CWHvm_FDC_HW_M.young,17,170,10,0.0,10000.0,1.0,1.0,12.067000389099121,0.0,0.0
feature.Seral.CWHvm_FDC_HW_M.young,18,180,10,0.0,10000.0,1.0,1.0,11.842000007629395,0.0,0.0
feature.Seral.CWHvm_FDC_HW_M.young,19,190,10,0.0,10000.0,1.0,1.0,21.549999237060547,0.0,0.0
feature.Seral.CWHvm_FDC_HW_M.young,20,200,10,0.0,10000.0,1.0,1.0,57.494998931884766,0.0,0.0
feature.Seral.CWHvm_FDC_HW_M.young,21,210,10,0.0,10000.0,1.0,1.0,47.7869987487793,0.0,0.0
feature.Seral.CWHvm_FDC_HW_M.young,22,220,10,0.0,10000.0,1.0,1.0,22.23900032043457,0.0,0.0
feature.Seral.CWHvm_FDC_HW_M.young,23,230,10,0.0,10000.0,1.0,1.0,22.23900032043457,0.0,0.0
feature.Seral.CWHvm_FDC_HW_M.young,24,240,10,0.0,10000.0,1.0,1.0,0.0,0.0,0.0
feature.Seral.CWHvm_FDC_HW_M.young,25,250,10,0.0,10000.0,1.0,1.0,18.214000701904297,0.0,0.0
feature.Seral.CWHvm_FDC_HW_M.young,26,260,10,0.0,10000.0,1.0,1.0,27.922000885009766,0.0,0.0
feature.Seral.CWHvm_FDC_HW_M.young,27,270,10,0.0,10000.0,1.0,1.0,40.999000549316406,0.0,0.0
feature.Seral.CWHvm_FDC_HW_M.young,28,280,10,0.0,10000.0,1.0,1.0,31.291000366210938,0.0,0.0
feature.Seral.CWHvm_FDC_HW_M.young,29,290,10,0.0,10000.0,1.0,1.0,0.0,0.0,0.0
feature.Seral.CWHvm_FDC_HW_M.young,30,300,10,0.0,10000.0,1.0,1.0,0.0,0.0,0.0
feature.Seral.CWHvm_HW_BA_M.immature,0,0,10,0.0,10000.0,1.0,1.0,0.0,0.0,0.0
feature.Seral.CWHvm_HW_BA_M.immature,1,10,10,0.0,10000.0,1.0,1.0,0.0,0.0,0.0
feature.Seral.CWHvm_HW_BA_M.immature,2,20,10,0.0,10000.0,1.0,1.0,0.0,0.0,0.0
feature.Seral.CWHvm_HW_BA_M.immature,3,30,10,0.0,10000.0,1.0,1.0,3.0280001163482666,0.0,0.0
feature.Seral.CWHvm_HW_BA_M.immature,4,40,10,0.0,10000.0,1.0,1.0,24.93600082397461,0.0,0.0
feature.Seral.CWHvm_HW_BA_M.immature,5,50,10,0.0,10000.0,1.0,1.0,24.93600082397461,0.0,0.0
feature.Seral.CWHvm_HW_BA_M.immature,6,60,10,0.0,10000.0,1.0,1.0,24.93600082397461,0.0,0.0
feature.Seral.CWHvm_HW_BA_M.immature,7,70,10,0.0,10000.0,1.0,1.0,24.93600082397461,0.0,0.0
feature.Seral.CWHvm_HW_BA_M.immature,8,80,10,0.0,10000.0,1.0,1.0,24.93600082397461,0.0,0.0
feature.Seral.CWHvm_HW_BA_M.immature,9,90,10,0.0,10000.0,1.0,1.0,21.908000946044922,0.0,0.0
feature.Seral.CWHvm_HW_BA_M.immature,10,100,10,0.0,10000.0,1.0,1.0,24.173999786376953,0.0,0.0
feature.Seral.CWHvm_HW_BA_M.immature,11,110,10,0.0,10000.0,1.0,1.0,20.020000457763672,0.0,0.0
feature.Seral.CWHvm_HW_BA_M.immature,12,120,10,0.0,10000.0,1.0,1.0,5.294000148773193,0.0,0.0
feature.Seral.CWHvm_HW_BA_M.immature,13,130,10,0.0,10000.0,1.0,1.0,5.294000148773193,0.0,0.0
feature.Seral.CWHvm_HW_BA_M.immature,14,140,10,0.0,10000.0,1.0,1.0,9.447999954223633,0.0,0.0
feature.Seral.CWHvm_HW_BA_M.immature,15,150,10,0.0,10000.0,1.0,1.0,9.447999954223633,0.0,0.0
feature.Seral.CWHvm_HW_BA_M.immature,16,160,10,0.0,10000.0,1.0,1.0,9.447999954223633,0.0,0.0
feature.Seral.CWHvm_HW_BA_M.immature,17,170,10,0.0,10000.0,1.0,1.0,9.447999954223633,0.0,0.0
feature.Seral.CWHvm_HW_BA_M.immature,18,180,10,0.0,10000.0,1.0,1.0,7.182000160217285,0.0,0.0
feature.Seral.CWHvm_HW_BA_M.immature,19,190,10,0.0,10000.0,1.0,1.0,4.1539998054504395,0.0,0.0
feature.Seral.CWHvm_HW_BA_M.immature,20,200,10,0.0,10000.0,1.0,1.0,6.420000076293945,0.0,0.0
feature.Seral.CWHvm_HW_BA_M.immature,21,210,10,0.0,10000.0,1.0,1.0,20.020000457763672,0.0,0.0
feature.Seral.CWHvm_HW_BA_M.immature,22,220,10,0.0,10000.0,1.0,1.0,20.020000457763672,0.0,0.0
feature.Seral.CWHvm_HW_BA_M.immature,23,230,10,0.0,10000.0,1.0,1.0,20.020000457763672,0.0,0.0
feature.Seral.CWHvm_HW_BA_M.immature,24,240,10,0.0,10000.0,1.0,1.0,24.173999786376953,0.0,0.0
feature.Seral.CWHvm_HW_BA_M.immature,25,250,10,0.0,10000.0,1.0,1.0,27.20199966430664,0.0,0.0
feature.Seral.CWHvm_HW_BA_M.immature,26,260,10,0.0,10000.0,1.0,1.0,24.93600082397461,0.0,0.0
feature.Seral.CWHvm_HW_BA_M.immature,27,270,10,0.0,10000.0,1.0,1.0,24.93600082397461,0.0,0.0
feature.Seral.CWHvm_HW_BA_M.immature,28,280,10,0.0,10000.0,1.0,1.0,9.447999954223633,0.0,0.0
feature.Seral.CWHvm_HW_BA_M.immature,29,290,10,0.0,10000.0,1.0,1.0,9.447999954223633,0.0,0.0
feature.Seral.CWHvm_HW_BA_M.immature,30,300,10,0.0,10000.0,1.0,1.0,9.447999954223633,0.0,0.0
feature.Seral.CWHvm_HW_BA_M.mature,0,0,10,0.0,10000.0,1.0,1.0,22.624000549316406,0.0,0.0
feature.Seral.CWHvm_HW_BA_M.mature,1,10,10,0.0,10000.0,1.0,1.0,18.469999313354492,0.0,0.0
feature.Seral.CWHvm_HW_BA_M.mature,2,20,10,0.0,10000.0,1.0,1.0,0.41999998688697815,0.0,0.0
feature.Seral.CWHvm_HW_BA_M.mature,3,30,10,0.0,10000.0,1.0,1.0,0.41999998688697815,0.0,0.0
feature.Seral.CWHvm_HW_BA_M.mature,4,40,10,0.0,10000.0,1.0,1.0,0.0,0.0,0.0
feature.Seral.CWHvm_HW_BA_M.mature,5,50,10,0.0,10000.0,1.0,1.0,0.0,0.0,0.0
feature.Seral.CWHvm_HW_BA_M.mature,6,60,10,0.0,10000.0,1.0,1.0,0.0,0.0,0.0
feature.Seral.CWHvm_HW_BA_M.mature,7,70,10,0.0,10000.0,1.0,1.0,0.0,0.0,0.0
feature.Seral.CWHvm_HW_BA_M.mature,8,80,10,0.0,10000.0,1.0,1.0,0.0,0.0,0.0
feature.Seral.CWHvm_HW_BA_M.mature,9,90,10,0.0,10000.0,1.0,1.0,0.0,0.0,0.0
feature.Seral.CWHvm_HW_BA_M.mature,10,100,10,0.0,10000.0,1.0,1.0,0.0,0.0,0.0
feature.Seral.CWHvm_HW_BA_M.mature,11,110,10,0.0,10000.0,1.0,1.0,0.0,0.0,0.0
feature.Seral.CWHvm_HW_BA_M.mature,12,120,10,0.0,10000.0,1.0,1.0,17.753999710083008,0.0,0.0
feature.Seral.CWHvm_HW_BA_M.mature,13,130,10,0.0,10000.0,1.0,1.0,17.753999710083008,0.0,0.0
feature.Seral.CWHvm_HW_BA_M.mature,14,140,10,0.0,10000.0,1.0,1.0,17.753999710083008,0.0,0.0
feature.Seral.CWHvm_HW_BA_M.mature,15,150,10,0.0,10000.0,1.0,1.0,17.753999710083008,0.0,0.0
feature.Seral.CWHvm_HW_BA_M.mature,16,160,10,0.0,10000.0,1.0,1.0,0.0,0.0,0.0
feature.Seral.CWHvm_HW_BA_M.mature,17,170,10,0.0,10000.0,1.0,1.0,0.0,0.0,0.0
feature.Seral.CWHvm_HW_BA_M.mature,18,180,10,0.0,10000.0,1.0,1.0,0.0,0.0,0.0
feature.Seral.CWHvm_HW_BA_M.mature,19,190,10,0.0,10000.0,1.0,1.0,3.0280001163482666,0.0,0.0
feature.Seral.CWHvm_HW_BA_M.mature,20,200,10,0.0,10000.0,1.0,1.0,3.0280001163482666,0.0,0.0
feature.Seral.CWHvm_HW_BA_M.mature,21,210,10,0.0,10000.0,1.0,1.0,3.0280001163482666,0.0,0.0
feature.Seral.CWHvm_HW_BA_M.mature,22,220,10,0.0,10000.0,1.0,1.0,0.0,0.0,0.0
feature.Seral.CWHvm_HW_BA_M.mature,23,230,10,0.0,10000.0,1.0,1.0,0.0,0.0,0.0
feature.Seral.CWHvm_HW_BA_M.mature,24,240,10,0.0,10000.0,1.0,1.0,0.0,0.0,0.0
feature.Seral.CWHvm_HW_BA_M.mature,25,250,10,0.0,10000.0,1.0,1.0,0.0,0.0,0.0
feature.Seral.CWHvm_HW_BA_M.mature,26,260,10,0.0,10000.0,1.0,1.0,0.0,0.0,0.0
feature.Seral.CWHvm_HW_BA_M.mature,27,270,10,0.0,10000.0,1.0,1.0,0.0,0.0,0.0
feature.Seral.CWHvm_HW_BA_M.mature,28,280,10,0.0,10000.0,1.0,1.0,17.753999710083008,0.0,0.0
feature.Seral.CWHvm_HW_BA_M.mature,29,290,10,0.0,10000.0,1.0,1.0,17.753999710083008,0.0,0.0
feature.Seral.CWHvm_HW_BA_M.mature,30,300,10,0.0,10000.0,1.0,1.0,17.753999710083008,0.0,0.0
feature.Seral.CWHvm_HW_BA_M.overmature,0,0,10,0.0,10000.0,1.0,1.0,5.691999912261963,0.0,0.0
feature.Seral.CWHvm_HW_BA_M.overmature,1,10,10,0.0,10000.0,1.0,1.0,2.6640000343322754,0.0,0.0
feature.Seral.CWHvm_HW_BA_M.overmature,2,20,10,0.0,10000.0,1.0,1.0,2.9600000381469727,0.0,0.0
feature.Seral.CWHvm_HW_BA_M.overmature,3,30,10,0.0,10000.0,1.0,1.0,2.9600000381469727,0.0,0.0
feature.Seral.CWHvm_HW_BA_M.overmature,4,40,10,0.0,10000.0,1.0,1.0,3.380000114440918,0.0,0.0
feature.Seral.CWHvm_HW_BA_M.overmature,5,50,10,0.0,10000.0,1.0,1.0,3.380000114440918,0.0,0.0
feature.Seral.CWHvm_HW_BA_M.overmature,6,60,10,0.0,10000.0,1.0,1.0,3.380000114440918,0.0,0.0
feature.Seral.CWHvm_HW_BA_M.overmature,7,70,10,0.0,10000.0,1.0,1.0,3.380000114440918,0.0,0.0
feature.Seral.CWHvm_HW_BA_M.overmature,8,80,10,0.0,10000.0,1.0,1.0,1.1139999628067017,0.0,0.0
feature.Seral.CWHvm_HW_BA_M.overmature,9,90,10,0.0,10000.0,1.0,1.0,1.1139999628067017,0.0,0.0
feature.Seral.CWHvm_HW_BA_M.overmature,10,100,10,0.0,10000.0,1.0,1.0,1.1139999628067017,0.0,0.0
feature.Seral.CWHvm_HW_BA_M.overmature,11,110,10,0.0,10000.0,1.0,1.0,1.1139999628067017,0.0,0.0
feature.Seral.CWHvm_HW_BA_M.overmature,12,120,10,0.0,10000.0,1.0,1.0,1.1139999628067017,0.0,0.0
feature.Seral.CWHvm_HW_BA_M.overmature,13,130,10,0.0,10000.0,1.0,1.0,1.1139999628067017,0.0,0.0
feature.Seral.CWHvm_HW_BA_M.overmature,14,140,10,0.0,10000.0,1.0,1.0,1.1139999628067017,0.0,0.0
feature.Seral.CWHvm_HW_BA_M.overmature,15,150,10,0.0,10000.0,1.0,1.0,1.1139999628067017,0.0,0.0
feature.Seral.CWHvm_HW_BA_M.overmature,16,160,10,0.0,10000.0,1.0,1.0,18.868000030517578,0.0,0.0
feature.Seral.CWHvm_HW_BA_M.overmature,17,170,10,0.0,10000.0,1.0,1.0,18.868000030517578,0.0,0.0
feature.Seral.CWHvm_HW_BA_M.overmature,18,180,10,0.0,10000.0,1.0,1.0,1.1139999628067017,0.0,0.0
feature.Seral.CWHvm_HW_BA_M.overmature,19,190,10,0.0,10000.0,1.0,1.0,1.1139999628067017,0.0,0.0
feature.Seral.CWHvm_HW_BA_M.overmature,20,200,10,0.0,10000.0,1.0,1.0,1.1139999628067017,0.0,0.0
feature.Seral.CWHvm_HW_BA_M.overmature,21,210,10,0.0,10000.0,1.0,1.0,1.1139999628067017,0.0,0.0
feature.Seral.CWHvm_HW_BA_M.overmature,22,220,10,0.0,10000.0,1.0,1.0,1.1139999628067017,0.0,0.0
feature.Seral.CWHvm_HW_BA_M.overmature,23,230,10,0.0,10000.0,1.0,1.0,1.1139999628067017,0.0,0.0
feature.Seral.CWHvm_HW_BA_M.overmature,24,240,10,0.0,10000.0,1.0,1.0,1.1139999628067017,0.0,0.0
feature.Seral.CWHvm_HW_BA_M.overmature,25,250,10,0.0,10000.0,1.0,1.0,1.1139999628067017,0.0,0.0
feature.Seral.CWHvm_HW_BA_M.overmature,26,260,10,0.0,10000.0,1.0,1.0,1.1139999628067017,0.0,0.0
feature.Seral.CWHvm_HW_BA_M.overmature,27,270,10,0.0,10000.0,1.0,1.0,1.1139999628067017,0.0,0.0
feature.Seral.CWHvm_HW_BA_M.overmature,28,280,10,0.0,10000.0,1.0,1.0,1.1139999628067017,0.0,0.0
feature.Seral.CWHvm_HW_BA_M.overmature,29,290,10,0.0,10000.0,1.0,1.0,1.1139999628067017,0.0,0.0
feature.Seral.CWHvm_HW_BA_M.overmature,30,300,10,0.0,10000.0,1.0,1.0,1.1139999628067017,0.0,0.0
feature.Seral.CWHvm_HW_BA_M.regenerating,0,0,10,0.0,10000.0,1.0,1.0,0.0,0.0,0.0
feature.Seral.CWHvm_HW_BA_M.regenerating,1,10,10,0.0,10000.0,1.0,1.0,4.1539998054504395,0.0,0.0
feature.Seral.CWHvm_HW_BA_M.regenerating,2,20,10,0.0,10000.0,1.0,1.0,0.0,0.0,0.0
feature.Seral.CWHvm_HW_BA_M.regenerating,3,30,10,0.0,10000.0,1.0,1.0,0.0,0.0,0.0
feature.Seral.CWHvm_HW_BA_M.regenerating,4,40,10,0.0,10000.0,1.0,1.0,0.0,0.0,0.0
feature.Seral.CWHvm_HW_BA_M.regenerating,5,50,10,0.0,10000.0,1.0,1.0,0.0,0.0,0.0
feature.Seral.CWHvm_HW_BA_M.regenerating,6,60,10,0.0,10000.0,1.0,1.0,0.0,0.0,0.0
feature.Seral.CWHvm_HW_BA_M.regenerating,7,70,10,0.0,10000.0,1.0,1.0,0.0,0.0,0.0
feature.Seral.CWHvm_HW_BA_M.regenerating,8,80,10,0.0,10000.0,1.0,1.0,0.0,0.0,0.0
feature.Seral.CWHvm_HW_BA_M.regenerating,9,90,10,0.0,10000.0,1.0,1.0,3.0280001163482666,0.0,0.0
feature.Seral.CWHvm_HW_BA_M.regenerating,10,100,10,0.0,10000.0,1.0,1.0,0.0,0.0,0.0
feature.Seral.CWHvm_HW_BA_M.regenerating,11,110,10,0.0,10000.0,1.0,1.0,4.1539998054504395,0.0,0.0
feature.Seral.CWHvm_HW_BA_M.regenerating,12,120,10,0.0,10000.0,1.0,1.0,0.0,0.0,0.0
feature.Seral.CWHvm_HW_BA_M.regenerating,13,130,10,0.0,10000.0,1.0,1.0,0.0,0.0,0.0
feature.Seral.CWHvm_HW_BA_M.regenerating,14,140,10,0.0,10000.0,1.0,1.0,0.0,0.0,0.0
feature.Seral.CWHvm_HW_BA_M.regenerating,15,150,10,0.0,10000.0,1.0,1.0,0.0,0.0,0.0
feature.Seral.CWHvm_HW_BA_M.regenerating,16,160,10,0.0,10000.0,1.0,1.0,0.0,0.0,0.0
feature.Seral.CWHvm_HW_BA_M.regenerating,17,170,10,0.0,10000.0,1.0,1.0,0.0,0.0,0.0
feature.Seral.CWHvm_HW_BA_M.regenerating,18,180,10,0.0,10000.0,1.0,1.0,17.753999710083008,0.0,0.0
feature.Seral.CWHvm_HW_BA_M.regenerating,19,190,10,0.0,10000.0,1.0,1.0,0.0,0.0,0.0
feature.Seral.CWHvm_HW_BA_M.regenerating,20,200,10,0.0,10000.0,1.0,1.0,0.0,0.0,0.0
feature.Seral.CWHvm_HW_BA_M.regenerating,21,210,10,0.0,10000.0,1.0,1.0,4.1539998054504395,0.0,0.0
feature.Seral.CWHvm_HW_BA_M.regenerating,22,220,10,0.0,10000.0,1.0,1.0,3.0280001163482666,0.0,0.0
feature.Seral.CWHvm_HW_BA_M.regenerating,23,230,10,0.0,10000.0,1.0,1.0,0.0,0.0,0.0
feature.Seral.CWHvm_HW_BA_M.regenerating,24,240,10,0.0,10000.0,1.0,1.0,0.0,0.0,0.0
feature.Seral.CWHvm_HW_BA_M.regenerating,25,250,10,0.0,10000.0,1.0,1.0,0.0,0.0,0.0
feature.Seral.CWHvm_HW_BA_M.regenerating,26,260,10,0.0,10000.0,1.0,1.0,0.0,0.0,0.0
feature.Seral.CWHvm_HW_BA_M.regenerating,27,270,10,0.0,10000.0,1.0,1.0,0.0,0.0,0.0
feature.Seral.CWHvm_HW_BA_M.regenerating,28,280,10,0.0,10000.0,1.0,1.0,0.0,0.0,0.0
feature.Seral.CWHvm_HW_BA_M.regenerating,29,290,10,0.0,10000.0,1.0,1.0,0.0,0.0,0.0
feature.Seral.CWHvm_HW_BA_M.regenerating,30,300,10,0.0,10000.0,1.0,1.0,0.0,0.0,0.0
feature.Seral.CWHvm_HW_BA_M.young,0,0,10,0.0,10000.0,1.0,1.0,0.0,0.0,0.0
feature.Seral.CWHvm_HW_BA_M.young,1,10,10,0.0,10000.0,1.0,1.0,3.0280001163482666,0.0,0.0
feature.Seral.CWHvm_HW_BA_M.young,2,20,10,0.0,10000.0,1.0,1.0,24.93600082397461,0.0,0.0
feature.Seral.CWHvm_HW_BA_M.young,3,30,10,0.0,10000.0,1.0,1.0,21.908000946044922,0.0,0.0
feature.Seral.CWHvm_HW_BA_M.young,4,40,10,0.0,10000.0,1.0,1.0,0.0,0.0,0.0
feature.Seral.CWHvm_HW_BA_M.young,5,50,10,0.0,10000.0,1.0,1.0,0.0,0.0,0.0
feature.Seral.CWHvm_HW_BA_M.young,6,60,10,0.0,10000.0,1.0,1.0,0.0,0.0,0.0
feature.Seral.CWHvm_HW_BA_M.young,7,70,10,0.0,10000.0,1.0,1.0,0.0,0.0,0.0
feature.Seral.CWHvm_HW_BA_M.young,8,80,10,0.0,10000.0,1.0,1.0,2.2660000324249268,0.0,0.0
feature.Seral.CWHvm_HW_BA_M.young,9,90,10,0.0,10000.0,1.0,1.0,2.2660000324249268,0.0,0.0
feature.Seral.CWHvm_HW_BA_M.young,10,100,10,0.0,10000.0,1.0,1.0,3.0280001163482666,0.0,0.0
feature.Seral.CWHvm_HW_BA_M.young,11,110,10,0.0,10000.0,1.0,1.0,3.0280001163482666,0.0,0.0
feature.Seral.CWHvm_HW_BA_M.young,12,120,10,0.0,10000.0,1.0,1.0,4.1539998054504395,0.0,0.0
feature.Seral.CWHvm_HW_BA_M.young,13,130,10,0.0,10000.0,1.0,1.0,4.1539998054504395,0.0,0.0
feature.Seral.CWHvm_HW_BA_M.young,14,140,10,0.0,10000.0,1.0,1.0,0.0,0.0,0.0
feature.Seral.CWHvm_HW_BA_M.young,15,150,10,0.0,10000.0,1.0,1.0,0.0,0.0,0.0
feature.Seral.CWHvm_HW_BA_M.young,16,160,10,0.0,10000.0,1.0,1.0,0.0,0.0,0.0
feature.Seral.CWHvm_HW_BA_M.young,17,170,10,0.0,10000.0,1.0,1.0,0.0,0.0,0.0
feature.Seral.CWHvm_HW_BA_M.young,18,180,10,0.0,10000.0,1.0,1.0,2.2660000324249268,0.0,0.0
feature.Seral.CWHvm_HW_BA_M.young,19,190,10,0.0,10000.0,1.0,1.0,20.020000457763672,0.0,0.0
feature.Seral.CWHvm_HW_BA_M.young,20,200,10,0.0,10000.0,1.0,1.0,17.753999710083008,0.0,0.0
feature.Seral.CWHvm_HW_BA_M.young,21,210,10,0.0,10000.0,1.0,1.0,0.0,0.0,0.0
feature.Seral.CWHvm_HW_BA_M.young,22,220,10,0.0,10000.0,1.0,1.0,4.1539998054504395,0.0,0.0
feature.Seral.CWHvm_HW_BA_M.young,23,230,10,0.0,10000.0,1.0,1.0,7.182000160217285,0.0,0.0
feature.Seral.CWHvm_HW_BA_M.young,24,240,10,0.0,10000.0,1.0,1.0,3.0280001163482666,0.0,0.0
feature.Seral.CWHvm_HW_BA_M.young,25,250,10,0.0,10000.0,1.0,1.0,0.0,0.0,0.0
feature.Seral.CWHvm_HW_BA_M.young,26,260,10,0.0,10000.0,1.0,1.0,2.2660000324249268,0.0,0.0
feature.Seral.CWHvm_HW_BA_M.young,27,270,10,0.0,10000.0,1.0,1.0,2.2660000324249268,0.0,0.0
feature.Seral.CWHvm_HW_BA_M.young,28,280,10,0.0,10000.0,1.0,1.0,0.0,0.0,0.0
feature.Seral.CWHvm_HW_BA_M.young,29,290,10,0.0,10000.0,1.0,1.0,0.0,0.0,0.0
feature.Seral.CWHvm_HW_BA_M.young,30,300,10,0.0,10000.0,1.0,1.0,0.0,0.0,0.0
feature.Seral.CWHvm_HW_CW_H.immature,0,0,10,0.0,10000.0,1.0,1.0,35.50899887084961,0.0,0.0
feature.Seral.CWHvm_HW_CW_H.immature,1,10,10,0.0,10000.0,1.0,1.0,35.50899887084961,0.0,0.0
feature.Seral.CWHvm_HW_CW_H.immature,2,20,10,0.0,10000.0,1.0,1.0,35.50899887084961,0.0,0.0
feature.Seral.CWHvm_HW_CW_H.immature,3,30,10,0.0,10000.0,1.0,1.0,38.323001861572266,0.0,0.0
feature.Seral.CWHvm_HW_CW_H.immature,4,40,10,0.0,10000.0,1.0,1.0,43.981998443603516,0.0,0.0
feature.Seral.CWHvm_HW_CW_H.immature,5,50,10,0.0,10000.0,1.0,1.0,27.06999969482422,0.0,0.0
feature.Seral.CWHvm_HW_CW_H.immature,6,60,10,0.0,10000.0,1.0,1.0,23.32699966430664,0.0,0.0
feature.Seral.CWHvm_HW_CW_H.immature,7,70,10,0.0,10000.0,1.0,1.0,39.12900161743164,0.0,0.0
feature.Seral.CWHvm_HW_CW_H.immature,8,80,10,0.0,10000.0,1.0,1.0,39.12900161743164,0.0,0.0
feature.Seral.CWHvm_HW_CW_H.immature,9,90,10,0.0,10000.0,1.0,1.0,36.314998626708984,0.0,0.0
feature.Seral.CWHvm_HW_CW_H.immature,10,100,10,0.0,10000.0,1.0,1.0,42.57899856567383,0.0,0.0
feature.Seral.CWHvm_HW_CW_H.immature,11,110,10,0.0,10000.0,1.0,1.0,42.57899856567383,0.0,0.0
feature.Seral.CWHvm_HW_CW_H.immature,12,120,10,0.0,10000.0,1.0,1.0,24.8799991607666,0.0,0.0
feature.Seral.CWHvm_HW_CW_H.immature,13,130,10,0.0,10000.0,1.0,1.0,24.8799991607666,0.0,0.0
feature.Seral.CWHvm_HW_CW_H.immature,14,140,10,0.0,10000.0,1.0,1.0,9.07800006866455,0.0,0.0
feature.Seral.CWHvm_HW_CW_H.immature,15,150,10,0.0,10000.0,1.0,1.0,23.93199920654297,0.0,0.0
feature.Seral.CWHvm_HW_CW_H.immature,16,160,10,0.0,10000.0,1.0,1.0,23.93199920654297,0.0,0.0
feature.Seral.CWHvm_HW_CW_H.immature,17,170,10,0.0,10000.0,1.0,1.0,29.590999603271484,0.0,0.0
feature.Seral.CWHvm_HW_CW_H.immature,18,180,10,0.0,10000.0,1.0,1.0,39.90700149536133,0.0,0.0
feature.Seral.CWHvm_HW_CW_H.immature,19,190,10,0.0,10000.0,1.0,1.0,37.09299850463867,0.0,0.0
feature.Seral.CWHvm_HW_CW_H.immature,20,200,10,0.0,10000.0,1.0,1.0,37.09299850463867,0.0,0.0
feature.Seral.CWHvm_HW_CW_H.immature,21,210,10,0.0,10000.0,1.0,1.0,34.23400115966797,0.0,0.0
feature.Seral.CWHvm_HW_CW_H.immature,22,220,10,0.0,10000.0,1.0,1.0,34.23400115966797,0.0,0.0
feature.Seral.CWHvm_HW_CW_H.immature,23,230,10,0.0,10000.0,1.0,1.0,46.99300003051758,0.0,0.0
feature.Seral.CWHvm_HW_CW_H.immature,24,240,10,0.0,10000.0,1.0,1.0,56.1879997253418,0.0,0.0
feature.Seral.CWHvm_HW_CW_H.immature,25,250,10,0.0,10000.0,1.0,1.0,53.25,0.0,0.0
feature.Seral.CWHvm_HW_CW_H.immature,26,260,10,0.0,10000.0,1.0,1.0,42.422000885009766,0.0,0.0
feature.Seral.CWHvm_HW_CW_H.immature,27,270,10,0.0,10000.0,1.0,1.0,47.93199920654297,0.0,0.0
feature.Seral.CWHvm_HW_CW_H.immature,28,280,10,0.0,10000.0,1.0,1.0,35.9370002746582,0.0,0.0
feature.Seral.CWHvm_HW_CW_H.immature,29,290,10,0.0,10000.0,1.0,1.0,49.57899856567383,0.0,0.0
feature.Seral.CWHvm_HW_CW_H.immature,30,300,10,0.0,10000.0,1.0,1.0,30.98200035095215,0.0,0.0
feature.Seral.CWHvm_HW_CW_H.mature,0,0,10,0.0,10000.0,1.0,1.0,68.0719985961914,0.0,0.0
feature.Seral.CWHvm_HW_CW_H.mature,1,10,10,0.0,10000.0,1.0,1.0,24.975000381469727,0.0,0.0
feature.Seral.CWHvm_HW_CW_H.mature,2,20,10,0.0,10000.0,1.0,1.0,24.975000381469727,0.0,0.0
feature.Seral.CWHvm_HW_CW_H.mature,3,30,10,0.0,10000.0,1.0,1.0,0.0,0.0,0.0
feature.Seral.CWHvm_HW_CW_H.mature,4,40,10,0.0,10000.0,1.0,1.0,0.0,0.0,0.0
feature.Seral.CWHvm_HW_CW_H.mature,5,50,10,0.0,10000.0,1.0,1.0,31.766000747680664,0.0,0.0
feature.Seral.CWHvm_HW_CW_H.mature,6,60,10,0.0,10000.0,1.0,1.0,35.50899887084961,0.0,0.0
feature.Seral.CWHvm_HW_CW_H.mature,7,70,10,0.0,10000.0,1.0,1.0,35.50899887084961,0.0,0.0
feature.Seral.CWHvm_HW_CW_H.mature,8,80,10,0.0,10000.0,1.0,1.0,3.743000030517578,0.0,0.0
feature.Seral.CWHvm_HW_CW_H.mature,9,90,10,0.0,10000.0,1.0,1.0,0.0,0.0,0.0
feature.Seral.CWHvm_HW_CW_H.mature,10,100,10,0.0,10000.0,1.0,1.0,0.0,0.0,0.0
feature.Seral.CWHvm_HW_CW_H.mature,11,110,10,0.0,10000.0,1.0,1.0,0.0,0.0,0.0
feature.Seral.CWHvm_HW_CW_H.mature,12,120,10,0.0,10000.0,1.0,1.0,5.658999919891357,0.0,0.0
feature.Seral.CWHvm_HW_CW_H.mature,13,130,10,0.0,10000.0,1.0,1.0,5.658999919891357,0.0,0.0
feature.Seral.CWHvm_HW_CW_H.mature,14,140,10,0.0,10000.0,1.0,1.0,19.152000427246094,0.0,0.0
feature.Seral.CWHvm_HW_CW_H.mature,15,150,10,0.0,10000.0,1.0,1.0,2.1600000858306885,0.0,0.0
feature.Seral.CWHvm_HW_CW_H.mature,16,160,10,0.0,10000.0,1.0,1.0,2.1600000858306885,0.0,0.0
feature.Seral.CWHvm_HW_CW_H.mature,17,170,10,0.0,10000.0,1.0,1.0,0.0,0.0,0.0
feature.Seral.CWHvm_HW_CW_H.mature,18,180,10,0.0,10000.0,1.0,1.0,6.263999938964844,0.0,0.0
feature.Seral.CWHvm_HW_CW_H.mature,19,190,10,0.0,10000.0,1.0,1.0,9.07800006866455,0.0,0.0
feature.Seral.CWHvm_HW_CW_H.mature,20,200,10,0.0,10000.0,1.0,1.0,2.813999891281128,0.0,0.0
feature.Seral.CWHvm_HW_CW_H.mature,21,210,10,0.0,10000.0,1.0,1.0,2.813999891281128,0.0,0.0
feature.Seral.CWHvm_HW_CW_H.mature,22,220,10,0.0,10000.0,1.0,1.0,0.0,0.0,0.0
feature.Seral.CWHvm_HW_CW_H.mature,23,230,10,0.0,10000.0,1.0,1.0,0.0,0.0,0.0
feature.Seral.CWHvm_HW_CW_H.mature,24,240,10,0.0,10000.0,1.0,1.0,2.309000015258789,0.0,0.0
feature.Seral.CWHvm_HW_CW_H.mature,25,250,10,0.0,10000.0,1.0,1.0,5.247000217437744,0.0,0.0
feature.Seral.CWHvm_HW_CW_H.mature,26,260,10,0.0,10000.0,1.0,1.0,18.888999938964844,0.0,0.0
feature.Seral.CWHvm_HW_CW_H.mature,27,270,10,0.0,10000.0,1.0,1.0,2.937999963760376,0.0,0.0
feature.Seral.CWHvm_HW_CW_H.mature,28,280,10,0.0,10000.0,1.0,1.0,11.994999885559082,0.0,0.0
feature.Seral.CWHvm_HW_CW_H.mature,29,290,10,0.0,10000.0,1.0,1.0,11.994999885559082,0.0,0.0
feature.Seral.CWHvm_HW_CW_H.mature,30,300,10,0.0,10000.0,1.0,1.0,15.73799991607666,0.0,0.0
feature.Seral.CWHvm_HW_CW_H.overmature,0,0,10,0.0,10000.0,1.0,1.0,4.271999835968018,0.0,0.0
feature.Seral.CWHvm_HW_CW_H.overmature,1,10,10,0.0,10000.0,1.0,1.0,44.55500030517578,0.0,0.0
feature.Seral.CWHvm_HW_CW_H.overmature,2,20,10,0.0,10000.0,1.0,1.0,38.895999908447266,0.0,0.0
feature.Seral.CWHvm_HW_CW_H.overmature,3,30,10,0.0,10000.0,1.0,1.0,49.016998291015625,0.0,0.0
feature.Seral.CWHvm_HW_CW_H.overmature,4,40,10,0.0,10000.0,1.0,1.0,33.21500015258789,0.0,0.0
feature.Seral.CWHvm_HW_CW_H.overmature,5,50,10,0.0,10000.0,1.0,1.0,33.21500015258789,0.0,0.0
feature.Seral.CWHvm_HW_CW_H.overmature,6,60,10,0.0,10000.0,1.0,1.0,33.21500015258789,0.0,0.0
feature.Seral.CWHvm_HW_CW_H.overmature,7,70,10,0.0,10000.0,1.0,1.0,33.21500015258789,0.0,0.0
feature.Seral.CWHvm_HW_CW_H.overmature,8,80,10,0.0,10000.0,1.0,1.0,58.71699905395508,0.0,0.0
feature.Seral.CWHvm_HW_CW_H.overmature,9,90,10,0.0,10000.0,1.0,1.0,62.459999084472656,0.0,0.0
feature.Seral.CWHvm_HW_CW_H.overmature,10,100,10,0.0,10000.0,1.0,1.0,62.459999084472656,0.0,0.0
feature.Seral.CWHvm_HW_CW_H.overmature,11,110,10,0.0,10000.0,1.0,1.0,62.459999084472656,0.0,0.0
feature.Seral.CWHvm_HW_CW_H.overmature,12,120,10,0.0,10000.0,1.0,1.0,62.459999084472656,0.0,0.0
feature.Seral.CWHvm_HW_CW_H.overmature,13,130,10,0.0,10000.0,1.0,1.0,62.459999084472656,0.0,0.0
feature.Seral.CWHvm_HW_CW_H.overmature,14,140,10,0.0,10000.0,1.0,1.0,62.459999084472656,0.0,0.0
feature.Seral.CWHvm_HW_CW_H.overmature,15,150,10,0.0,10000.0,1.0,1.0,59.52199935913086,0.0,0.0
feature.Seral.CWHvm_HW_CW_H.overmature,16,160,10,0.0,10000.0,1.0,1.0,59.52199935913086,0.0,0.0
feature.Seral.CWHvm_HW_CW_H.overmature,17,170,10,0.0,10000.0,1.0,1.0,61.68199920654297,0.0,0.0
feature.Seral.CWHvm_HW_CW_H.overmature,18,180,10,0.0,10000.0,1.0,1.0,49.6870002746582,0.0,0.0
feature.Seral.CWHvm_HW_CW_H.overmature,19,190,10,0.0,10000.0,1.0,1.0,49.6870002746582,0.0,0.0
feature.Seral.CWHvm_HW_CW_H.overmature,20,200,10,0.0,10000.0,1.0,1.0,45.944000244140625,0.0,0.0
feature.Seral.CWHvm_HW_CW_H.overmature,21,210,10,0.0,10000.0,1.0,1.0,43.19200134277344,0.0,0.0
feature.Seral.CWHvm_HW_CW_H.overmature,22,220,10,0.0,10000.0,1.0,1.0,46.00600051879883,0.0,0.0
feature.Seral.CWHvm_HW_CW_H.overmature,23,230,10,0.0,10000.0,1.0,1.0,43.19200134277344,0.0,0.0
feature.Seral.CWHvm_HW_CW_H.overmature,24,240,10,0.0,10000.0,1.0,1.0,41.03200149536133,0.0,0.0
feature.Seral.CWHvm_HW_CW_H.overmature,25,250,10,0.0,10000.0,1.0,1.0,41.03200149536133,0.0,0.0
feature.Seral.CWHvm_HW_CW_H.overmature,26,260,10,0.0,10000.0,1.0,1.0,41.03200149536133,0.0,0.0
feature.Seral.CWHvm_HW_CW_H.overmature,27,270,10,0.0,10000.0,1.0,1.0,43.340999603271484,0.0,0.0
feature.Seral.CWHvm_HW_CW_H.overmature,28,280,10,0.0,10000.0,1.0,1.0,46.27899932861328,0.0,0.0
feature.Seral.CWHvm_HW_CW_H.overmature,29,290,10,0.0,10000.0,1.0,1.0,46.27899932861328,0.0,0.0
feature.Seral.CWHvm_HW_CW_H.overmature,30,300,10,0.0,10000.0,1.0,1.0,46.27899932861328,0.0,0.0
feature.Seral.CWHvm_HW_CW_H.regenerating,0,0,10,0.0,10000.0,1.0,1.0,0.0,0.0,0.0
feature.Seral.CWHvm_HW_CW_H.regenerating,1,10,10,0.0,10000.0,1.0,1.0,0.0,0.0,0.0
feature.Seral.CWHvm_HW_CW_H.regenerating,2,20,10,0.0,10000.0,1.0,1.0,0.0,0.0,0.0
feature.Seral.CWHvm_HW_CW_H.regenerating,3,30,10,0.0,10000.0,1.0,1.0,0.0,0.0,0.0
feature.Seral.CWHvm_HW_CW_H.regenerating,4,40,10,0.0,10000.0,1.0,1.0,15.802000045776367,0.0,0.0
feature.Seral.CWHvm_HW_CW_H.regenerating,5,50,10,0.0,10000.0,1.0,1.0,0.0,0.0,0.0
feature.Seral.CWHvm_HW_CW_H.regenerating,6,60,10,0.0,10000.0,1.0,1.0,0.0,0.0,0.0
feature.Seral.CWHvm_HW_CW_H.regenerating,7,70,10,0.0,10000.0,1.0,1.0,0.0,0.0,0.0
feature.Seral.CWHvm_HW_CW_H.regenerating,8,80,10,0.0,10000.0,1.0,1.0,0.0,0.0,0.0
feature.Seral.CWHvm_HW_CW_H.regenerating,9,90,10,0.0,10000.0,1.0,1.0,2.813999891281128,0.0,0.0
feature.Seral.CWHvm_HW_CW_H.regenerating,10,100,10,0.0,10000.0,1.0,1.0,0.0,0.0,0.0
feature.Seral.CWHvm_HW_CW_H.regenerating,11,110,10,0.0,10000.0,1.0,1.0,0.0,0.0,0.0
feature.Seral.CWHvm_HW_CW_H.regenerating,12,120,10,0.0,10000.0,1.0,1.0,14.854000091552734,0.0,0.0
feature.Seral.CWHvm_HW_CW_H.regenerating,13,130,10,0.0,10000.0,1.0,1.0,0.0,0.0,0.0
feature.Seral.CWHvm_HW_CW_H.regenerating,14,140,10,0.0,10000.0,1.0,1.0,2.309000015258789,0.0,0.0
feature.Seral.CWHvm_HW_CW_H.regenerating,15,150,10,0.0,10000.0,1.0,1.0,16.579999923706055,0.0,0.0
feature.Seral.CWHvm_HW_CW_H.regenerating,16,160,10,0.0,10000.0,1.0,1.0,0.0,0.0,0.0
feature.Seral.CWHvm_HW_CW_H.regenerating,17,170,10,0.0,10000.0,1.0,1.0,0.0,0.0,0.0
feature.Seral.CWHvm_HW_CW_H.regenerating,18,180,10,0.0,10000.0,1.0,1.0,11.994999885559082,0.0,0.0
feature.Seral.CWHvm_HW_CW_H.regenerating,19,190,10,0.0,10000.0,1.0,1.0,0.0,0.0,0.0
feature.Seral.CWHvm_HW_CW_H.regenerating,20,200,10,0.0,10000.0,1.0,1.0,10.006999969482422,0.0,0.0
feature.Seral.CWHvm_HW_CW_H.regenerating,21,210,10,0.0,10000.0,1.0,1.0,14.854000091552734,0.0,0.0
feature.Seral.CWHvm_HW_CW_H.regenerating,22,220,10,0.0,10000.0,1.0,1.0,0.0,0.0,0.0
feature.Seral.CWHvm_HW_CW_H.regenerating,23,230,10,0.0,10000.0,1.0,1.0,2.813999891281128,0.0,0.0
feature.Seral.CWHvm_HW_CW_H.regenerating,24,240,10,0.0,10000.0,1.0,1.0,5.510000228881836,0.0,0.0
feature.Seral.CWHvm_HW_CW_H.regenerating,25,250,10,0.0,10000.0,1.0,1.0,0.0,0.0,0.0
feature.Seral.CWHvm_HW_CW_H.regenerating,26,260,10,0.0,10000.0,1.0,1.0,0.0,0.0,0.0
feature.Seral.CWHvm_HW_CW_H.regenerating,27,270,10,0.0,10000.0,1.0,1.0,0.0,0.0,0.0
feature.Seral.CWHvm_HW_CW_H.regenerating,28,280,10,0.0,10000.0,1.0,1.0,0.0,0.0,0.0
feature.Seral.CWHvm_HW_CW_H.regenerating,29,290,10,0.0,10000.0,1.0,1.0,0.0,0.0,0.0
feature.Seral.CWHvm_HW_CW_H.regenerating,30,300,10,0.0,10000.0,1.0,1.0,14.854000091552734,0.0,0.0
feature.Seral.CWHvm_HW_CW_H.young,0,0,10,0.0,10000.0,1.0,1.0,0.0,0.0,0.0
feature.Seral.CWHvm_HW_CW_H.young,1,10,10,0.0,10000.0,1.0,1.0,2.813999891281128,0.0,0.0
feature.Seral.CWHvm_HW_CW_H.young,2,20,10,0.0,10000.0,1.0,1.0,8.472999572753906,0.0,0.0
feature.Seral.CWHvm_HW_CW_H.young,3,30,10,0.0,10000.0,1.0,1.0,20.51300048828125,0.0,0.0
feature.Seral.CWHvm_HW_CW_H.young,4,40,10,0.0,10000.0,1.0,1.0,14.854000091552734,0.0,0.0
feature.Seral.CWHvm_HW_CW_H.young,5,50,10,0.0,10000.0,1.0,1.0,15.802000045776367,0.0,0.0
feature.Seral.CWHvm_HW_CW_H.young,6,60,10,0.0,10000.0,1.0,1.0,15.802000045776367,0.0,0.0
feature.Seral.CWHvm_HW_CW_H.young,7,70,10,0.0,10000.0,1.0,1.0,0.0,0.0,0.0
feature.Seral.CWHvm_HW_CW_H.young,8,80,10,0.0,10000.0,1.0,1.0,6.263999938964844,0.0,0.0
feature.Seral.CWHvm_HW_CW_H.young,9,90,10,0.0,10000.0,1.0,1.0,6.263999938964844,0.0,0.0
feature.Seral.CWHvm_HW_CW_H.young,10,100,10,0.0,10000.0,1.0,1.0,2.813999891281128,0.0,0.0
feature.Seral.CWHvm_HW_CW_H.young,11,110,10,0.0,10000.0,1.0,1.0,2.813999891281128,0.0,0.0
feature.Seral.CWHvm_HW_CW_H.young,12,120,10,0.0,10000.0,1.0,1.0,0.0,0.0,0.0
feature.Seral.CWHvm_HW_CW_H.young,13,130,10,0.0,10000.0,1.0,1.0,14.854000091552734,0.0,0.0
feature.Seral.CWHvm_HW_CW_H.young,14,140,10,0.0,10000.0,1.0,1.0,14.854000091552734,0.0,0.0
feature.Seral.CWHvm_HW_CW_H.young,15,150,10,0.0,10000.0,1.0,1.0,5.658999919891357,0.0,0.0
feature.Seral.CWHvm_HW_CW_H.young,16,160,10,0.0,10000.0,1.0,1.0,22.23900032043457,0.0,0.0
feature.Seral.CWHvm_HW_CW_H.young,17,170,10,0.0,10000.0,1.0,1.0,16.579999923706055,0.0,0.0
feature.Seral.CWHvm_HW_CW_H.young,18,180,10,0.0,10000.0,1.0,1.0,0.0,0.0,0.0
feature.Seral.CWHvm_HW_CW_H.young,19,190,10,0.0,10000.0,1.0,1.0,11.994999885559082,0.0,0.0
feature.Seral.CWHvm_HW_CW_H.young,20,200,10,0.0,10000.0,1.0,1.0,11.994999885559082,0.0,0.0
feature.Seral.CWHvm_HW_CW_H.young,21,210,10,0.0,10000.0,1.0,1.0,12.758999824523926,0.0,0.0
feature.Seral.CWHvm_HW_CW_H.young,22,220,10,0.0,10000.0,1.0,1.0,27.613000869750977,0.0,0.0
feature.Seral.CWHvm_HW_CW_H.young,23,230,10,0.0,10000.0,1.0,1.0,14.854000091552734,0.0,0.0
feature.Seral.CWHvm_HW_CW_H.young,24,240,10,0.0,10000.0,1.0,1.0,2.813999891281128,0.0,0.0
feature.Seral.CWHvm_HW_CW_H.young,25,250,10,0.0,10000.0,1.0,1.0,8.324000358581543,0.0,0.0
feature.Seral.CWHvm_HW_CW_H.young,26,260,10,0.0,10000.0,1.0,1.0,5.510000228881836,0.0,0.0
feature.Seral.CWHvm_HW_CW_H.young,27,270,10,0.0,10000.0,1.0,1.0,13.642000198364258,0.0,0.0
feature.Seral.CWHvm_HW_CW_H.young,28,280,10,0.0,10000.0,1.0,1.0,13.642000198364258,0.0,0.0
feature.Seral.CWHvm_HW_CW_H.young,29,290,10,0.0,10000.0,1.0,1.0,0.0,0.0,0.0
feature.Seral.CWHvm_HW_CW_H.young,30,300,10,0.0,10000.0,1.0,1.0,0.0,0.0,0.0
feature.Seral.CWHvm_HW_CW_L.immature,0,0,10,0.0,10000.0,1.0,1.0,5.120999813079834,0.0,0.0
feature.Seral.CWHvm_HW_CW_L.immature,1,10,10,0.0,10000.0,1.0,1.0,5.120999813079834,0.0,0.0
feature.Seral.CWHvm_HW_CW_L.immature,2,20,10,0.0,10000.0,1.0,1.0,5.120999813079834,0.0,0.0
feature.Seral.CWHvm_HW_CW_L.immature,3,30,10,0.0,10000.0,1.0,1.0,3.7809998989105225,0.0,0.0
feature.Seral.CWHvm_HW_CW_L.immature,4,40,10,0.0,10000.0,1.0,1.0,4.150000095367432,0.0,0.0
feature.Seral.CWHvm_HW_CW_L.immature,5,50,10,0.0,10000.0,1.0,1.0,5.8429999351501465,0.0,0.0
feature.Seral.CWHvm_HW_CW_L.immature,6,60,10,0.0,10000.0,1.0,1.0,8.387999534606934,0.0,0.0
feature.Seral.CWHvm_HW_CW_L.immature,7,70,10,0.0,10000.0,1.0,1.0,8.387999534606934,0.0,0.0
feature.Seral.CWHvm_HW_CW_L.immature,8,80,10,0.0,10000.0,1.0,1.0,8.387999534606934,0.0,0.0
feature.Seral.CWHvm_HW_CW_L.immature,9,90,10,0.0,10000.0,1.0,1.0,8.387999534606934,0.0,0.0
feature.Seral.CWHvm_HW_CW_L.immature,10,100,10,0.0,10000.0,1.0,1.0,17.409000396728516,0.0,0.0
feature.Seral.CWHvm_HW_CW_L.immature,11,110,10,0.0,10000.0,1.0,1.0,17.409000396728516,0.0,0.0
feature.Seral.CWHvm_HW_CW_L.immature,12,120,10,0.0,10000.0,1.0,1.0,22.452999114990234,0.0,0.0
feature.Seral.CWHvm_HW_CW_L.immature,13,130,10,0.0,10000.0,1.0,1.0,21.729000091552734,0.0,0.0
feature.Seral.CWHvm_HW_CW_L.immature,14,140,10,0.0,10000.0,1.0,1.0,22.10700035095215,0.0,0.0
feature.Seral.CWHvm_HW_CW_L.immature,15,150,10,0.0,10000.0,1.0,1.0,22.9950008392334,0.0,0.0
feature.Seral.CWHvm_HW_CW_L.immature,16,160,10,0.0,10000.0,1.0,1.0,22.9950008392334,0.0,0.0
feature.Seral.CWHvm_HW_CW_L.immature,17,170,10,0.0,10000.0,1.0,1.0,22.9950008392334,0.0,0.0
feature.Seral.CWHvm_HW_CW_L.immature,18,180,10,0.0,10000.0,1.0,1.0,27.950000762939453,0.0,0.0
feature.Seral.CWHvm_HW_CW_L.immature,19,190,10,0.0,10000.0,1.0,1.0,27.950000762939453,0.0,0.0
feature.Seral.CWHvm_HW_CW_L.immature,20,200,10,0.0,10000.0,1.0,1.0,10.45199966430664,0.0,0.0
feature.Seral.CWHvm_HW_CW_L.immature,21,210,10,0.0,10000.0,1.0,1.0,13.508999824523926,0.0,0.0
feature.Seral.CWHvm_HW_CW_L.immature,22,220,10,0.0,10000.0,1.0,1.0,13.508999824523926,0.0,0.0
feature.Seral.CWHvm_HW_CW_L.immature,23,230,10,0.0,10000.0,1.0,1.0,22.065000534057617,0.0,0.0
feature.Seral.CWHvm_HW_CW_L.immature,24,240,10,0.0,10000.0,1.0,1.0,20.371999740600586,0.0,0.0
feature.Seral.CWHvm_HW_CW_L.immature,25,250,10,0.0,10000.0,1.0,1.0,20.371999740600586,0.0,0.0
feature.Seral.CWHvm_HW_CW_L.immature,26,260,10,0.0,10000.0,1.0,1.0,23.08099937438965,0.0,0.0
feature.Seral.CWHvm_HW_CW_L.immature,27,270,10,0.0,10000.0,1.0,1.0,20.535999298095703,0.0,0.0
feature.Seral.CWHvm_HW_CW_L.immature,28,280,10,0.0,10000.0,1.0,1.0,18.850000381469727,0.0,0.0
feature.Seral.CWHvm_HW_CW_L.immature,29,290,10,0.0,10000.0,1.0,1.0,24.183000564575195,0.0,0.0
feature.Seral.CWHvm_HW_CW_L.immature,30,300,10,0.0,10000.0,1.0,1.0,21.125999450683594,0.0,0.0
feature.Seral.CWHvm_HW_CW_L.mature,0,0,10,0.0,10000.0,1.0,1.0,0.0,0.0,0.0
feature.Seral.CWHvm_HW_CW_L.mature,1,10,10,0.0,10000.0,1.0,1.0,0.0,0.0,0.0
feature.Seral.CWHvm_HW_CW_L.mature,2,20,10,0.0,10000.0,1.0,1.0,0.0,0.0,0.0
feature.Seral.CWHvm_HW_CW_L.mature,3,30,10,0.0,10000.0,1.0,1.0,2.063999891281128,0.0,0.0
feature.Seral.CWHvm_HW_CW_L.mature,4,40,10,0.0,10000.0,1.0,1.0,5.120999813079834,0.0,0.0
feature.Seral.CWHvm_HW_CW_L.mature,5,50,10,0.0,10000.0,1.0,1.0,5.120999813079834,0.0,0.0
feature.Seral.CWHvm_HW_CW_L.mature,6,60,10,0.0,10000.0,1.0,1.0,5.120999813079834,0.0,0.0
feature.Seral.CWHvm_HW_CW_L.mature,7,70,10,0.0,10000.0,1.0,1.0,5.120999813079834,0.0,0.0
feature.Seral.CWHvm_HW_CW_L.mature,8,80,10,0.0,10000.0,1.0,1.0,5.120999813079834,0.0,0.0
feature.Seral.CWHvm_HW_CW_L.mature,9,90,10,0.0,10000.0,1.0,1.0,5.120999813079834,0.0,0.0
feature.Seral.CWHvm_HW_CW_L.mature,10,100,10,0.0,10000.0,1.0,1.0,5.120999813079834,0.0,0.0
feature.Seral.CWHvm_HW_CW_L.mature,11,110,10,0.0,10000.0,1.0,1.0,3.056999921798706,0.0,0.0
feature.Seral.CWHvm_HW_CW_L.mature,12,120,10,0.0,10000.0,1.0,1.0,0.0,0.0,0.0
feature.Seral.CWHvm_HW_CW_L.mature,13,130,10,0.0,10000.0,1.0,1.0,0.7239999771118164,0.0,0.0
feature.Seral.CWHvm_HW_CW_L.mature,14,140,10,0.0,10000.0,1.0,1.0,2.4100000858306885,0.0,0.0
feature.Seral.CWHvm_HW_CW_L.mature,15,150,10,0.0,10000.0,1.0,1.0,1.6859999895095825,0.0,0.0
feature.Seral.CWHvm_HW_CW_L.mature,16,160,10,0.0,10000.0,1.0,1.0,0.0,0.0,0.0
feature.Seral.CWHvm_HW_CW_L.mature,17,170,10,0.0,10000.0,1.0,1.0,0.0,0.0,0.0
feature.Seral.CWHvm_HW_CW_L.mature,18,180,10,0.0,10000.0,1.0,1.0,0.0,0.0,0.0
feature.Seral.CWHvm_HW_CW_L.mature,19,190,10,0.0,10000.0,1.0,1.0,0.0,0.0,0.0
feature.Seral.CWHvm_HW_CW_L.mature,20,200,10,0.0,10000.0,1.0,1.0,5.138000011444092,0.0,0.0
feature.Seral.CWHvm_HW_CW_L.mature,21,210,10,0.0,10000.0,1.0,1.0,5.138000011444092,0.0,0.0
feature.Seral.CWHvm_HW_CW_L.mature,22,220,10,0.0,10000.0,1.0,1.0,5.138000011444092,0.0,0.0
feature.Seral.CWHvm_HW_CW_L.mature,23,230,10,0.0,10000.0,1.0,1.0,7.202000141143799,0.0,0.0
feature.Seral.CWHvm_HW_CW_L.mature,24,240,10,0.0,10000.0,1.0,1.0,7.202000141143799,0.0,0.0
feature.Seral.CWHvm_HW_CW_L.mature,25,250,10,0.0,10000.0,1.0,1.0,7.202000141143799,0.0,0.0
feature.Seral.CWHvm_HW_CW_L.mature,26,260,10,0.0,10000.0,1.0,1.0,5.138000011444092,0.0,0.0
feature.Seral.CWHvm_HW_CW_L.mature,27,270,10,0.0,10000.0,1.0,1.0,5.138000011444092,0.0,0.0
feature.Seral.CWHvm_HW_CW_L.mature,28,280,10,0.0,10000.0,1.0,1.0,1.6859999895095825,0.0,0.0
feature.Seral.CWHvm_HW_CW_L.mature,29,290,10,0.0,10000.0,1.0,1.0,1.6859999895095825,0.0,0.0
feature.Seral.CWHvm_HW_CW_L.mature,30,300,10,0.0,10000.0,1.0,1.0,4.743000030517578,0.0,0.0
feature.Seral.CWHvm_HW_CW_L.overmature,0,0,10,0.0,10000.0,1.0,1.0,42.92300033569336,0.0,0.0
feature.Seral.CWHvm_HW_CW_L.overmature,1,10,10,0.0,10000.0,1.0,1.0,40.51300048828125,0.0,0.0
feature.Seral.CWHvm_HW_CW_L.overmature,2,20,10,0.0,10000.0,1.0,1.0,37.08000183105469,0.0,0.0
feature.Seral.CWHvm_HW_CW_L.overmature,3,30,10,0.0,10000.0,1.0,1.0,34.53499984741211,0.0,0.0
feature.Seral.CWHvm_HW_CW_L.overmature,4,40,10,0.0,10000.0,1.0,1.0,34.53499984741211,0.0,0.0
feature.Seral.CWHvm_HW_CW_L.overmature,5,50,10,0.0,10000.0,1.0,1.0,34.53499984741211,0.0,0.0
feature.Seral.CWHvm_HW_CW_L.overmature,6,60,10,0.0,10000.0,1.0,1.0,34.53499984741211,0.0,0.0
feature.Seral.CWHvm_HW_CW_L.overmature,7,70,10,0.0,10000.0,1.0,1.0,34.53499984741211,0.0,0.0
feature.Seral.CWHvm_HW_CW_L.overmature,8,80,10,0.0,10000.0,1.0,1.0,25.513999938964844,0.0,0.0
feature.Seral.CWHvm_HW_CW_L.overmature,9,90,10,0.0,10000.0,1.0,1.0,17.03700065612793,0.0,0.0
feature.Seral.CWHvm_HW_CW_L.overmature,10,100,10,0.0,10000.0,1.0,1.0,17.03700065612793,0.0,0.0
feature.Seral.CWHvm_HW_CW_L.overmature,11,110,10,0.0,10000.0,1.0,1.0,17.03700065612793,0.0,0.0
feature.Seral.CWHvm_HW_CW_L.overmature,12,120,10,0.0,10000.0,1.0,1.0,20.0939998626709,0.0,0.0
feature.Seral.CWHvm_HW_CW_L.overmature,13,130,10,0.0,10000.0,1.0,1.0,20.0939998626709,0.0,0.0
feature.Seral.CWHvm_HW_CW_L.overmature,14,140,10,0.0,10000.0,1.0,1.0,20.0939998626709,0.0,0.0
feature.Seral.CWHvm_HW_CW_L.overmature,15,150,10,0.0,10000.0,1.0,1.0,20.0939998626709,0.0,0.0
feature.Seral.CWHvm_HW_CW_L.overmature,16,160,10,0.0,10000.0,1.0,1.0,20.0939998626709,0.0,0.0
feature.Seral.CWHvm_HW_CW_L.overmature,17,170,10,0.0,10000.0,1.0,1.0,20.0939998626709,0.0,0.0
feature.Seral.CWHvm_HW_CW_L.overmature,18,180,10,0.0,10000.0,1.0,1.0,17.03700065612793,0.0,0.0
feature.Seral.CWHvm_HW_CW_L.overmature,19,190,10,0.0,10000.0,1.0,1.0,17.03700065612793,0.0,0.0
feature.Seral.CWHvm_HW_CW_L.overmature,20,200,10,0.0,10000.0,1.0,1.0,17.03700065612793,0.0,0.0
feature.Seral.CWHvm_HW_CW_L.overmature,21,210,10,0.0,10000.0,1.0,1.0,17.03700065612793,0.0,0.0
feature.Seral.CWHvm_HW_CW_L.overmature,22,220,10,0.0,10000.0,1.0,1.0,17.03700065612793,0.0,0.0
feature.Seral.CWHvm_HW_CW_L.overmature,23,230,10,0.0,10000.0,1.0,1.0,17.03700065612793,0.0,0.0
feature.Seral.CWHvm_HW_CW_L.overmature,24,240,10,0.0,10000.0,1.0,1.0,17.03700065612793,0.0,0.0
feature.Seral.CWHvm_HW_CW_L.overmature,25,250,10,0.0,10000.0,1.0,1.0,17.03700065612793,0.0,0.0
feature.Seral.CWHvm_HW_CW_L.overmature,26,260,10,0.0,10000.0,1.0,1.0,17.03700065612793,0.0,0.0
feature.Seral.CWHvm_HW_CW_L.overmature,27,270,10,0.0,10000.0,1.0,1.0,17.03700065612793,0.0,0.0
feature.Seral.CWHvm_HW_CW_L.overmature,28,280,10,0.0,10000.0,1.0,1.0,22.174999237060547,0.0,0.0
feature.Seral.CWHvm_HW_CW_L.overmature,29,290,10,0.0,10000.0,1.0,1.0,22.174999237060547,0.0,0.0
feature.Seral.CWHvm_HW_CW_L.overmature,30,300,10,0.0,10000.0,1.0,1.0,22.174999237060547,0.0,0.0
feature.Seral.CWHvm_HW_CW_L.regenerating,0,0,10,0.0,10000.0,1.0,1.0,0.0,0.0,0.0
feature.Seral.CWHvm_HW_CW_L.regenerating,1,10,10,0.0,10000.0,1.0,1.0,1.6859999895095825,0.0,0.0
feature.Seral.CWHvm_HW_CW_L.regenerating,2,20,10,0.0,10000.0,1.0,1.0,1.6929999589920044,0.0,0.0
feature.Seral.CWHvm_HW_CW_L.regenerating,3,30,10,0.0,10000.0,1.0,1.0,2.5450000762939453,0.0,0.0
feature.Seral.CWHvm_HW_CW_L.regenerating,4,40,10,0.0,10000.0,1.0,1.0,0.0,0.0,0.0
feature.Seral.CWHvm_HW_CW_L.regenerating,5,50,10,0.0,10000.0,1.0,1.0,0.0,0.0,0.0
feature.Seral.CWHvm_HW_CW_L.regenerating,6,60,10,0.0,10000.0,1.0,1.0,0.0,0.0,0.0
feature.Seral.CWHvm_HW_CW_L.regenerating,7,70,10,0.0,10000.0,1.0,1.0,0.0,0.0,0.0
feature.Seral.CWHvm_HW_CW_L.regenerating,8,80,10,0.0,10000.0,1.0,1.0,0.0,0.0,0.0
feature.Seral.CWHvm_HW_CW_L.regenerating,9,90,10,0.0,10000.0,1.0,1.0,8.47700023651123,0.0,0.0
feature.Seral.CWHvm_HW_CW_L.regenerating,10,100,10,0.0,10000.0,1.0,1.0,0.0,0.0,0.0
feature.Seral.CWHvm_HW_CW_L.regenerating,11,110,10,0.0,10000.0,1.0,1.0,2.063999891281128,0.0,0.0
feature.Seral.CWHvm_HW_CW_L.regenerating,12,120,10,0.0,10000.0,1.0,1.0,3.433000087738037,0.0,0.0
feature.Seral.CWHvm_HW_CW_L.regenerating,13,130,10,0.0,10000.0,1.0,1.0,0.0,0.0,0.0
feature.Seral.CWHvm_HW_CW_L.regenerating,14,140,10,0.0,10000.0,1.0,1.0,0.0,0.0,0.0
feature.Seral.CWHvm_HW_CW_L.regenerating,15,150,10,0.0,10000.0,1.0,1.0,3.2690000534057617,0.0,0.0
feature.Seral.CWHvm_HW_CW_L.regenerating,16,160,10,0.0,10000.0,1.0,1.0,0.0,0.0,0.0
feature.Seral.CWHvm_HW_CW_L.regenerating,17,170,10,0.0,10000.0,1.0,1.0,0.0,0.0,0.0
feature.Seral.CWHvm_HW_CW_L.regenerating,18,180,10,0.0,10000.0,1.0,1.0,3.056999921798706,0.0,0.0
feature.Seral.CWHvm_HW_CW_L.regenerating,19,190,10,0.0,10000.0,1.0,1.0,0.0,0.0,0.0
feature.Seral.CWHvm_HW_CW_L.regenerating,20,200,10,0.0,10000.0,1.0,1.0,12.359999656677246,0.0,0.0
feature.Seral.CWHvm_HW_CW_L.regenerating,21,210,10,0.0,10000.0,1.0,1.0,0.0,0.0,0.0
feature.Seral.CWHvm_HW_CW_L.regenerating,22,220,10,0.0,10000.0,1.0,1.0,0.0,0.0,0.0
feature.Seral.CWHvm_HW_CW_L.regenerating,23,230,10,0.0,10000.0,1.0,1.0,1.7400000095367432,0.0,0.0
feature.Seral.CWHvm_HW_CW_L.regenerating,24,240,10,0.0,10000.0,1.0,1.0,0.0,0.0,0.0
feature.Seral.CWHvm_HW_CW_L.regenerating,25,250,10,0.0,10000.0,1.0,1.0,0.0,0.0,0.0
feature.Seral.CWHvm_HW_CW_L.regenerating,26,260,10,0.0,10000.0,1.0,1.0,2.7880001068115234,0.0,0.0
feature.Seral.CWHvm_HW_CW_L.regenerating,27,270,10,0.0,10000.0,1.0,1.0,0.0,0.0,0.0
feature.Seral.CWHvm_HW_CW_L.regenerating,28,280,10,0.0,10000.0,1.0,1.0,0.0,0.0,0.0
feature.Seral.CWHvm_HW_CW_L.regenerating,29,290,10,0.0,10000.0,1.0,1.0,0.0,0.0,0.0
feature.Seral.CWHvm_HW_CW_L.regenerating,30,300,10,0.0,10000.0,1.0,1.0,0.0,0.0,0.0
feature.Seral.CWHvm_HW_CW_L.young,0,0,10,0.0,10000.0,1.0,1.0,0.0,0.0,0.0
feature.Seral.CWHvm_HW_CW_L.young,1,10,10,0.0,10000.0,1.0,1.0,0.7239999771118164,0.0,0.0
feature.Seral.CWHvm_HW_CW_L.young,2,20,10,0.0,10000.0,1.0,1.0,4.150000095367432,0.0,0.0
feature.Seral.CWHvm_HW_CW_L.young,3,30,10,0.0,10000.0,1.0,1.0,5.11899995803833,0.0,0.0
feature.Seral.CWHvm_HW_CW_L.young,4,40,10,0.0,10000.0,1.0,1.0,4.23799991607666,0.0,0.0
feature.Seral.CWHvm_HW_CW_L.young,5,50,10,0.0,10000.0,1.0,1.0,2.5450000762939453,0.0,0.0
feature.Seral.CWHvm_HW_CW_L.young,6,60,10,0.0,10000.0,1.0,1.0,0.0,0.0,0.0
feature.Seral.CWHvm_HW_CW_L.young,7,70,10,0.0,10000.0,1.0,1.0,0.0,0.0,0.0
feature.Seral.CWHvm_HW_CW_L.young,8,80,10,0.0,10000.0,1.0,1.0,9.020999908447266,0.0,0.0
feature.Seral.CWHvm_HW_CW_L.young,9,90,10,0.0,10000.0,1.0,1.0,9.020999908447266,0.0,0.0
feature.Seral.CWHvm_HW_CW_L.young,10,100,10,0.0,10000.0,1.0,1.0,8.47700023651123,0.0,0.0
feature.Seral.CWHvm_HW_CW_L.young,11,110,10,0.0,10000.0,1.0,1.0,8.47700023651123,0.0,0.0
feature.Seral.CWHvm_HW_CW_L.young,12,120,10,0.0,10000.0,1.0,1.0,2.063999891281128,0.0,0.0
feature.Seral.CWHvm_HW_CW_L.young,13,130,10,0.0,10000.0,1.0,1.0,5.497000217437744,0.0,0.0
feature.Seral.CWHvm_HW_CW_L.young,14,140,10,0.0,10000.0,1.0,1.0,3.433000087738037,0.0,0.0
feature.Seral.CWHvm_HW_CW_L.young,15,150,10,0.0,10000.0,1.0,1.0,0.0,0.0,0.0
feature.Seral.CWHvm_HW_CW_L.young,16,160,10,0.0,10000.0,1.0,1.0,4.954999923706055,0.0,0.0
feature.Seral.CWHvm_HW_CW_L.young,17,170,10,0.0,10000.0,1.0,1.0,4.954999923706055,0.0,0.0
feature.Seral.CWHvm_HW_CW_L.young,18,180,10,0.0,10000.0,1.0,1.0,0.0,0.0,0.0
feature.Seral.CWHvm_HW_CW_L.young,19,190,10,0.0,10000.0,1.0,1.0,3.056999921798706,0.0,0.0
feature.Seral.CWHvm_HW_CW_L.young,20,200,10,0.0,10000.0,1.0,1.0,3.056999921798706,0.0,0.0
feature.Seral.CWHvm_HW_CW_L.young,21,210,10,0.0,10000.0,1.0,1.0,12.359999656677246,0.0,0.0
feature.Seral.CWHvm_HW_CW_L.young,22,220,10,0.0,10000.0,1.0,1.0,12.359999656677246,0.0,0.0
feature.Seral.CWHvm_HW_CW_L.young,23,230,10,0.0,10000.0,1.0,1.0,0.0,0.0,0.0
feature.Seral.CWHvm_HW_CW_L.young,24,240,10,0.0,10000.0,1.0,1.0,3.433000087738037,0.0,0.0
feature.Seral.CWHvm_HW_CW_L.young,25,250,10,0.0,10000.0,1.0,1.0,3.433000087738037,0.0,0.0
feature.Seral.CWHvm_HW_CW_L.young,26,260,10,0.0,10000.0,1.0,1.0,0.0,0.0,0.0
feature.Seral.CWHvm_HW_CW_L.young,27,270,10,0.0,10000.0,1.0,1.0,5.333000183105469,0.0,0.0
feature.Seral.CWHvm_HW_CW_L.young,28,280,10,0.0,10000.0,1.0,1.0,5.333000183105469,0.0,0.0
feature.Seral.CWHvm_HW_CW_L.young,29,290,10,0.0,10000.0,1.0,1.0,0.0,0.0,0.0
feature.Seral.CWHvm_HW_CW_L.young,30,300,10,0.0,10000.0,1.0,1.0,0.0,0.0,0.0
feature.Seral.CWHvm_HW_CW_M.immature,0,0,10,0.0,10000.0,1.0,1.0,18.32699966430664,0.0,0.0
feature.Seral.CWHvm_HW_CW_M.immature,1,10,10,0.0,10000.0,1.0,1.0,5.9029998779296875,0.0,0.0
feature.Seral.CWHvm_HW_CW_M.immature,2,20,10,0.0,10000.0,1.0,1.0,5.9029998779296875,0.0,0.0
feature.Seral.CWHvm_HW_CW_M.immature,3,30,10,0.0,10000.0,1.0,1.0,5.9029998779296875,0.0,0.0
feature.Seral.CWHvm_HW_CW_M.immature,4,40,10,0.0,10000.0,1.0,1.0,25.615999221801758,0.0,0.0
feature.Seral.CWHvm_HW_CW_M.immature,5,50,10,0.0,10000.0,1.0,1.0,26.725000381469727,0.0,0.0
feature.Seral.CWHvm_HW_CW_M.immature,6,60,10,0.0,10000.0,1.0,1.0,31.57699966430664,0.0,0.0
feature.Seral.CWHvm_HW_CW_M.immature,7,70,10,0.0,10000.0,1.0,1.0,32.141998291015625,0.0,0.0
feature.Seral.CWHvm_HW_CW_M.immature,8,80,10,0.0,10000.0,1.0,1.0,30.18400001525879,0.0,0.0
feature.Seral.CWHvm_HW_CW_M.immature,9,90,10,0.0,10000.0,1.0,1.0,30.18400001525879,0.0,0.0
feature.Seral.CWHvm_HW_CW_M.immature,10,100,10,0.0,10000.0,1.0,1.0,24.51300048828125,0.0,0.0
feature.Seral.CWHvm_HW_CW_M.immature,11,110,10,0.0,10000.0,1.0,1.0,24.51300048828125,0.0,0.0
feature.Seral.CWHvm_HW_CW_M.immature,12,120,10,0.0,10000.0,1.0,1.0,11.274999618530273,0.0,0.0
feature.Seral.CWHvm_HW_CW_M.immature,13,130,10,0.0,10000.0,1.0,1.0,10.60200023651123,0.0,0.0
feature.Seral.CWHvm_HW_CW_M.immature,14,140,10,0.0,10000.0,1.0,1.0,7.909999847412109,0.0,0.0
feature.Seral.CWHvm_HW_CW_M.immature,15,150,10,0.0,10000.0,1.0,1.0,20.638999938964844,0.0,0.0
feature.Seral.CWHvm_HW_CW_M.immature,16,160,10,0.0,10000.0,1.0,1.0,21.704999923706055,0.0,0.0
feature.Seral.CWHvm_HW_CW_M.immature,17,170,10,0.0,10000.0,1.0,1.0,23.124000549316406,0.0,0.0
feature.Seral.CWHvm_HW_CW_M.immature,18,180,10,0.0,10000.0,1.0,1.0,24.527000427246094,0.0,0.0
feature.Seral.CWHvm_HW_CW_M.immature,19,190,10,0.0,10000.0,1.0,1.0,18.856000900268555,0.0,0.0
feature.Seral.CWHvm_HW_CW_M.immature,20,200,10,0.0,10000.0,1.0,1.0,24.08099937438965,0.0,0.0
feature.Seral.CWHvm_HW_CW_M.immature,21,210,10,0.0,10000.0,1.0,1.0,22.406999588012695,0.0,0.0
feature.Seral.CWHvm_HW_CW_M.immature,22,220,10,0.0,10000.0,1.0,1.0,26.145000457763672,0.0,0.0
feature.Seral.CWHvm_HW_CW_M.immature,23,230,10,0.0,10000.0,1.0,1.0,20.82699966430664,0.0,0.0
feature.Seral.CWHvm_HW_CW_M.immature,24,240,10,0.0,10000.0,1.0,1.0,22.756999969482422,0.0,0.0
feature.Seral.CWHvm_HW_CW_M.immature,25,250,10,0.0,10000.0,1.0,1.0,21.69099998474121,0.0,0.0
feature.Seral.CWHvm_HW_CW_M.immature,26,260,10,0.0,10000.0,1.0,1.0,34.67900085449219,0.0,0.0
feature.Seral.CWHvm_HW_CW_M.immature,27,270,10,0.0,10000.0,1.0,1.0,42.130001068115234,0.0,0.0
feature.Seral.CWHvm_HW_CW_M.immature,28,280,10,0.0,10000.0,1.0,1.0,36.904998779296875,0.0,0.0
feature.Seral.CWHvm_HW_CW_M.immature,29,290,10,0.0,10000.0,1.0,1.0,36.904998779296875,0.0,0.0
feature.Seral.CWHvm_HW_CW_M.immature,30,300,10,0.0,10000.0,1.0,1.0,29.559999465942383,0.0,0.0
feature.Seral.CWHvm_HW_CW_M.mature,0,0,10,0.0,10000.0,1.0,1.0,26.018999099731445,0.0,0.0
feature.Seral.CWHvm_HW_CW_M.mature,1,10,10,0.0,10000.0,1.0,1.0,21.20800018310547,0.0,0.0
feature.Seral.CWHvm_HW_CW_M.mature,2,20,10,0.0,10000.0,1.0,1.0,16.797000885009766,0.0,0.0
feature.Seral.CWHvm_HW_CW_M.mature,3,30,10,0.0,10000.0,1.0,1.0,3.193000078201294,0.0,0.0
feature.Seral.CWHvm_HW_CW_M.mature,4,40,10,0.0,10000.0,1.0,1.0,3.193000078201294,0.0,0.0
feature.Seral.CWHvm_HW_CW_M.mature,5,50,10,0.0,10000.0,1.0,1.0,3.193000078201294,0.0,0.0
feature.Seral.CWHvm_HW_CW_M.mature,6,60,10,0.0,10000.0,1.0,1.0,4.639999866485596,0.0,0.0
feature.Seral.CWHvm_HW_CW_M.mature,7,70,10,0.0,10000.0,1.0,1.0,4.639999866485596,0.0,0.0
feature.Seral.CWHvm_HW_CW_M.mature,8,80,10,0.0,10000.0,1.0,1.0,3.4049999713897705,0.0,0.0
feature.Seral.CWHvm_HW_CW_M.mature,9,90,10,0.0,10000.0,1.0,1.0,3.4049999713897705,0.0,0.0
feature.Seral.CWHvm_HW_CW_M.mature,10,100,10,0.0,10000.0,1.0,1.0,3.4049999713897705,0.0,0.0
feature.Seral.CWHvm_HW_CW_M.mature,11,110,10,0.0,10000.0,1.0,1.0,3.4049999713897705,0.0,0.0
feature.Seral.CWHvm_HW_CW_M.mature,12,120,10,0.0,10000.0,1.0,1.0,9.696000099182129,0.0,0.0
feature.Seral.CWHvm_HW_CW_M.mature,13,130,10,0.0,10000.0,1.0,1.0,9.696000099182129,0.0,0.0
feature.Seral.CWHvm_HW_CW_M.mature,14,140,10,0.0,10000.0,1.0,1.0,11.57699966430664,0.0,0.0
feature.Seral.CWHvm_HW_CW_M.mature,15,150,10,0.0,10000.0,1.0,1.0,10.130000114440918,0.0,0.0
feature.Seral.CWHvm_HW_CW_M.mature,16,160,10,0.0,10000.0,1.0,1.0,10.130000114440918,0.0,0.0
feature.Seral.CWHvm_HW_CW_M.mature,17,170,10,0.0,10000.0,1.0,1.0,4.366000175476074,0.0,0.0
feature.Seral.CWHvm_HW_CW_M.mature,18,180,10,0.0,10000.0,1.0,1.0,4.366000175476074,0.0,0.0
feature.Seral.CWHvm_HW_CW_M.mature,19,190,10,0.0,10000.0,1.0,1.0,4.366000175476074,0.0,0.0
feature.Seral.CWHvm_HW_CW_M.mature,20,200,10,0.0,10000.0,1.0,1.0,0.0,0.0,0.0
feature.Seral.CWHvm_HW_CW_M.mature,21,210,10,0.0,10000.0,1.0,1.0,0.0,0.0,0.0
feature.Seral.CWHvm_HW_CW_M.mature,22,220,10,0.0,10000.0,1.0,1.0,0.0,0.0,0.0
feature.Seral.CWHvm_HW_CW_M.mature,23,230,10,0.0,10000.0,1.0,1.0,5.2729997634887695,0.0,0.0
feature.Seral.CWHvm_HW_CW_M.mature,24,240,10,0.0,10000.0,1.0,1.0,0.0,0.0,0.0
feature.Seral.CWHvm_HW_CW_M.mature,25,250,10,0.0,10000.0,1.0,1.0,0.0,0.0,0.0
feature.Seral.CWHvm_HW_CW_M.mature,26,260,10,0.0,10000.0,1.0,1.0,2.256999969482422,0.0,0.0
feature.Seral.CWHvm_HW_CW_M.mature,27,270,10,0.0,10000.0,1.0,1.0,2.822000026702881,0.0,0.0
feature.Seral.CWHvm_HW_CW_M.mature,28,280,10,0.0,10000.0,1.0,1.0,8.04699993133545,0.0,0.0
feature.Seral.CWHvm_HW_CW_M.mature,29,290,10,0.0,10000.0,1.0,1.0,8.04699993133545,0.0,0.0
feature.Seral.CWHvm_HW_CW_M.mature,30,300,10,0.0,10000.0,1.0,1.0,8.04699993133545,0.0,0.0
feature.Seral.CWHvm_HW_CW_M.overmature,0,0,10,0.0,10000.0,1.0,1.0,6.043000221252441,0.0,0.0
feature.Seral.CWHvm_HW_CW_M.overmature,1,10,10,0.0,10000.0,1.0,1.0,6.043000221252441,0.0,0.0
feature.Seral.CWHvm_HW_CW_M.overmature,2,20,10,0.0,10000.0,1.0,1.0,6.043000221252441,0.0,0.0
feature.Seral.CWHvm_HW_CW_M.overmature,3,30,10,0.0,10000.0,1.0,1.0,13.607000350952148,0.0,0.0
feature.Seral.CWHvm_HW_CW_M.overmature,4,40,10,0.0,10000.0,1.0,1.0,13.607000350952148,0.0,0.0
feature.Seral.CWHvm_HW_CW_M.overmature,5,50,10,0.0,10000.0,1.0,1.0,13.607000350952148,0.0,0.0
feature.Seral.CWHvm_HW_CW_M.overmature,6,60,10,0.0,10000.0,1.0,1.0,13.607000350952148,0.0,0.0
feature.Seral.CWHvm_HW_CW_M.overmature,7,70,10,0.0,10000.0,1.0,1.0,13.607000350952148,0.0,0.0
feature.Seral.CWHvm_HW_CW_M.overmature,8,80,10,0.0,10000.0,1.0,1.0,16.799999237060547,0.0,0.0
feature.Seral.CWHvm_HW_CW_M.overmature,9,90,10,0.0,10000.0,1.0,1.0,16.799999237060547,0.0,0.0
feature.Seral.CWHvm_HW_CW_M.overmature,10,100,10,0.0,10000.0,1.0,1.0,16.799999237060547,0.0,0.0
feature.Seral.CWHvm_HW_CW_M.overmature,11,110,10,0.0,10000.0,1.0,1.0,16.799999237060547,0.0,0.0
feature.Seral.CWHvm_HW_CW_M.overmature,12,120,10,0.0,10000.0,1.0,1.0,15.123000144958496,0.0,0.0
feature.Seral.CWHvm_HW_CW_M.overmature,13,130,10,0.0,10000.0,1.0,1.0,15.123000144958496,0.0,0.0
feature.Seral.CWHvm_HW_CW_M.overmature,14,140,10,0.0,10000.0,1.0,1.0,15.123000144958496,0.0,0.0
feature.Seral.CWHvm_HW_CW_M.overmature,15,150,10,0.0,10000.0,1.0,1.0,15.732000350952148,0.0,0.0
feature.Seral.CWHvm_HW_CW_M.overmature,16,160,10,0.0,10000.0,1.0,1.0,15.732000350952148,0.0,0.0
feature.Seral.CWHvm_HW_CW_M.overmature,17,170,10,0.0,10000.0,1.0,1.0,16.270999908447266,0.0,0.0
feature.Seral.CWHvm_HW_CW_M.overmature,18,180,10,0.0,10000.0,1.0,1.0,16.270999908447266,0.0,0.0
feature.Seral.CWHvm_HW_CW_M.overmature,19,190,10,0.0,10000.0,1.0,1.0,16.270999908447266,0.0,0.0
feature.Seral.CWHvm_HW_CW_M.overmature,20,200,10,0.0,10000.0,1.0,1.0,16.270999908447266,0.0,0.0
feature.Seral.CWHvm_HW_CW_M.overmature,21,210,10,0.0,10000.0,1.0,1.0,16.270999908447266,0.0,0.0
feature.Seral.CWHvm_HW_CW_M.overmature,22,220,10,0.0,10000.0,1.0,1.0,16.270999908447266,0.0,0.0
feature.Seral.CWHvm_HW_CW_M.overmature,23,230,10,0.0,10000.0,1.0,1.0,16.270999908447266,0.0,0.0
feature.Seral.CWHvm_HW_CW_M.overmature,24,240,10,0.0,10000.0,1.0,1.0,5.436999797821045,0.0,0.0
feature.Seral.CWHvm_HW_CW_M.overmature,25,250,10,0.0,10000.0,1.0,1.0,5.436999797821045,0.0,0.0
feature.Seral.CWHvm_HW_CW_M.overmature,26,260,10,0.0,10000.0,1.0,1.0,5.436999797821045,0.0,0.0
feature.Seral.CWHvm_HW_CW_M.overmature,27,270,10,0.0,10000.0,1.0,1.0,5.436999797821045,0.0,0.0
feature.Seral.CWHvm_HW_CW_M.overmature,28,280,10,0.0,10000.0,1.0,1.0,5.436999797821045,0.0,0.0
feature.Seral.CWHvm_HW_CW_M.overmature,29,290,10,0.0,10000.0,1.0,1.0,5.436999797821045,0.0,0.0
feature.Seral.CWHvm_HW_CW_M.overmature,30,300,10,0.0,10000.0,1.0,1.0,5.436999797821045,0.0,0.0
feature.Seral.CWHvm_HW_CW_M.regenerating,0,0,10,0.0,10000.0,1.0,1.0,0.0,0.0,0.0
feature.Seral.CWHvm_HW_CW_M.regenerating,1,10,10,0.0,10000.0,1.0,1.0,17.235000610351562,0.0,0.0
feature.Seral.CWHvm_HW_CW_M.regenerating,2,20,10,0.0,10000.0,1.0,1.0,0.0,0.0,0.0
feature.Seral.CWHvm_HW_CW_M.regenerating,3,30,10,0.0,10000.0,1.0,1.0,4.366000175476074,0.0,0.0
feature.Seral.CWHvm_HW_CW_M.regenerating,4,40,10,0.0,10000.0,1.0,1.0,0.0,0.0,0.0
feature.Seral.CWHvm_HW_CW_M.regenerating,5,50,10,0.0,10000.0,1.0,1.0,0.0,0.0,0.0
feature.Seral.CWHvm_HW_CW_M.regenerating,6,60,10,0.0,10000.0,1.0,1.0,0.0,0.0,0.0
feature.Seral.CWHvm_HW_CW_M.regenerating,7,70,10,0.0,10000.0,1.0,1.0,0.0,0.0,0.0
feature.Seral.CWHvm_HW_CW_M.regenerating,8,80,10,0.0,10000.0,1.0,1.0,0.0,0.0,0.0
feature.Seral.CWHvm_HW_CW_M.regenerating,9,90,10,0.0,10000.0,1.0,1.0,0.0,0.0,0.0
feature.Seral.CWHvm_HW_CW_M.regenerating,10,100,10,0.0,10000.0,1.0,1.0,5.671000003814697,0.0,0.0
feature.Seral.CWHvm_HW_CW_M.regenerating,11,110,10,0.0,10000.0,1.0,1.0,0.0,0.0,0.0
feature.Seral.CWHvm_HW_CW_M.regenerating,12,120,10,0.0,10000.0,1.0,1.0,6.949999809265137,0.0,0.0
feature.Seral.CWHvm_HW_CW_M.regenerating,13,130,10,0.0,10000.0,1.0,1.0,0.0,0.0,0.0
feature.Seral.CWHvm_HW_CW_M.regenerating,14,140,10,0.0,10000.0,1.0,1.0,1.4190000295639038,0.0,0.0
feature.Seral.CWHvm_HW_CW_M.regenerating,15,150,10,0.0,10000.0,1.0,1.0,1.402999997138977,0.0,0.0
feature.Seral.CWHvm_HW_CW_M.regenerating,16,160,10,0.0,10000.0,1.0,1.0,0.0,0.0,0.0
feature.Seral.CWHvm_HW_CW_M.regenerating,17,170,10,0.0,10000.0,1.0,1.0,5.224999904632568,0.0,0.0
feature.Seral.CWHvm_HW_CW_M.regenerating,18,180,10,0.0,10000.0,1.0,1.0,0.0,0.0,0.0
feature.Seral.CWHvm_HW_CW_M.regenerating,19,190,10,0.0,10000.0,1.0,1.0,5.671000003814697,0.0,0.0
feature.Seral.CWHvm_HW_CW_M.regenerating,20,200,10,0.0,10000.0,1.0,1.0,4.366000175476074,0.0,0.0
feature.Seral.CWHvm_HW_CW_M.regenerating,21,210,10,0.0,10000.0,1.0,1.0,1.6740000247955322,0.0,0.0
feature.Seral.CWHvm_HW_CW_M.regenerating,22,220,10,0.0,10000.0,1.0,1.0,0.0,0.0,0.0
feature.Seral.CWHvm_HW_CW_M.regenerating,23,230,10,0.0,10000.0,1.0,1.0,4.410999774932861,0.0,0.0
feature.Seral.CWHvm_HW_CW_M.regenerating,24,240,10,0.0,10000.0,1.0,1.0,6.949999809265137,0.0,0.0
feature.Seral.CWHvm_HW_CW_M.regenerating,25,250,10,0.0,10000.0,1.0,1.0,0.0,0.0,0.0
feature.Seral.CWHvm_HW_CW_M.regenerating,26,260,10,0.0,10000.0,1.0,1.0,0.0,0.0,0.0
feature.Seral.CWHvm_HW_CW_M.regenerating,27,270,10,0.0,10000.0,1.0,1.0,0.0,0.0,0.0
feature.Seral.CWHvm_HW_CW_M.regenerating,28,280,10,0.0,10000.0,1.0,1.0,0.0,0.0,0.0
feature.Seral.CWHvm_HW_CW_M.regenerating,29,290,10,0.0,10000.0,1.0,1.0,0.0,0.0,0.0
feature.Seral.CWHvm_HW_CW_M.regenerating,30,300,10,0.0,10000.0,1.0,1.0,1.6740000247955322,0.0,0.0
feature.Seral.CWHvm_HW_CW_M.young,0,0,10,0.0,10000.0,1.0,1.0,0.0,0.0,0.0
feature.Seral.CWHvm_HW_CW_M.young,1,10,10,0.0,10000.0,1.0,1.0,0.0,0.0,0.0
feature.Seral.CWHvm_HW_CW_M.young,2,20,10,0.0,10000.0,1.0,1.0,21.645999908447266,0.0,0.0
feature.Seral.CWHvm_HW_CW_M.young,3,30,10,0.0,10000.0,1.0,1.0,23.31999969482422,0.0,0.0
feature.Seral.CWHvm_HW_CW_M.young,4,40,10,0.0,10000.0,1.0,1.0,7.9730000495910645,0.0,0.0
feature.Seral.CWHvm_HW_CW_M.young,5,50,10,0.0,10000.0,1.0,1.0,6.863999843597412,0.0,0.0
feature.Seral.CWHvm_HW_CW_M.young,6,60,10,0.0,10000.0,1.0,1.0,0.5649999976158142,0.0,0.0
feature.Seral.CWHvm_HW_CW_M.young,7,70,10,0.0,10000.0,1.0,1.0,0.0,0.0,0.0
feature.Seral.CWHvm_HW_CW_M.young,8,80,10,0.0,10000.0,1.0,1.0,0.0,0.0,0.0
feature.Seral.CWHvm_HW_CW_M.young,9,90,10,0.0,10000.0,1.0,1.0,0.0,0.0,0.0
feature.Seral.CWHvm_HW_CW_M.young,10,100,10,0.0,10000.0,1.0,1.0,0.0,0.0,0.0
feature.Seral.CWHvm_HW_CW_M.young,11,110,10,0.0,10000.0,1.0,1.0,5.671000003814697,0.0,0.0
feature.Seral.CWHvm_HW_CW_M.young,12,120,10,0.0,10000.0,1.0,1.0,7.34499979019165,0.0,0.0
feature.Seral.CWHvm_HW_CW_M.young,13,130,10,0.0,10000.0,1.0,1.0,14.968000411987305,0.0,0.0
feature.Seral.CWHvm_HW_CW_M.young,14,140,10,0.0,10000.0,1.0,1.0,14.359999656677246,0.0,0.0
feature.Seral.CWHvm_HW_CW_M.young,15,150,10,0.0,10000.0,1.0,1.0,2.484999895095825,0.0,0.0
feature.Seral.CWHvm_HW_CW_M.young,16,160,10,0.0,10000.0,1.0,1.0,2.822000026702881,0.0,0.0
feature.Seral.CWHvm_HW_CW_M.young,17,170,10,0.0,10000.0,1.0,1.0,1.402999997138977,0.0,0.0
feature.Seral.CWHvm_HW_CW_M.young,18,180,10,0.0,10000.0,1.0,1.0,5.224999904632568,0.0,0.0
feature.Seral.CWHvm_HW_CW_M.young,19,190,10,0.0,10000.0,1.0,1.0,5.224999904632568,0.0,0.0
feature.Seral.CWHvm_HW_CW_M.young,20,200,10,0.0,10000.0,1.0,1.0,5.671000003814697,0.0,0.0
feature.Seral.CWHvm_HW_CW_M.young,21,210,10,0.0,10000.0,1.0,1.0,10.036999702453613,0.0,0.0
feature.Seral.CWHvm_HW_CW_M.young,22,220,10,0.0,10000.0,1.0,1.0,7.9730000495910645,0.0,0.0
feature.Seral.CWHvm_HW_CW_M.young,23,230,10,0.0,10000.0,1.0,1.0,3.6070001125335693,0.0,0.0
feature.Seral.CWHvm_HW_CW_M.young,24,240,10,0.0,10000.0,1.0,1.0,15.244999885559082,0.0,0.0
feature.Seral.CWHvm_HW_CW_M.young,25,250,10,0.0,10000.0,1.0,1.0,23.26099967956543,0.0,0.0
feature.Seral.CWHvm_HW_CW_M.young,26,260,10,0.0,10000.0,1.0,1.0,8.015999794006348,0.0,0.0
feature.Seral.CWHvm_HW_CW_M.young,27,270,10,0.0,10000.0,1.0,1.0,0.0,0.0,0.0
feature.Seral.CWHvm_HW_CW_M.young,28,280,10,0.0,10000.0,1.0,1.0,0.0,0.0,0.0
feature.Seral.CWHvm_HW_CW_M.young,29,290,10,0.0,10000.0,1.0,1.0,0.0,0.0,0.0
feature.Seral.CWHvm_HW_CW_M.young,30,300,10,0.0,10000.0,1.0,1.0,5.671000003814697,0.0,0.0
feature.Seral.CWHvm_HW_FDC_H.immature,0,0,10,0.0,10000.0,1.0,1.0,329.4540100097656,0.0,0.0
feature.Seral.CWHvm_HW_FDC_H.immature,1,10,10,0.0,10000.0,1.0,1.0,329.4540100097656,0.0,0.0
feature.Seral.CWHvm_HW_FDC_H.immature,2,20,10,0.0,10000.0,1.0,1.0,329.4540100097656,0.0,0.0
feature.Seral.CWHvm_HW_FDC_H.immature,3,30,10,0.0,10000.0,1.0,1.0,283.3500061035156,0.0,0.0
feature.Seral.CWHvm_HW_FDC_H.immature,4,40,10,0.0,10000.0,1.0,1.0,159.30099487304688,0.0,0.0
feature.Seral.CWHvm_HW_FDC_H.immature,5,50,10,0.0,10000.0,1.0,1.0,96.27799987792969,0.0,0.0
feature.Seral.CWHvm_HW_FDC_H.immature,6,60,10,0.0,10000.0,1.0,1.0,121.00499725341797,0.0,0.0
feature.Seral.CWHvm_HW_FDC_H.immature,7,70,10,0.0,10000.0,1.0,1.0,166.7790069580078,0.0,0.0
feature.Seral.CWHvm_HW_FDC_H.immature,8,80,10,0.0,10000.0,1.0,1.0,199.9949951171875,0.0,0.0
feature.Seral.CWHvm_HW_FDC_H.immature,9,90,10,0.0,10000.0,1.0,1.0,189.08900451660156,0.0,0.0
feature.Seral.CWHvm_HW_FDC_H.immature,10,100,10,0.0,10000.0,1.0,1.0,190.4029998779297,0.0,0.0
feature.Seral.CWHvm_HW_FDC_H.immature,11,110,10,0.0,10000.0,1.0,1.0,153.96499633789062,0.0,0.0
feature.Seral.CWHvm_HW_FDC_H.immature,12,120,10,0.0,10000.0,1.0,1.0,187.33299255371094,0.0,0.0
feature.Seral.CWHvm_HW_FDC_H.immature,13,130,10,0.0,10000.0,1.0,1.0,228.9239959716797,0.0,0.0
feature.Seral.CWHvm_HW_FDC_H.immature,14,140,10,0.0,10000.0,1.0,1.0,211.75999450683594,0.0,0.0
feature.Seral.CWHvm_HW_FDC_H.immature,15,150,10,0.0,10000.0,1.0,1.0,176.06700134277344,0.0,0.0
feature.Seral.CWHvm_HW_FDC_H.immature,16,160,10,0.0,10000.0,1.0,1.0,189.75799560546875,0.0,0.0
feature.Seral.CWHvm_HW_FDC_H.immature,17,170,10,0.0,10000.0,1.0,1.0,202.51699829101562,0.0,0.0
feature.Seral.CWHvm_HW_FDC_H.immature,18,180,10,0.0,10000.0,1.0,1.0,228.3090057373047,0.0,0.0
feature.Seral.CWHvm_HW_FDC_H.immature,19,190,10,0.0,10000.0,1.0,1.0,218.5989990234375,0.0,0.0
feature.Seral.CWHvm_HW_FDC_H.immature,20,200,10,0.0,10000.0,1.0,1.0,192.72900390625,0.0,0.0
feature.Seral.CWHvm_HW_FDC_H.immature,21,210,10,0.0,10000.0,1.0,1.0,210.66400146484375,0.0,0.0
feature.Seral.CWHvm_HW_FDC_H.immature,22,220,10,0.0,10000.0,1.0,1.0,175.6020050048828,0.0,0.0
feature.Seral.CWHvm_HW_FDC_H.immature,23,230,10,0.0,10000.0,1.0,1.0,185.0570068359375,0.0,0.0
feature.Seral.CWHvm_HW_FDC_H.immature,24,240,10,0.0,10000.0,1.0,1.0,228.2239990234375,0.0,0.0
feature.Seral.CWHvm_HW_FDC_H.immature,25,250,10,0.0,10000.0,1.0,1.0,204.7899932861328,0.0,0.0
feature.Seral.CWHvm_HW_FDC_H.immature,26,260,10,0.0,10000.0,1.0,1.0,235.2779998779297,0.0,0.0
feature.Seral.CWHvm_HW_FDC_H.immature,27,270,10,0.0,10000.0,1.0,1.0,231.87100219726562,0.0,0.0
feature.Seral.CWHvm_HW_FDC_H.immature,28,280,10,0.0,10000.0,1.0,1.0,229.9929962158203,0.0,0.0
feature.Seral.CWHvm_HW_FDC_H.immature,29,290,10,0.0,10000.0,1.0,1.0,208.61900329589844,0.0,0.0
feature.Seral.CWHvm_HW_FDC_H.immature,30,300,10,0.0,10000.0,1.0,1.0,237.48899841308594,0.0,0.0
feature.Seral.CWHvm_HW_FDC_H.mature,0,0,10,0.0,10000.0,1.0,1.0,0.0,0.0,0.0
feature.Seral.CWHvm_HW_FDC_H.mature,1,10,10,0.0,10000.0,1.0,1.0,0.0,0.0,0.0
feature.Seral.CWHvm_HW_FDC_H.mature,2,20,10,0.0,10000.0,1.0,1.0,0.0,0.0,0.0
feature.Seral.CWHvm_HW_FDC_H.mature,3,30,10,0.0,10000.0,1.0,1.0,0.0,0.0,0.0
feature.Seral.CWHvm_HW_FDC_H.mature,4,40,10,0.0,10000.0,1.0,1.0,0.0,0.0,0.0
feature.Seral.CWHvm_HW_FDC_H.mature,5,50,10,0.0,10000.0,1.0,1.0,0.0,0.0,0.0
feature.Seral.CWHvm_HW_FDC_H.mature,6,60,10,0.0,10000.0,1.0,1.0,0.0,0.0,0.0
feature.Seral.CWHvm_HW_FDC_H.mature,7,70,10,0.0,10000.0,1.0,1.0,0.0,0.0,0.0
feature.Seral.CWHvm_HW_FDC_H.mature,8,80,10,0.0,10000.0,1.0,1.0,0.0,0.0,0.0
feature.Seral.CWHvm_HW_FDC_H.mature,9,90,10,0.0,10000.0,1.0,1.0,0.0,0.0,0.0
feature.Seral.CWHvm_HW_FDC_H.mature,10,100,10,0.0,10000.0,1.0,1.0,0.0,0.0,0.0
feature.Seral.CWHvm_HW_FDC_H.mature,11,110,10,0.0,10000.0,1.0,1.0,12.92300033569336,0.0,0.0
feature.Seral.CWHvm_HW_FDC_H.mature,12,120,10,0.0,10000.0,1.0,1.0,0.0,0.0,0.0
feature.Seral.CWHvm_HW_FDC_H.mature,13,130,10,0.0,10000.0,1.0,1.0,0.0,0.0,0.0
feature.Seral.CWHvm_HW_FDC_H.mature,14,140,10,0.0,10000.0,1.0,1.0,0.0,0.0,0.0
feature.Seral.CWHvm_HW_FDC_H.mature,15,150,10,0.0,10000.0,1.0,1.0,0.0,0.0,0.0
feature.Seral.CWHvm_HW_FDC_H.mature,16,160,10,0.0,10000.0,1.0,1.0,0.0,0.0,0.0
feature.Seral.CWHvm_HW_FDC_H.mature,17,170,10,0.0,10000.0,1.0,1.0,0.0,0.0,0.0
feature.Seral.CWHvm_HW_FDC_H.mature,18,180,10,0.0,10000.0,1.0,1.0,21.065000534057617,0.0,0.0
feature.Seral.CWHvm_HW_FDC_H.mature,19,190,10,0.0,10000.0,1.0,1.0,0.0,0.0,0.0
feature.Seral.CWHvm_HW_FDC_H.mature,20,200,10,0.0,10000.0,1.0,1.0,0.0,0.0,0.0
feature.Seral.CWHvm_HW_FDC_H.mature,21,210,10,0.0,10000.0,1.0,1.0,0.0,0.0,0.0
feature.Seral.CWHvm_HW_FDC_H.mature,22,220,10,0.0,10000.0,1.0,1.0,35.60599899291992,0.0,0.0
feature.Seral.CWHvm_HW_FDC_H.mature,23,230,10,0.0,10000.0,1.0,1.0,2.9679999351501465,0.0,0.0
feature.Seral.CWHvm_HW_FDC_H.mature,24,240,10,0.0,10000.0,1.0,1.0,2.5269999504089355,0.0,0.0
feature.Seral.CWHvm_HW_FDC_H.mature,25,250,10,0.0,10000.0,1.0,1.0,0.0,0.0,0.0
feature.Seral.CWHvm_HW_FDC_H.mature,26,260,10,0.0,10000.0,1.0,1.0,0.0,0.0,0.0
feature.Seral.CWHvm_HW_FDC_H.mature,27,270,10,0.0,10000.0,1.0,1.0,0.0,0.0,0.0
feature.Seral.CWHvm_HW_FDC_H.mature,28,280,10,0.0,10000.0,1.0,1.0,0.0,0.0,0.0
feature.Seral.CWHvm_HW_FDC_H.mature,29,290,10,0.0,10000.0,1.0,1.0,4.211999893188477,0.0,0.0
feature.Seral.CWHvm_HW_FDC_H.mature,30,300,10,0.0,10000.0,1.0,1.0,0.0,0.0,0.0
feature.Seral.CWHvm_HW_FDC_H.overmature,0,0,10,0.0,10000.0,1.0,1.0,79.08300018310547,0.0,0.0
feature.Seral.CWHvm_HW_FDC_H.overmature,1,10,10,0.0,10000.0,1.0,1.0,46.15800094604492,0.0,0.0
feature.Seral.CWHvm_HW_FDC_H.overmature,2,20,10,0.0,10000.0,1.0,1.0,27.38800048828125,0.0,0.0
feature.Seral.CWHvm_HW_FDC_H.overmature,3,30,10,0.0,10000.0,1.0,1.0,48.18899917602539,0.0,0.0
feature.Seral.CWHvm_HW_FDC_H.overmature,4,40,10,0.0,10000.0,1.0,1.0,167.0030059814453,0.0,0.0
feature.Seral.CWHvm_HW_FDC_H.overmature,5,50,10,0.0,10000.0,1.0,1.0,241.75799560546875,0.0,0.0
feature.Seral.CWHvm_HW_FDC_H.overmature,6,60,10,0.0,10000.0,1.0,1.0,192.91799926757812,0.0,0.0
feature.Seral.CWHvm_HW_FDC_H.overmature,7,70,10,0.0,10000.0,1.0,1.0,168.58900451660156,0.0,0.0
feature.Seral.CWHvm_HW_FDC_H.overmature,8,80,10,0.0,10000.0,1.0,1.0,168.58900451660156,0.0,0.0
feature.Seral.CWHvm_HW_FDC_H.overmature,9,90,10,0.0,10000.0,1.0,1.0,134.86399841308594,0.0,0.0
feature.Seral.CWHvm_HW_FDC_H.overmature,10,100,10,0.0,10000.0,1.0,1.0,134.86399841308594,0.0,0.0
feature.Seral.CWHvm_HW_FDC_H.overmature,11,110,10,0.0,10000.0,1.0,1.0,129.7209930419922,0.0,0.0
feature.Seral.CWHvm_HW_FDC_H.overmature,12,120,10,0.0,10000.0,1.0,1.0,129.7209930419922,0.0,0.0
feature.Seral.CWHvm_HW_FDC_H.overmature,13,130,10,0.0,10000.0,1.0,1.0,90.00800323486328,0.0,0.0
feature.Seral.CWHvm_HW_FDC_H.overmature,14,140,10,0.0,10000.0,1.0,1.0,97.3219985961914,0.0,0.0
feature.Seral.CWHvm_HW_FDC_H.overmature,15,150,10,0.0,10000.0,1.0,1.0,138.9530029296875,0.0,0.0
feature.Seral.CWHvm_HW_FDC_H.overmature,16,160,10,0.0,10000.0,1.0,1.0,105.56199645996094,0.0,0.0
feature.Seral.CWHvm_HW_FDC_H.overmature,17,170,10,0.0,10000.0,1.0,1.0,112.74600219726562,0.0,0.0
feature.Seral.CWHvm_HW_FDC_H.overmature,18,180,10,0.0,10000.0,1.0,1.0,112.7770004272461,0.0,0.0
feature.Seral.CWHvm_HW_FDC_H.overmature,19,190,10,0.0,10000.0,1.0,1.0,119.59300231933594,0.0,0.0
feature.Seral.CWHvm_HW_FDC_H.overmature,20,200,10,0.0,10000.0,1.0,1.0,114.91300201416016,0.0,0.0
feature.Seral.CWHvm_HW_FDC_H.overmature,21,210,10,0.0,10000.0,1.0,1.0,106.08399963378906,0.0,0.0
feature.Seral.CWHvm_HW_FDC_H.overmature,22,220,10,0.0,10000.0,1.0,1.0,83.37899780273438,0.0,0.0
feature.Seral.CWHvm_HW_FDC_H.overmature,23,230,10,0.0,10000.0,1.0,1.0,83.1520004272461,0.0,0.0
feature.Seral.CWHvm_HW_FDC_H.overmature,24,240,10,0.0,10000.0,1.0,1.0,78.46600341796875,0.0,0.0
feature.Seral.CWHvm_HW_FDC_H.overmature,25,250,10,0.0,10000.0,1.0,1.0,131.572998046875,0.0,0.0
feature.Seral.CWHvm_HW_FDC_H.overmature,26,260,10,0.0,10000.0,1.0,1.0,125.88999938964844,0.0,0.0
feature.Seral.CWHvm_HW_FDC_H.overmature,27,270,10,0.0,10000.0,1.0,1.0,105.56999969482422,0.0,0.0
feature.Seral.CWHvm_HW_FDC_H.overmature,28,280,10,0.0,10000.0,1.0,1.0,73.81999969482422,0.0,0.0
feature.Seral.CWHvm_HW_FDC_H.overmature,29,290,10,0.0,10000.0,1.0,1.0,83.43699645996094,0.0,0.0
feature.Seral.CWHvm_HW_FDC_H.overmature,30,300,10,0.0,10000.0,1.0,1.0,98.73100280761719,0.0,0.0
feature.Seral.CWHvm_HW_FDC_H.regenerating,0,0,10,0.0,10000.0,1.0,1.0,0.0,0.0,0.0
feature.Seral.CWHvm_HW_FDC_H.regenerating,1,10,10,0.0,10000.0,1.0,1.0,4.698999881744385,0.0,0.0
feature.Seral.CWHvm_HW_FDC_H.regenerating,2,20,10,0.0,10000.0,1.0,1.0,12.92300033569336,0.0,0.0
feature.Seral.CWHvm_HW_FDC_H.regenerating,3,30,10,0.0,10000.0,1.0,1.0,8.946000099182129,0.0,0.0
feature.Seral.CWHvm_HW_FDC_H.regenerating,4,40,10,0.0,10000.0,1.0,1.0,0.0,0.0,0.0
feature.Seral.CWHvm_HW_FDC_H.regenerating,5,50,10,0.0,10000.0,1.0,1.0,0.0,0.0,0.0
feature.Seral.CWHvm_HW_FDC_H.regenerating,6,60,10,0.0,10000.0,1.0,1.0,0.0,0.0,0.0
feature.Seral.CWHvm_HW_FDC_H.regenerating,7,70,10,0.0,10000.0,1.0,1.0,17.93400001525879,0.0,0.0
feature.Seral.CWHvm_HW_FDC_H.regenerating,8,80,10,0.0,10000.0,1.0,1.0,4.698999881744385,0.0,0.0
feature.Seral.CWHvm_HW_FDC_H.regenerating,9,90,10,0.0,10000.0,1.0,1.0,46.78099822998047,0.0,0.0
feature.Seral.CWHvm_HW_FDC_H.regenerating,10,100,10,0.0,10000.0,1.0,1.0,27.545000076293945,0.0,0.0
feature.Seral.CWHvm_HW_FDC_H.regenerating,11,110,10,0.0,10000.0,1.0,1.0,21.81599998474121,0.0,0.0
feature.Seral.CWHvm_HW_FDC_H.regenerating,12,120,10,0.0,10000.0,1.0,1.0,19.54199981689453,0.0,0.0
feature.Seral.CWHvm_HW_FDC_H.regenerating,13,130,10,0.0,10000.0,1.0,1.0,41.452999114990234,0.0,0.0
feature.Seral.CWHvm_HW_FDC_H.regenerating,14,140,10,0.0,10000.0,1.0,1.0,22.547000885009766,0.0,0.0
feature.Seral.CWHvm_HW_FDC_H.regenerating,15,150,10,0.0,10000.0,1.0,1.0,13.604000091552734,0.0,0.0
feature.Seral.CWHvm_HW_FDC_H.regenerating,16,160,10,0.0,10000.0,1.0,1.0,17.301000595092773,0.0,0.0
feature.Seral.CWHvm_HW_FDC_H.regenerating,17,170,10,0.0,10000.0,1.0,1.0,2.6040000915527344,0.0,0.0
feature.Seral.CWHvm_HW_FDC_H.regenerating,18,180,10,0.0,10000.0,1.0,1.0,26.481000900268555,0.0,0.0
feature.Seral.CWHvm_HW_FDC_H.regenerating,19,190,10,0.0,10000.0,1.0,1.0,30.263999938964844,0.0,0.0
feature.Seral.CWHvm_HW_FDC_H.regenerating,20,200,10,0.0,10000.0,1.0,1.0,26.881999969482422,0.0,0.0
feature.Seral.CWHvm_HW_FDC_H.regenerating,21,210,10,0.0,10000.0,1.0,1.0,9.256999969482422,0.0,0.0
feature.Seral.CWHvm_HW_FDC_H.regenerating,22,220,10,0.0,10000.0,1.0,1.0,12.92300033569336,0.0,0.0
feature.Seral.CWHvm_HW_FDC_H.regenerating,23,230,10,0.0,10000.0,1.0,1.0,36.095001220703125,0.0,0.0
feature.Seral.CWHvm_HW_FDC_H.regenerating,24,240,10,0.0,10000.0,1.0,1.0,8.788999557495117,0.0,0.0
feature.Seral.CWHvm_HW_FDC_H.regenerating,25,250,10,0.0,10000.0,1.0,1.0,16.483999252319336,0.0,0.0
feature.Seral.CWHvm_HW_FDC_H.regenerating,26,260,10,0.0,10000.0,1.0,1.0,8.496000289916992,0.0,0.0
feature.Seral.CWHvm_HW_FDC_H.regenerating,27,270,10,0.0,10000.0,1.0,1.0,12.3149995803833,0.0,0.0
feature.Seral.CWHvm_HW_FDC_H.regenerating,28,280,10,0.0,10000.0,1.0,1.0,12.267999649047852,0.0,0.0
feature.Seral.CWHvm_HW_FDC_H.regenerating,29,290,10,0.0,10000.0,1.0,1.0,9.840999603271484,0.0,0.0
feature.Seral.CWHvm_HW_FDC_H.regenerating,30,300,10,0.0,10000.0,1.0,1.0,8.996000289916992,0.0,0.0
feature.Seral.CWHvm_HW_FDC_H.young,0,0,10,0.0,10000.0,1.0,1.0,0.0,0.0,0.0
feature.Seral.CWHvm_HW_FDC_H.young,1,10,10,0.0,10000.0,1.0,1.0,28.22599983215332,0.0,0.0
feature.Seral.CWHvm_HW_FDC_H.young,2,20,10,0.0,10000.0,1.0,1.0,38.77199935913086,0.0,0.0
feature.Seral.CWHvm_HW_FDC_H.young,3,30,10,0.0,10000.0,1.0,1.0,68.052001953125,0.0,0.0
feature.Seral.CWHvm_HW_FDC_H.young,4,40,10,0.0,10000.0,1.0,1.0,82.23300170898438,0.0,0.0
feature.Seral.CWHvm_HW_FDC_H.young,5,50,10,0.0,10000.0,1.0,1.0,70.5009994506836,0.0,0.0
feature.Seral.CWHvm_HW_FDC_H.young,6,60,10,0.0,10000.0,1.0,1.0,94.61399841308594,0.0,0.0
feature.Seral.CWHvm_HW_FDC_H.young,7,70,10,0.0,10000.0,1.0,1.0,55.23500061035156,0.0,0.0
feature.Seral.CWHvm_HW_FDC_H.young,8,80,10,0.0,10000.0,1.0,1.0,35.25400161743164,0.0,0.0
feature.Seral.CWHvm_HW_FDC_H.young,9,90,10,0.0,10000.0,1.0,1.0,37.803001403808594,0.0,0.0
feature.Seral.CWHvm_HW_FDC_H.young,10,100,10,0.0,10000.0,1.0,1.0,55.724998474121094,0.0,0.0
feature.Seral.CWHvm_HW_FDC_H.young,11,110,10,0.0,10000.0,1.0,1.0,90.11199951171875,0.0,0.0
feature.Seral.CWHvm_HW_FDC_H.young,12,120,10,0.0,10000.0,1.0,1.0,71.94100189208984,0.0,0.0
feature.Seral.CWHvm_HW_FDC_H.young,13,130,10,0.0,10000.0,1.0,1.0,48.152000427246094,0.0,0.0
feature.Seral.CWHvm_HW_FDC_H.young,14,140,10,0.0,10000.0,1.0,1.0,76.90799713134766,0.0,0.0
feature.Seral.CWHvm_HW_FDC_H.young,15,150,10,0.0,10000.0,1.0,1.0,79.91300201416016,0.0,0.0
feature.Seral.CWHvm_HW_FDC_H.young,16,160,10,0.0,10000.0,1.0,1.0,95.91600036621094,0.0,0.0
feature.Seral.CWHvm_HW_FDC_H.young,17,170,10,0.0,10000.0,1.0,1.0,90.66999816894531,0.0,0.0
feature.Seral.CWHvm_HW_FDC_H.young,18,180,10,0.0,10000.0,1.0,1.0,19.905000686645508,0.0,0.0
feature.Seral.CWHvm_HW_FDC_H.young,19,190,10,0.0,10000.0,1.0,1.0,40.08100128173828,0.0,0.0
feature.Seral.CWHvm_HW_FDC_H.young,20,200,10,0.0,10000.0,1.0,1.0,74.01300048828125,0.0,0.0
feature.Seral.CWHvm_HW_FDC_H.young,21,210,10,0.0,10000.0,1.0,1.0,82.53199768066406,0.0,0.0
feature.Seral.CWHvm_HW_FDC_H.young,22,220,10,0.0,10000.0,1.0,1.0,101.0270004272461,0.0,0.0
feature.Seral.CWHvm_HW_FDC_H.young,23,230,10,0.0,10000.0,1.0,1.0,101.26499938964844,0.0,0.0
feature.Seral.CWHvm_HW_FDC_H.young,24,240,10,0.0,10000.0,1.0,1.0,90.53099822998047,0.0,0.0
feature.Seral.CWHvm_HW_FDC_H.young,25,250,10,0.0,10000.0,1.0,1.0,55.689998626708984,0.0,0.0
feature.Seral.CWHvm_HW_FDC_H.young,26,260,10,0.0,10000.0,1.0,1.0,38.87300109863281,0.0,0.0
feature.Seral.CWHvm_HW_FDC_H.young,27,270,10,0.0,10000.0,1.0,1.0,58.78099822998047,0.0,0.0
feature.Seral.CWHvm_HW_FDC_H.young,28,280,10,0.0,10000.0,1.0,1.0,92.45600128173828,0.0,0.0
feature.Seral.CWHvm_HW_FDC_H.young,29,290,10,0.0,10000.0,1.0,1.0,102.4280014038086,0.0,0.0
feature.Seral.CWHvm_HW_FDC_H.young,30,300,10,0.0,10000.0,1.0,1.0,63.32099914550781,0.0,0.0
feature.Seral.CWHvm_HW_FDC_L.immature,0,0,10,0.0,10000.0,1.0,1.0,96.09500122070312,0.0,0.0
feature.Seral.CWHvm_HW_FDC_L.immature,1,10,10,0.0,10000.0,1.0,1.0,96.09500122070312,0.0,0.0
feature.Seral.CWHvm_HW_FDC_L.immature,2,20,10,0.0,10000.0,1.0,1.0,96.09500122070312,0.0,0.0
feature.Seral.CWHvm_HW_FDC_L.immature,3,30,10,0.0,10000.0,1.0,1.0,92.5,0.0,0.0
feature.Seral.CWHvm_HW_FDC_L.immature,4,40,10,0.0,10000.0,1.0,1.0,106.6510009765625,0.0,0.0
feature.Seral.CWHvm_HW_FDC_L.immature,5,50,10,0.0,10000.0,1.0,1.0,52.82099914550781,0.0,0.0
feature.Seral.CWHvm_HW_FDC_L.immature,6,60,10,0.0,10000.0,1.0,1.0,52.72100067138672,0.0,0.0
feature.Seral.CWHvm_HW_FDC_L.immature,7,70,10,0.0,10000.0,1.0,1.0,71.20099639892578,0.0,0.0
feature.Seral.CWHvm_HW_FDC_L.immature,8,80,10,0.0,10000.0,1.0,1.0,82.71499633789062,0.0,0.0
feature.Seral.CWHvm_HW_FDC_L.immature,9,90,10,0.0,10000.0,1.0,1.0,80.80599975585938,0.0,0.0
feature.Seral.CWHvm_HW_FDC_L.immature,10,100,10,0.0,10000.0,1.0,1.0,65.85399627685547,0.0,0.0
feature.Seral.CWHvm_HW_FDC_L.immature,11,110,10,0.0,10000.0,1.0,1.0,63.279998779296875,0.0,0.0
feature.Seral.CWHvm_HW_FDC_L.immature,12,120,10,0.0,10000.0,1.0,1.0,62.569000244140625,0.0,0.0
feature.Seral.CWHvm_HW_FDC_L.immature,13,130,10,0.0,10000.0,1.0,1.0,81.2770004272461,0.0,0.0
feature.Seral.CWHvm_HW_FDC_L.immature,14,140,10,0.0,10000.0,1.0,1.0,72.48200225830078,0.0,0.0
feature.Seral.CWHvm_HW_FDC_L.immature,15,150,10,0.0,10000.0,1.0,1.0,75.77899932861328,0.0,0.0
feature.Seral.CWHvm_HW_FDC_L.immature,16,160,10,0.0,10000.0,1.0,1.0,96.35700225830078,0.0,0.0
feature.Seral.CWHvm_HW_FDC_L.immature,17,170,10,0.0,10000.0,1.0,1.0,98.44499969482422,0.0,0.0
feature.Seral.CWHvm_HW_FDC_L.immature,18,180,10,0.0,10000.0,1.0,1.0,104.77300262451172,0.0,0.0
feature.Seral.CWHvm_HW_FDC_L.immature,19,190,10,0.0,10000.0,1.0,1.0,95.58399963378906,0.0,0.0
feature.Seral.CWHvm_HW_FDC_L.immature,20,200,10,0.0,10000.0,1.0,1.0,77.11599731445312,0.0,0.0
feature.Seral.CWHvm_HW_FDC_L.immature,21,210,10,0.0,10000.0,1.0,1.0,66.84700012207031,0.0,0.0
feature.Seral.CWHvm_HW_FDC_L.immature,22,220,10,0.0,10000.0,1.0,1.0,45.98400115966797,0.0,0.0
feature.Seral.CWHvm_HW_FDC_L.immature,23,230,10,0.0,10000.0,1.0,1.0,59.71900177001953,0.0,0.0
feature.Seral.CWHvm_HW_FDC_L.immature,24,240,10,0.0,10000.0,1.0,1.0,54.24100112915039,0.0,0.0
feature.Seral.CWHvm_HW_FDC_L.immature,25,250,10,0.0,10000.0,1.0,1.0,87.55500030517578,0.0,0.0
feature.Seral.CWHvm_HW_FDC_L.immature,26,260,10,0.0,10000.0,1.0,1.0,92.20999908447266,0.0,0.0
feature.Seral.CWHvm_HW_FDC_L.immature,27,270,10,0.0,10000.0,1.0,1.0,89.83100128173828,0.0,0.0
feature.Seral.CWHvm_HW_FDC_L.immature,28,280,10,0.0,10000.0,1.0,1.0,90.2490005493164,0.0,0.0
feature.Seral.CWHvm_HW_FDC_L.immature,29,290,10,0.0,10000.0,1.0,1.0,91.87100219726562,0.0,0.0
feature.Seral.CWHvm_HW_FDC_L.immature,30,300,10,0.0,10000.0,1.0,1.0,87.63800048828125,0.0,0.0
feature.Seral.CWHvm_HW_FDC_L.mature,0,0,10,0.0,10000.0,1.0,1.0,46.92499923706055,0.0,0.0
feature.Seral.CWHvm_HW_FDC_L.mature,1,10,10,0.0,10000.0,1.0,1.0,18.913999557495117,0.0,0.0
feature.Seral.CWHvm_HW_FDC_L.mature,2,20,10,0.0,10000.0,1.0,1.0,0.0,0.0,0.0
feature.Seral.CWHvm_HW_FDC_L.mature,3,30,10,0.0,10000.0,1.0,1.0,9.765000343322754,0.0,0.0
feature.Seral.CWHvm_HW_FDC_L.mature,4,40,10,0.0,10000.0,1.0,1.0,12.96500015258789,0.0,0.0
feature.Seral.CWHvm_HW_FDC_L.mature,5,50,10,0.0,10000.0,1.0,1.0,44.21500015258789,0.0,0.0
feature.Seral.CWHvm_HW_FDC_L.mature,6,60,10,0.0,10000.0,1.0,1.0,55.20800018310547,0.0,0.0
feature.Seral.CWHvm_HW_FDC_L.mature,7,70,10,0.0,10000.0,1.0,1.0,45.44300079345703,0.0,0.0
feature.Seral.CWHvm_HW_FDC_L.mature,8,80,10,0.0,10000.0,1.0,1.0,40.14400100708008,0.0,0.0
feature.Seral.CWHvm_HW_FDC_L.mature,9,90,10,0.0,10000.0,1.0,1.0,10.993000030517578,0.0,0.0
feature.Seral.CWHvm_HW_FDC_L.mature,10,100,10,0.0,10000.0,1.0,1.0,0.0,0.0,0.0
feature.Seral.CWHvm_HW_FDC_L.mature,11,110,10,0.0,10000.0,1.0,1.0,2.5739998817443848,0.0,0.0
feature.Seral.CWHvm_HW_FDC_L.mature,12,120,10,0.0,10000.0,1.0,1.0,16.391000747680664,0.0,0.0
feature.Seral.CWHvm_HW_FDC_L.mature,13,130,10,0.0,10000.0,1.0,1.0,9.98799991607666,0.0,0.0
feature.Seral.CWHvm_HW_FDC_L.mature,14,140,10,0.0,10000.0,1.0,1.0,16.823999404907227,0.0,0.0
feature.Seral.CWHvm_HW_FDC_L.mature,15,150,10,0.0,10000.0,1.0,1.0,22.2450008392334,0.0,0.0
feature.Seral.CWHvm_HW_FDC_L.mature,16,160,10,0.0,10000.0,1.0,1.0,4.328000068664551,0.0,0.0
feature.Seral.CWHvm_HW_FDC_L.mature,17,170,10,0.0,10000.0,1.0,1.0,4.328000068664551,0.0,0.0
feature.Seral.CWHvm_HW_FDC_L.mature,18,180,10,0.0,10000.0,1.0,1.0,3.0869998931884766,0.0,0.0
feature.Seral.CWHvm_HW_FDC_L.mature,19,190,10,0.0,10000.0,1.0,1.0,12.276000022888184,0.0,0.0
feature.Seral.CWHvm_HW_FDC_L.mature,20,200,10,0.0,10000.0,1.0,1.0,32.41400146484375,0.0,0.0
feature.Seral.CWHvm_HW_FDC_L.mature,21,210,10,0.0,10000.0,1.0,1.0,27.218000411987305,0.0,0.0
feature.Seral.CWHvm_HW_FDC_L.mature,22,220,10,0.0,10000.0,1.0,1.0,32.53900146484375,0.0,0.0
feature.Seral.CWHvm_HW_FDC_L.mature,23,230,10,0.0,10000.0,1.0,1.0,14.942000389099121,0.0,0.0
feature.Seral.CWHvm_HW_FDC_L.mature,24,240,10,0.0,10000.0,1.0,1.0,15.95300006866455,0.0,0.0
feature.Seral.CWHvm_HW_FDC_L.mature,25,250,10,0.0,10000.0,1.0,1.0,0.0,0.0,0.0
feature.Seral.CWHvm_HW_FDC_L.mature,26,260,10,0.0,10000.0,1.0,1.0,11.513999938964844,0.0,0.0
feature.Seral.CWHvm_HW_FDC_L.mature,27,270,10,0.0,10000.0,1.0,1.0,14.904000282287598,0.0,0.0
feature.Seral.CWHvm_HW_FDC_L.mature,28,280,10,0.0,10000.0,1.0,1.0,12.366999626159668,0.0,0.0
feature.Seral.CWHvm_HW_FDC_L.mature,29,290,10,0.0,10000.0,1.0,1.0,4.672999858856201,0.0,0.0
feature.Seral.CWHvm_HW_FDC_L.mature,30,300,10,0.0,10000.0,1.0,1.0,9.486000061035156,0.0,0.0
feature.Seral.CWHvm_HW_FDC_L.overmature,0,0,10,0.0,10000.0,1.0,1.0,10.293000221252441,0.0,0.0
feature.Seral.CWHvm_HW_FDC_L.overmature,1,10,10,0.0,10000.0,1.0,1.0,10.293000221252441,0.0,0.0
feature.Seral.CWHvm_HW_FDC_L.overmature,2,20,10,0.0,10000.0,1.0,1.0,15.390000343322754,0.0,0.0
feature.Seral.CWHvm_HW_FDC_L.overmature,3,30,10,0.0,10000.0,1.0,1.0,15.390000343322754,0.0,0.0
feature.Seral.CWHvm_HW_FDC_L.overmature,4,40,10,0.0,10000.0,1.0,1.0,15.390000343322754,0.0,0.0
feature.Seral.CWHvm_HW_FDC_L.overmature,5,50,10,0.0,10000.0,1.0,1.0,15.390000343322754,0.0,0.0
feature.Seral.CWHvm_HW_FDC_L.overmature,6,60,10,0.0,10000.0,1.0,1.0,15.390000343322754,0.0,0.0
feature.Seral.CWHvm_HW_FDC_L.overmature,7,70,10,0.0,10000.0,1.0,1.0,21.764999389648438,0.0,0.0
feature.Seral.CWHvm_HW_FDC_L.overmature,8,80,10,0.0,10000.0,1.0,1.0,21.878000259399414,0.0,0.0
feature.Seral.CWHvm_HW_FDC_L.overmature,9,90,10,0.0,10000.0,1.0,1.0,47.138999938964844,0.0,0.0
feature.Seral.CWHvm_HW_FDC_L.overmature,10,100,10,0.0,10000.0,1.0,1.0,43.189998626708984,0.0,0.0
feature.Seral.CWHvm_HW_FDC_L.overmature,11,110,10,0.0,10000.0,1.0,1.0,35.06700134277344,0.0,0.0
feature.Seral.CWHvm_HW_FDC_L.overmature,12,120,10,0.0,10000.0,1.0,1.0,26.659000396728516,0.0,0.0
feature.Seral.CWHvm_HW_FDC_L.overmature,13,130,10,0.0,10000.0,1.0,1.0,26.659000396728516,0.0,0.0
feature.Seral.CWHvm_HW_FDC_L.overmature,14,140,10,0.0,10000.0,1.0,1.0,26.659000396728516,0.0,0.0
feature.Seral.CWHvm_HW_FDC_L.overmature,15,150,10,0.0,10000.0,1.0,1.0,29.232999801635742,0.0,0.0
feature.Seral.CWHvm_HW_FDC_L.overmature,16,160,10,0.0,10000.0,1.0,1.0,35.63600158691406,0.0,0.0
feature.Seral.CWHvm_HW_FDC_L.overmature,17,170,10,0.0,10000.0,1.0,1.0,35.63600158691406,0.0,0.0
feature.Seral.CWHvm_HW_FDC_L.overmature,18,180,10,0.0,10000.0,1.0,1.0,30.98699951171875,0.0,0.0
feature.Seral.CWHvm_HW_FDC_L.overmature,19,190,10,0.0,10000.0,1.0,1.0,30.98699951171875,0.0,0.0
feature.Seral.CWHvm_HW_FDC_L.overmature,20,200,10,0.0,10000.0,1.0,1.0,30.98699951171875,0.0,0.0
feature.Seral.CWHvm_HW_FDC_L.overmature,21,210,10,0.0,10000.0,1.0,1.0,30.98699951171875,0.0,0.0
feature.Seral.CWHvm_HW_FDC_L.overmature,22,220,10,0.0,10000.0,1.0,1.0,29.746000289916992,0.0,0.0
feature.Seral.CWHvm_HW_FDC_L.overmature,23,230,10,0.0,10000.0,1.0,1.0,33.63600158691406,0.0,0.0
feature.Seral.CWHvm_HW_FDC_L.overmature,24,240,10,0.0,10000.0,1.0,1.0,33.63600158691406,0.0,0.0
feature.Seral.CWHvm_HW_FDC_L.overmature,25,250,10,0.0,10000.0,1.0,1.0,48.577999114990234,0.0,0.0
feature.Seral.CWHvm_HW_FDC_L.overmature,26,260,10,0.0,10000.0,1.0,1.0,35.46200180053711,0.0,0.0
feature.Seral.CWHvm_HW_FDC_L.overmature,27,270,10,0.0,10000.0,1.0,1.0,31.57200050354004,0.0,0.0
feature.Seral.CWHvm_HW_FDC_L.overmature,28,280,10,0.0,10000.0,1.0,1.0,31.57200050354004,0.0,0.0
feature.Seral.CWHvm_HW_FDC_L.overmature,29,290,10,0.0,10000.0,1.0,1.0,26.024999618530273,0.0,0.0
feature.Seral.CWHvm_HW_FDC_L.overmature,30,300,10,0.0,10000.0,1.0,1.0,26.024999618530273,0.0,0.0
feature.Seral.CWHvm_HW_FDC_L.regenerating,0,0,10,0.0,10000.0,1.0,1.0,0.0,0.0,0.0
feature.Seral.CWHvm_HW_FDC_L.regenerating,1,10,10,0.0,10000.0,1.0,1.0,18.795000076293945,0.0,0.0
feature.Seral.CWHvm_HW_FDC_L.regenerating,2,20,10,0.0,10000.0,1.0,1.0,7.414000034332275,0.0,0.0
feature.Seral.CWHvm_HW_FDC_L.regenerating,3,30,10,0.0,10000.0,1.0,1.0,3.0460000038146973,0.0,0.0
feature.Seral.CWHvm_HW_FDC_L.regenerating,4,40,10,0.0,10000.0,1.0,1.0,0.0,0.0,0.0
feature.Seral.CWHvm_HW_FDC_L.regenerating,5,50,10,0.0,10000.0,1.0,1.0,11.513999938964844,0.0,0.0
feature.Seral.CWHvm_HW_FDC_L.regenerating,6,60,10,0.0,10000.0,1.0,1.0,0.0,0.0,0.0
feature.Seral.CWHvm_HW_FDC_L.regenerating,7,70,10,0.0,10000.0,1.0,1.0,0.0,0.0,0.0
feature.Seral.CWHvm_HW_FDC_L.regenerating,8,80,10,0.0,10000.0,1.0,1.0,0.0,0.0,0.0
feature.Seral.CWHvm_HW_FDC_L.regenerating,9,90,10,0.0,10000.0,1.0,1.0,9.189000129699707,0.0,0.0
feature.Seral.CWHvm_HW_FDC_L.regenerating,10,100,10,0.0,10000.0,1.0,1.0,31.163000106811523,0.0,0.0
feature.Seral.CWHvm_HW_FDC_L.regenerating,11,110,10,0.0,10000.0,1.0,1.0,0.0,0.0,0.0
feature.Seral.CWHvm_HW_FDC_L.regenerating,12,120,10,0.0,10000.0,1.0,1.0,8.407999992370605,0.0,0.0
feature.Seral.CWHvm_HW_FDC_L.regenerating,13,130,10,0.0,10000.0,1.0,1.0,20.577999114990234,0.0,0.0
feature.Seral.CWHvm_HW_FDC_L.regenerating,14,140,10,0.0,10000.0,1.0,1.0,1.9589999914169312,0.0,0.0
feature.Seral.CWHvm_HW_FDC_L.regenerating,15,150,10,0.0,10000.0,1.0,1.0,0.0,0.0,0.0
feature.Seral.CWHvm_HW_FDC_L.regenerating,16,160,10,0.0,10000.0,1.0,1.0,0.0,0.0,0.0
feature.Seral.CWHvm_HW_FDC_L.regenerating,17,170,10,0.0,10000.0,1.0,1.0,3.390000104904175,0.0,0.0
feature.Seral.CWHvm_HW_FDC_L.regenerating,18,180,10,0.0,10000.0,1.0,1.0,4.672999858856201,0.0,0.0
feature.Seral.CWHvm_HW_FDC_L.regenerating,19,190,10,0.0,10000.0,1.0,1.0,0.0,0.0,0.0
feature.Seral.CWHvm_HW_FDC_L.regenerating,20,200,10,0.0,10000.0,1.0,1.0,0.0,0.0,0.0
feature.Seral.CWHvm_HW_FDC_L.regenerating,21,210,10,0.0,10000.0,1.0,1.0,0.0,0.0,0.0
feature.Seral.CWHvm_HW_FDC_L.regenerating,22,220,10,0.0,10000.0,1.0,1.0,24.9060001373291,0.0,0.0
feature.Seral.CWHvm_HW_FDC_L.regenerating,23,230,10,0.0,10000.0,1.0,1.0,11.70199966430664,0.0,0.0
feature.Seral.CWHvm_HW_FDC_L.regenerating,24,240,10,0.0,10000.0,1.0,1.0,0.0,0.0,0.0
feature.Seral.CWHvm_HW_FDC_L.regenerating,25,250,10,0.0,10000.0,1.0,1.0,0.0,0.0,0.0
feature.Seral.CWHvm_HW_FDC_L.regenerating,26,260,10,0.0,10000.0,1.0,1.0,3.7209999561309814,0.0,0.0
feature.Seral.CWHvm_HW_FDC_L.regenerating,27,270,10,0.0,10000.0,1.0,1.0,3.890000104904175,0.0,0.0
feature.Seral.CWHvm_HW_FDC_L.regenerating,28,280,10,0.0,10000.0,1.0,1.0,11.513999938964844,0.0,0.0
feature.Seral.CWHvm_HW_FDC_L.regenerating,29,290,10,0.0,10000.0,1.0,1.0,3.390000104904175,0.0,0.0
feature.Seral.CWHvm_HW_FDC_L.regenerating,30,300,10,0.0,10000.0,1.0,1.0,0.0,0.0,0.0
feature.Seral.CWHvm_HW_FDC_L.young,0,0,10,0.0,10000.0,1.0,1.0,0.0,0.0,0.0
feature.Seral.CWHvm_HW_FDC_L.young,1,10,10,0.0,10000.0,1.0,1.0,9.215999603271484,0.0,0.0
feature.Seral.CWHvm_HW_FDC_L.young,2,20,10,0.0,10000.0,1.0,1.0,34.41400146484375,0.0,0.0
feature.Seral.CWHvm_HW_FDC_L.young,3,30,10,0.0,10000.0,1.0,1.0,32.61199951171875,0.0,0.0
feature.Seral.CWHvm_HW_FDC_L.young,4,40,10,0.0,10000.0,1.0,1.0,18.30699920654297,0.0,0.0
feature.Seral.CWHvm_HW_FDC_L.young,5,50,10,0.0,10000.0,1.0,1.0,29.37299919128418,0.0,0.0
feature.Seral.CWHvm_HW_FDC_L.young,6,60,10,0.0,10000.0,1.0,1.0,29.993999481201172,0.0,0.0
feature.Seral.CWHvm_HW_FDC_L.young,7,70,10,0.0,10000.0,1.0,1.0,14.904000282287598,0.0,0.0
feature.Seral.CWHvm_HW_FDC_L.young,8,80,10,0.0,10000.0,1.0,1.0,8.576000213623047,0.0,0.0
feature.Seral.CWHvm_HW_FDC_L.young,9,90,10,0.0,10000.0,1.0,1.0,5.185999870300293,0.0,0.0
feature.Seral.CWHvm_HW_FDC_L.young,10,100,10,0.0,10000.0,1.0,1.0,13.105999946594238,0.0,0.0
feature.Seral.CWHvm_HW_FDC_L.young,11,110,10,0.0,10000.0,1.0,1.0,52.391998291015625,0.0,0.0
feature.Seral.CWHvm_HW_FDC_L.young,12,120,10,0.0,10000.0,1.0,1.0,39.2859992980957,0.0,0.0
feature.Seral.CWHvm_HW_FDC_L.young,13,130,10,0.0,10000.0,1.0,1.0,14.810999870300293,0.0,0.0
feature.Seral.CWHvm_HW_FDC_L.young,14,140,10,0.0,10000.0,1.0,1.0,35.388999938964844,0.0,0.0
feature.Seral.CWHvm_HW_FDC_L.young,15,150,10,0.0,10000.0,1.0,1.0,26.055999755859375,0.0,0.0
feature.Seral.CWHvm_HW_FDC_L.young,16,160,10,0.0,10000.0,1.0,1.0,16.992000579833984,0.0,0.0
feature.Seral.CWHvm_HW_FDC_L.young,17,170,10,0.0,10000.0,1.0,1.0,11.513999938964844,0.0,0.0
feature.Seral.CWHvm_HW_FDC_L.young,18,180,10,0.0,10000.0,1.0,1.0,9.793000221252441,0.0,0.0
feature.Seral.CWHvm_HW_FDC_L.young,19,190,10,0.0,10000.0,1.0,1.0,14.465999603271484,0.0,0.0
feature.Seral.CWHvm_HW_FDC_L.young,20,200,10,0.0,10000.0,1.0,1.0,12.795999526977539,0.0,0.0
feature.Seral.CWHvm_HW_FDC_L.young,21,210,10,0.0,10000.0,1.0,1.0,28.26099967956543,0.0,0.0
feature.Seral.CWHvm_HW_FDC_L.young,22,220,10,0.0,10000.0,1.0,1.0,20.13800048828125,0.0,0.0
feature.Seral.CWHvm_HW_FDC_L.young,23,230,10,0.0,10000.0,1.0,1.0,33.31399917602539,0.0,0.0
feature.Seral.CWHvm_HW_FDC_L.young,24,240,10,0.0,10000.0,1.0,1.0,49.483001708984375,0.0,0.0
feature.Seral.CWHvm_HW_FDC_L.young,25,250,10,0.0,10000.0,1.0,1.0,17.18000030517578,0.0,0.0
feature.Seral.CWHvm_HW_FDC_L.young,26,260,10,0.0,10000.0,1.0,1.0,10.406000137329102,0.0,0.0
feature.Seral.CWHvm_HW_FDC_L.young,27,270,10,0.0,10000.0,1.0,1.0,13.116000175476074,0.0,0.0
feature.Seral.CWHvm_HW_FDC_L.young,28,280,10,0.0,10000.0,1.0,1.0,7.611000061035156,0.0,0.0
feature.Seral.CWHvm_HW_FDC_L.young,29,290,10,0.0,10000.0,1.0,1.0,27.354000091552734,0.0,0.0
feature.Seral.CWHvm_HW_FDC_L.young,30,300,10,0.0,10000.0,1.0,1.0,30.163999557495117,0.0,0.0
feature.Seral.CWHvm_HW_SS_M.immature,0,0,10,0.0,10000.0,1.0,1.0,29.687999725341797,0.0,0.0
feature.Seral.CWHvm_HW_SS_M.immature,1,10,10,0.0,10000.0,1.0,1.0,29.687999725341797,0.0,0.0
feature.Seral.CWHvm_HW_SS_M.immature,2,20,10,0.0,10000.0,1.0,1.0,29.687999725341797,0.0,0.0
feature.Seral.CWHvm_HW_SS_M.immature,3,30,10,0.0,10000.0,1.0,1.0,29.687999725341797,0.0,0.0
feature.Seral.CWHvm_HW_SS_M.immature,4,40,10,0.0,10000.0,1.0,1.0,5.185999870300293,0.0,0.0
feature.Seral.CWHvm_HW_SS_M.immature,5,50,10,0.0,10000.0,1.0,1.0,1.6080000400543213,0.0,0.0
feature.Seral.CWHvm_HW_SS_M.immature,6,60,10,0.0,10000.0,1.0,1.0,0.0,0.0,0.0
feature.Seral.CWHvm_HW_SS_M.immature,7,70,10,0.0,10000.0,1.0,1.0,3.578000068664551,0.0,0.0
feature.Seral.CWHvm_HW_SS_M.immature,8,80,10,0.0,10000.0,1.0,1.0,3.578000068664551,0.0,0.0
feature.Seral.CWHvm_HW_SS_M.immature,9,90,10,0.0,10000.0,1.0,1.0,3.578000068664551,0.0,0.0
feature.Seral.CWHvm_HW_SS_M.immature,10,100,10,0.0,10000.0,1.0,1.0,3.578000068664551,0.0,0.0
feature.Seral.CWHvm_HW_SS_M.immature,11,110,10,0.0,10000.0,1.0,1.0,3.578000068664551,0.0,0.0
feature.Seral.CWHvm_HW_SS_M.immature,12,120,10,0.0,10000.0,1.0,1.0,3.578000068664551,0.0,0.0
feature.Seral.CWHvm_HW_SS_M.immature,13,130,10,0.0,10000.0,1.0,1.0,3.578000068664551,0.0,0.0
feature.Seral.CWHvm_HW_SS_M.immature,14,140,10,0.0,10000.0,1.0,1.0,3.578000068664551,0.0,0.0
feature.Seral.CWHvm_HW_SS_M.immature,15,150,10,0.0,10000.0,1.0,1.0,1.0080000162124634,0.0,0.0
feature.Seral.CWHvm_HW_SS_M.immature,16,160,10,0.0,10000.0,1.0,1.0,1.0080000162124634,0.0,0.0
feature.Seral.CWHvm_HW_SS_M.immature,17,170,10,0.0,10000.0,1.0,1.0,1.0080000162124634,0.0,0.0
feature.Seral.CWHvm_HW_SS_M.immature,18,180,10,0.0,10000.0,1.0,1.0,4.585999965667725,0.0,0.0
feature.Seral.CWHvm_HW_SS_M.immature,19,190,10,0.0,10000.0,1.0,1.0,4.585999965667725,0.0,0.0
feature.Seral.CWHvm_HW_SS_M.immature,20,200,10,0.0,10000.0,1.0,1.0,4.585999965667725,0.0,0.0
feature.Seral.CWHvm_HW_SS_M.immature,21,210,10,0.0,10000.0,1.0,1.0,4.585999965667725,0.0,0.0
feature.Seral.CWHvm_HW_SS_M.immature,22,220,10,0.0,10000.0,1.0,1.0,4.585999965667725,0.0,0.0
feature.Seral.CWHvm_HW_SS_M.immature,23,230,10,0.0,10000.0,1.0,1.0,3.578000068664551,0.0,0.0
feature.Seral.CWHvm_HW_SS_M.immature,24,240,10,0.0,10000.0,1.0,1.0,0.0,0.0,0.0
feature.Seral.CWHvm_HW_SS_M.immature,25,250,10,0.0,10000.0,1.0,1.0,0.0,0.0,0.0
feature.Seral.CWHvm_HW_SS_M.immature,26,260,10,0.0,10000.0,1.0,1.0,19.506000518798828,0.0,0.0
feature.Seral.CWHvm_HW_SS_M.immature,27,270,10,0.0,10000.0,1.0,1.0,24.091999053955078,0.0,0.0
feature.Seral.CWHvm_HW_SS_M.immature,28,280,10,0.0,10000.0,1.0,1.0,24.091999053955078,0.0,0.0
feature.Seral.CWHvm_HW_SS_M.immature,29,290,10,0.0,10000.0,1.0,1.0,24.091999053955078,0.0,0.0
feature.Seral.CWHvm_HW_SS_M.immature,30,300,10,0.0,10000.0,1.0,1.0,24.091999053955078,0.0,0.0
feature.Seral.CWHvm_HW_SS_M.mature,0,0,10,0.0,10000.0,1.0,1.0,0.0,0.0,0.0
feature.Seral.CWHvm_HW_SS_M.mature,1,10,10,0.0,10000.0,1.0,1.0,0.0,0.0,0.0
feature.Seral.CWHvm_HW_SS_M.mature,2,20,10,0.0,10000.0,1.0,1.0,0.0,0.0,0.0
feature.Seral.CWHvm_HW_SS_M.mature,3,30,10,0.0,10000.0,1.0,1.0,0.0,0.0,0.0
feature.Seral.CWHvm_HW_SS_M.mature,4,40,10,0.0,10000.0,1.0,1.0,0.0,0.0,0.0
feature.Seral.CWHvm_HW_SS_M.mature,5,50,10,0.0,10000.0,1.0,1.0,0.0,0.0,0.0
feature.Seral.CWHvm_HW_SS_M.mature,6,60,10,0.0,10000.0,1.0,1.0,0.0,0.0,0.0
feature.Seral.CWHvm_HW_SS_M.mature,7,70,10,0.0,10000.0,1.0,1.0,0.0,0.0,0.0
feature.Seral.CWHvm_HW_SS_M.mature,8,80,10,0.0,10000.0,1.0,1.0,0.0,0.0,0.0
feature.Seral.CWHvm_HW_SS_M.mature,9,90,10,0.0,10000.0,1.0,1.0,0.0,0.0,0.0
feature.Seral.CWHvm_HW_SS_M.mature,10,100,10,0.0,10000.0,1.0,1.0,0.0,0.0,0.0
feature.Seral.CWHvm_HW_SS_M.mature,11,110,10,0.0,10000.0,1.0,1.0,0.0,0.0,0.0
feature.Seral.CWHvm_HW_SS_M.mature,12,120,10,0.0,10000.0,1.0,1.0,0.0,0.0,0.0
feature.Seral.CWHvm_HW_SS_M.mature,13,130,10,0.0,10000.0,1.0,1.0,0.0,0.0,0.0
feature.Seral.CWHvm_HW_SS_M.mature,14,140,10,0.0,10000.0,1.0,1.0,0.0,0.0,0.0
feature.Seral.CWHvm_HW_SS_M.mature,15,150,10,0.0,10000.0,1.0,1.0,0.0,0.0,0.0
feature.Seral.CWHvm_HW_SS_M.mature,16,160,10,0.0,10000.0,1.0,1.0,0.0,0.0,0.0
feature.Seral.CWHvm_HW_SS_M.mature,17,170,10,0.0,10000.0,1.0,1.0,0.0,0.0,0.0
feature.Seral.CWHvm_HW_SS_M.mature,18,180,10,0.0,10000.0,1.0,1.0,0.0,0.0,0.0
feature.Seral.CWHvm_HW_SS_M.mature,19,190,10,0.0,10000.0,1.0,1.0,0.0,0.0,0.0
feature.Seral.CWHvm_HW_SS_M.mature,20,200,10,0.0,10000.0,1.0,1.0,0.0,0.0,0.0
feature.Seral.CWHvm_HW_SS_M.mature,21,210,10,0.0,10000.0,1.0,1.0,0.0,0.0,0.0
feature.Seral.CWHvm_HW_SS_M.mature,22,220,10,0.0,10000.0,1.0,1.0,0.0,0.0,0.0
feature.Seral.CWHvm_HW_SS_M.mature,23,230,10,0.0,10000.0,1.0,1.0,0.0,0.0,0.0
feature.Seral.CWHvm_HW_SS_M.mature,24,240,10,0.0,10000.0,1.0,1.0,0.0,0.0,0.0
feature.Seral.CWHvm_HW_SS_M.mature,25,250,10,0.0,10000.0,1.0,1.0,0.0,0.0,0.0
feature.Seral.CWHvm_HW_SS_M.mature,26,260,10,0.0,10000.0,1.0,1.0,0.0,0.0,0.0
feature.Seral.CWHvm_HW_SS_M.mature,27,270,10,0.0,10000.0,1.0,1.0,0.0,0.0,0.0
feature.Seral.CWHvm_HW_SS_M.mature,28,280,10,0.0,10000.0,1.0,1.0,0.0,0.0,0.0
feature.Seral.CWHvm_HW_SS_M.mature,29,290,10,0.0,10000.0,1.0,1.0,0.0,0.0,0.0
feature.Seral.CWHvm_HW_SS_M.mature,30,300,10,0.0,10000.0,1.0,1.0,0.0,0.0,0.0
feature.Seral.CWHvm_HW_SS_M.overmature,0,0,10,0.0,10000.0,1.0,1.0,0.0,0.0,0.0
feature.Seral.CWHvm_HW_SS_M.overmature,1,10,10,0.0,10000.0,1.0,1.0,0.0,0.0,0.0
feature.Seral.CWHvm_HW_SS_M.overmature,2,20,10,0.0,10000.0,1.0,1.0,0.0,0.0,0.0
feature.Seral.CWHvm_HW_SS_M.overmature,3,30,10,0.0,10000.0,1.0,1.0,0.0,0.0,0.0
feature.Seral.CWHvm_HW_SS_M.overmature,4,40,10,0.0,10000.0,1.0,1.0,24.50200080871582,0.0,0.0
feature.Seral.CWHvm_HW_SS_M.overmature,5,50,10,0.0,10000.0,1.0,1.0,24.50200080871582,0.0,0.0
feature.Seral.CWHvm_HW_SS_M.overmature,6,60,10,0.0,10000.0,1.0,1.0,26.110000610351562,0.0,0.0
feature.Seral.CWHvm_HW_SS_M.overmature,7,70,10,0.0,10000.0,1.0,1.0,26.110000610351562,0.0,0.0
feature.Seral.CWHvm_HW_SS_M.overmature,8,80,10,0.0,10000.0,1.0,1.0,26.110000610351562,0.0,0.0
feature.Seral.CWHvm_HW_SS_M.overmature,9,90,10,0.0,10000.0,1.0,1.0,26.110000610351562,0.0,0.0
feature.Seral.CWHvm_HW_SS_M.overmature,10,100,10,0.0,10000.0,1.0,1.0,26.110000610351562,0.0,0.0
feature.Seral.CWHvm_HW_SS_M.overmature,11,110,10,0.0,10000.0,1.0,1.0,26.110000610351562,0.0,0.0
feature.Seral.CWHvm_HW_SS_M.overmature,12,120,10,0.0,10000.0,1.0,1.0,25.101999282836914,0.0,0.0
feature.Seral.CWHvm_HW_SS_M.overmature,13,130,10,0.0,10000.0,1.0,1.0,25.101999282836914,0.0,0.0
feature.Seral.CWHvm_HW_SS_M.overmature,14,140,10,0.0,10000.0,1.0,1.0,25.101999282836914,0.0,0.0
feature.Seral.CWHvm_HW_SS_M.overmature,15,150,10,0.0,10000.0,1.0,1.0,25.101999282836914,0.0,0.0
feature.Seral.CWHvm_HW_SS_M.overmature,16,160,10,0.0,10000.0,1.0,1.0,25.101999282836914,0.0,0.0
feature.Seral.CWHvm_HW_SS_M.overmature,17,170,10,0.0,10000.0,1.0,1.0,25.101999282836914,0.0,0.0
feature.Seral.CWHvm_HW_SS_M.overmature,18,180,10,0.0,10000.0,1.0,1.0,25.101999282836914,0.0,0.0
feature.Seral.CWHvm_HW_SS_M.overmature,19,190,10,0.0,10000.0,1.0,1.0,25.101999282836914,0.0,0.0
feature.Seral.CWHvm_HW_SS_M.overmature,20,200,10,0.0,10000.0,1.0,1.0,25.101999282836914,0.0,0.0
feature.Seral.CWHvm_HW_SS_M.overmature,21,210,10,0.0,10000.0,1.0,1.0,25.101999282836914,0.0,0.0
feature.Seral.CWHvm_HW_SS_M.overmature,22,220,10,0.0,10000.0,1.0,1.0,25.101999282836914,0.0,0.0
feature.Seral.CWHvm_HW_SS_M.overmature,23,230,10,0.0,10000.0,1.0,1.0,26.110000610351562,0.0,0.0
feature.Seral.CWHvm_HW_SS_M.overmature,24,240,10,0.0,10000.0,1.0,1.0,5.5960001945495605,0.0,0.0
feature.Seral.CWHvm_HW_SS_M.overmature,25,250,10,0.0,10000.0,1.0,1.0,5.5960001945495605,0.0,0.0
feature.Seral.CWHvm_HW_SS_M.overmature,26,260,10,0.0,10000.0,1.0,1.0,5.5960001945495605,0.0,0.0
feature.Seral.CWHvm_HW_SS_M.overmature,27,270,10,0.0,10000.0,1.0,1.0,5.5960001945495605,0.0,0.0
feature.Seral.CWHvm_HW_SS_M.overmature,28,280,10,0.0,10000.0,1.0,1.0,5.5960001945495605,0.0,0.0
feature.Seral.CWHvm_HW_SS_M.overmature,29,290,10,0.0,10000.0,1.0,1.0,5.5960001945495605,0.0,0.0
feature.Seral.CWHvm_HW_SS_M.overmature,30,300,10,0.0,10000.0,1.0,1.0,5.5960001945495605,0.0,0.0
feature.Seral.CWHvm_HW_SS_M.regenerating,0,0,10,0.0,10000.0,1.0,1.0,0.0,0.0,0.0
feature.Seral.CWHvm_HW_SS_M.regenerating,1,10,10,0.0,10000.0,1.0,1.0,0.0,0.0,0.0
feature.Seral.CWHvm_HW_SS_M.regenerating,2,20,10,0.0,10000.0,1.0,1.0,0.0,0.0,0.0
feature.Seral.CWHvm_HW_SS_M.regenerating,3,30,10,0.0,10000.0,1.0,1.0,0.0,0.0,0.0
feature.Seral.CWHvm_HW_SS_M.regenerating,4,40,10,0.0,10000.0,1.0,1.0,0.0,0.0,0.0
feature.Seral.CWHvm_HW_SS_M.regenerating,5,50,10,0.0,10000.0,1.0,1.0,0.0,0.0,0.0
feature.Seral.CWHvm_HW_SS_M.regenerating,6,60,10,0.0,10000.0,1.0,1.0,0.0,0.0,0.0
feature.Seral.CWHvm_HW_SS_M.regenerating,7,70,10,0.0,10000.0,1.0,1.0,0.0,0.0,0.0
feature.Seral.CWHvm_HW_SS_M.regenerating,8,80,10,0.0,10000.0,1.0,1.0,0.0,0.0,0.0
feature.Seral.CWHvm_HW_SS_M.regenerating,9,90,10,0.0,10000.0,1.0,1.0,0.0,0.0,0.0
feature.Seral.CWHvm_HW_SS_M.regenerating,10,100,10,0.0,10000.0,1.0,1.0,0.0,0.0,0.0
feature.Seral.CWHvm_HW_SS_M.regenerating,11,110,10,0.0,10000.0,1.0,1.0,0.0,0.0,0.0
feature.Seral.CWHvm_HW_SS_M.regenerating,12,120,10,0.0,10000.0,1.0,1.0,1.0080000162124634,0.0,0.0
feature.Seral.CWHvm_HW_SS_M.regenerating,13,130,10,0.0,10000.0,1.0,1.0,0.0,0.0,0.0
feature.Seral.CWHvm_HW_SS_M.regenerating,14,140,10,0.0,10000.0,1.0,1.0,0.0,0.0,0.0
feature.Seral.CWHvm_HW_SS_M.regenerating,15,150,10,0.0,10000.0,1.0,1.0,3.578000068664551,0.0,0.0
feature.Seral.CWHvm_HW_SS_M.regenerating,16,160,10,0.0,10000.0,1.0,1.0,0.0,0.0,0.0
feature.Seral.CWHvm_HW_SS_M.regenerating,17,170,10,0.0,10000.0,1.0,1.0,0.0,0.0,0.0
feature.Seral.CWHvm_HW_SS_M.regenerating,18,180,10,0.0,10000.0,1.0,1.0,0.0,0.0,0.0
feature.Seral.CWHvm_HW_SS_M.regenerating,19,190,10,0.0,10000.0,1.0,1.0,0.0,0.0,0.0
feature.Seral.CWHvm_HW_SS_M.regenerating,20,200,10,0.0,10000.0,1.0,1.0,0.0,0.0,0.0
feature.Seral.CWHvm_HW_SS_M.regenerating,21,210,10,0.0,10000.0,1.0,1.0,0.0,0.0,0.0
feature.Seral.CWHvm_HW_SS_M.regenerating,22,220,10,0.0,10000.0,1.0,1.0,0.0,0.0,0.0
feature.Seral.CWHvm_HW_SS_M.regenerating,23,230,10,0.0,10000.0,1.0,1.0,0.0,0.0,0.0
feature.Seral.CWHvm_HW_SS_M.regenerating,24,240,10,0.0,10000.0,1.0,1.0,4.585999965667725,0.0,0.0
feature.Seral.CWHvm_HW_SS_M.regenerating,25,250,10,0.0,10000.0,1.0,1.0,0.0,0.0,0.0
feature.Seral.CWHvm_HW_SS_M.regenerating,26,260,10,0.0,10000.0,1.0,1.0,0.0,0.0,0.0
feature.Seral.CWHvm_HW_SS_M.regenerating,27,270,10,0.0,10000.0,1.0,1.0,0.0,0.0,0.0
feature.Seral.CWHvm_HW_SS_M.regenerating,28,280,10,0.0,10000.0,1.0,1.0,0.0,0.0,0.0
feature.Seral.CWHvm_HW_SS_M.regenerating,29,290,10,0.0,10000.0,1.0,1.0,0.0,0.0,0.0
feature.Seral.CWHvm_HW_SS_M.regenerating,30,300,10,0.0,10000.0,1.0,1.0,0.0,0.0,0.0
feature.Seral.CWHvm_HW_SS_M.young,0,0,10,0.0,10000.0,1.0,1.0,0.0,0.0,0.0
feature.Seral.CWHvm_HW_SS_M.young,1,10,10,0.0,10000.0,1.0,1.0,0.0,0.0,0.0
feature.Seral.CWHvm_HW_SS_M.young,2,20,10,0.0,10000.0,1.0,1.0,0.0,0.0,0.0
feature.Seral.CWHvm_HW_SS_M.young,3,30,10,0.0,10000.0,1.0,1.0,0.0,0.0,0.0
feature.Seral.CWHvm_HW_SS_M.young,4,40,10,0.0,10000.0,1.0,1.0,0.0,0.0,0.0
feature.Seral.CWHvm_HW_SS_M.young,5,50,10,0.0,10000.0,1.0,1.0,3.578000068664551,0.0,0.0
feature.Seral.CWHvm_HW_SS_M.young,6,60,10,0.0,10000.0,1.0,1.0,3.578000068664551,0.0,0.0
feature.Seral.CWHvm_HW_SS_M.young,7,70,10,0.0,10000.0,1.0,1.0,0.0,0.0,0.0
feature.Seral.CWHvm_HW_SS_M.young,8,80,10,0.0,10000.0,1.0,1.0,0.0,0.0,0.0
feature.Seral.CWHvm_HW_SS_M.young,9,90,10,0.0,10000.0,1.0,1.0,0.0,0.0,0.0
feature.Seral.CWHvm_HW_SS_M.young,10,100,10,0.0,10000.0,1.0,1.0,0.0,0.0,0.0
feature.Seral.CWHvm_HW_SS_M.young,11,110,10,0.0,10000.0,1.0,1.0,0.0,0.0,0.0
feature.Seral.CWHvm_HW_SS_M.young,12,120,10,0.0,10000.0,1.0,1.0,0.0,0.0,0.0
feature.Seral.CWHvm_HW_SS_M.young,13,130,10,0.0,10000.0,1.0,1.0,1.0080000162124634,0.0,0.0
feature.Seral.CWHvm_HW_SS_M.young,14,140,10,0.0,10000.0,1.0,1.0,1.0080000162124634,0.0,0.0
feature.Seral.CWHvm_HW_SS_M.young,15,150,10,0.0,10000.0,1.0,1.0,0.0,0.0,0.0
feature.Seral.CWHvm_HW_SS_M.young,16,160,10,0.0,10000.0,1.0,1.0,3.578000068664551,0.0,0.0
feature.Seral.CWHvm_HW_SS_M.young,17,170,10,0.0,10000.0,1.0,1.0,3.578000068664551,0.0,0.0
feature.Seral.CWHvm_HW_SS_M.young,18,180,10,0.0,10000.0,1.0,1.0,0.0,0.0,0.0
feature.Seral.CWHvm_HW_SS_M.young,19,190,10,0.0,10000.0,1.0,1.0,0.0,0.0,0.0
feature.Seral.CWHvm_HW_SS_M.young,20,200,10,0.0,10000.0,1.0,1.0,0.0,0.0,0.0
feature.Seral.CWHvm_HW_SS_M.young,21,210,10,0.0,10000.0,1.0,1.0,0.0,0.0,0.0
feature.Seral.CWHvm_HW_SS_M.young,22,220,10,0.0,10000.0,1.0,1.0,0.0,0.0,0.0
feature.Seral.CWHvm_HW_SS_M.young,23,230,10,0.0,10000.0,1.0,1.0,0.0,0.0,0.0
feature.Seral.CWHvm_HW_SS_M.young,24,240,10,0.0,10000.0,1.0,1.0,19.506000518798828,0.0,0.0
feature.Seral.CWHvm_HW_SS_M.young,25,250,10,0.0,10000.0,1.0,1.0,24.091999053955078,0.0,0.0
feature.Seral.CWHvm_HW_SS_M.young,26,260,10,0.0,10000.0,1.0,1.0,4.585999965667725,0.0,0.0
feature.Seral.CWHvm_HW_SS_M.young,27,270,10,0.0,10000.0,1.0,1.0,0.0,0.0,0.0
feature.Seral.CWHvm_HW_SS_M.young,28,280,10,0.0,10000.0,1.0,1.0,0.0,0.0,0.0
feature.Seral.CWHvm_HW_SS_M.young,29,290,10,0.0,10000.0,1.0,1.0,0.0,0.0,0.0
feature.Seral.CWHvm_HW_SS_M.young,30,300,10,0.0,10000.0,1.0,1.0,0.0,0.0,0.0
feature.Seral.immature,0,0,10,0.0,10000.0,1.0,1.0,1158.887939453125,0.0,0.0
feature.Seral.immature,1,10,10,0.0,10000.0,1.0,1.0,1146.4639892578125,0.0,0.0
feature.Seral.immature,2,20,10,0.0,10000.0,1.0,1.0,1127.031982421875,0.0,0.0
feature.Seral.immature,3,30,10,0.0,10000.0,1.0,1.0,1077.2239990234375,0.0,0.0
feature.Seral.immature,4,40,10,0.0,10000.0,1.0,1.0,863.1519775390625,0.0,0.0
feature.Seral.immature,5,50,10,0.0,10000.0,1.0,1.0,616.510009765625,0.0,0.0
feature.Seral.immature,6,60,10,0.0,10000.0,1.0,1.0,577.0709838867188,0.0,0.0
feature.Seral.immature,7,70,10,0.0,10000.0,1.0,1.0,603.197021484375,0.0,0.0
feature.Seral.immature,8,80,10,0.0,10000.0,1.0,1.0,667.97998046875,0.0,0.0
feature.Seral.immature,9,90,10,0.0,10000.0,1.0,1.0,685.7360229492188,0.0,0.0
feature.Seral.immature,10,100,10,0.0,10000.0,1.0,1.0,796.6749877929688,0.0,0.0
feature.Seral.immature,11,110,10,0.0,10000.0,1.0,1.0,778.3140258789062,0.0,0.0
feature.Seral.immature,12,120,10,0.0,10000.0,1.0,1.0,734.1300048828125,0.0,0.0
feature.Seral.immature,13,130,10,0.0,10000.0,1.0,1.0,846.6580200195312,0.0,0.0
feature.Seral.immature,14,140,10,0.0,10000.0,1.0,1.0,799.3369750976562,0.0,0.0
feature.Seral.immature,15,150,10,0.0,10000.0,1.0,1.0,836.6309814453125,0.0,0.0
feature.Seral.immature,16,160,10,0.0,10000.0,1.0,1.0,889.9290161132812,0.0,0.0
feature.Seral.immature,17,170,10,0.0,10000.0,1.0,1.0,843.8359985351562,0.0,0.0
feature.Seral.immature,18,180,10,0.0,10000.0,1.0,1.0,851.552978515625,0.0,0.0
feature.Seral.immature,19,190,10,0.0,10000.0,1.0,1.0,866.7730102539062,0.0,0.0
feature.Seral.immature,20,200,10,0.0,10000.0,1.0,1.0,810.1240234375,0.0,0.0
feature.Seral.immature,21,210,10,0.0,10000.0,1.0,1.0,857.4970092773438,0.0,0.0
feature.Seral.immature,22,220,10,0.0,10000.0,1.0,1.0,865.97998046875,0.0,0.0
feature.Seral.immature,23,230,10,0.0,10000.0,1.0,1.0,856.0390014648438,0.0,0.0
feature.Seral.immature,24,240,10,0.0,10000.0,1.0,1.0,897.8079833984375,0.0,0.0
feature.Seral.immature,25,250,10,0.0,10000.0,1.0,1.0,856.2559814453125,0.0,0.0
feature.Seral.immature,26,260,10,0.0,10000.0,1.0,1.0,784.7730102539062,0.0,0.0
feature.Seral.immature,27,270,10,0.0,10000.0,1.0,1.0,817.5700073242188,0.0,0.0
feature.Seral.immature,28,280,10,0.0,10000.0,1.0,1.0,919.7100219726562,0.0,0.0
feature.Seral.immature,29,290,10,0.0,10000.0,1.0,1.0,956.0269775390625,0.0,0.0
feature.Seral.immature,30,300,10,0.0,10000.0,1.0,1.0,897.2869873046875,0.0,0.0
feature.Seral.mature,0,0,10,0.0,10000.0,1.0,1.0,194.47900390625,0.0,0.0
feature.Seral.mature,1,10,10,0.0,10000.0,1.0,1.0,101.90599822998047,0.0,0.0
feature.Seral.mature,2,20,10,0.0,10000.0,1.0,1.0,49.57099914550781,0.0,0.0
feature.Seral.mature,3,30,10,0.0,10000.0,1.0,1.0,19.461000442504883,0.0,0.0
feature.Seral.mature,4,40,10,0.0,10000.0,1.0,1.0,26.444000244140625,0.0,0.0
feature.Seral.mature,5,50,10,0.0,10000.0,1.0,1.0,89.45999908447266,0.0,0.0
feature.Seral.mature,6,60,10,0.0,10000.0,1.0,1.0,131.48399353027344,0.0,0.0
feature.Seral.mature,7,70,10,0.0,10000.0,1.0,1.0,166.8470001220703,0.0,0.0
feature.Seral.mature,8,80,10,0.0,10000.0,1.0,1.0,173.60699462890625,0.0,0.0
feature.Seral.mature,9,90,10,0.0,10000.0,1.0,1.0,116.09500122070312,0.0,0.0
feature.Seral.mature,10,100,10,0.0,10000.0,1.0,1.0,61.54399871826172,0.0,0.0
feature.Seral.mature,11,110,10,0.0,10000.0,1.0,1.0,59.8129997253418,0.0,0.0
feature.Seral.mature,12,120,10,0.0,10000.0,1.0,1.0,74.77400207519531,0.0,0.0
feature.Seral.mature,13,130,10,0.0,10000.0,1.0,1.0,93.87000274658203,0.0,0.0
feature.Seral.mature,14,140,10,0.0,10000.0,1.0,1.0,123.96299743652344,0.0,0.0
feature.Seral.mature,15,150,10,0.0,10000.0,1.0,1.0,99.26100158691406,0.0,0.0
feature.Seral.mature,16,160,10,0.0,10000.0,1.0,1.0,36.6349983215332,0.0,0.0
feature.Seral.mature,17,170,10,0.0,10000.0,1.0,1.0,28.711000442504883,0.0,0.0
feature.Seral.mature,18,180,10,0.0,10000.0,1.0,1.0,54.82400131225586,0.0,0.0
feature.Seral.mature,19,190,10,0.0,10000.0,1.0,1.0,67.03800201416016,0.0,0.0
feature.Seral.mature,20,200,10,0.0,10000.0,1.0,1.0,83.24299621582031,0.0,0.0
feature.Seral.mature,21,210,10,0.0,10000.0,1.0,1.0,103.83999633789062,0.0,0.0
feature.Seral.mature,22,220,10,0.0,10000.0,1.0,1.0,116.64299774169922,0.0,0.0
feature.Seral.mature,23,230,10,0.0,10000.0,1.0,1.0,115.4209976196289,0.0,0.0
feature.Seral.mature,24,240,10,0.0,10000.0,1.0,1.0,105.4219970703125,0.0,0.0
feature.Seral.mature,25,250,10,0.0,10000.0,1.0,1.0,51.680999755859375,0.0,0.0
feature.Seral.mature,26,260,10,0.0,10000.0,1.0,1.0,48.07500076293945,0.0,0.0
feature.Seral.mature,27,270,10,0.0,10000.0,1.0,1.0,59.832000732421875,0.0,0.0
feature.Seral.mature,28,280,10,0.0,10000.0,1.0,1.0,88.20800018310547,0.0,0.0
feature.Seral.mature,29,290,10,0.0,10000.0,1.0,1.0,84.4219970703125,0.0,0.0
feature.Seral.mature,30,300,10,0.0,10000.0,1.0,1.0,95.69599914550781,0.0,0.0
feature.Seral.overmature,0,0,10,0.0,10000.0,1.0,1.0,427.9540100097656,0.0,0.0
feature.Seral.overmature,1,10,10,0.0,10000.0,1.0,1.0,423.0400085449219,0.0,0.0
feature.Seral.overmature,2,20,10,0.0,10000.0,1.0,1.0,360.0679931640625,0.0,0.0
feature.Seral.overmature,3,30,10,0.0,10000.0,1.0,1.0,378.41400146484375,0.0,0.0
feature.Seral.overmature,4,40,10,0.0,10000.0,1.0,1.0,602.9320068359375,0.0,0.0
feature.Seral.overmature,5,50,10,0.0,10000.0,1.0,1.0,839.4190063476562,0.0,0.0
feature.Seral.overmature,6,60,10,0.0,10000.0,1.0,1.0,792.1619873046875,0.0,0.0
feature.Seral.overmature,7,70,10,0.0,10000.0,1.0,1.0,709.1740112304688,0.0,0.0
feature.Seral.overmature,8,80,10,0.0,10000.0,1.0,1.0,668.9879760742188,0.0,0.0
feature.Seral.overmature,9,90,10,0.0,10000.0,1.0,1.0,655.2000122070312,0.0,0.0
feature.Seral.overmature,10,100,10,0.0,10000.0,1.0,1.0,648.0869750976562,0.0,0.0
feature.Seral.overmature,11,110,10,0.0,10000.0,1.0,1.0,628.1829833984375,0.0,0.0
feature.Seral.overmature,12,120,10,0.0,10000.0,1.0,1.0,616.4929809570312,0.0,0.0
feature.Seral.overmature,13,130,10,0.0,10000.0,1.0,1.0,561.6690063476562,0.0,0.0
feature.Seral.overmature,14,140,10,0.0,10000.0,1.0,1.0,538.8489990234375,0.0,0.0
feature.Seral.overmature,15,150,10,0.0,10000.0,1.0,1.0,531.1950073242188,0.0,0.0
feature.Seral.overmature,16,160,10,0.0,10000.0,1.0,1.0,572.906982421875,0.0,0.0
feature.Seral.overmature,17,170,10,0.0,10000.0,1.0,1.0,577.093994140625,0.0,0.0
feature.Seral.overmature,18,180,10,0.0,10000.0,1.0,1.0,558.5859985351562,0.0,0.0
feature.Seral.overmature,19,190,10,0.0,10000.0,1.0,1.0,526.7069702148438,0.0,0.0
feature.Seral.overmature,20,200,10,0.0,10000.0,1.0,1.0,524.8410034179688,0.0,0.0
feature.Seral.overmature,21,210,10,0.0,10000.0,1.0,1.0,513.260009765625,0.0,0.0
feature.Seral.overmature,22,220,10,0.0,10000.0,1.0,1.0,507.7070007324219,0.0,0.0
feature.Seral.overmature,23,230,10,0.0,10000.0,1.0,1.0,538.5490112304688,0.0,0.0
feature.Seral.overmature,24,240,10,0.0,10000.0,1.0,1.0,497.36700439453125,0.0,0.0
feature.Seral.overmature,25,250,10,0.0,10000.0,1.0,1.0,545.8809814453125,0.0,0.0
feature.Seral.overmature,26,260,10,0.0,10000.0,1.0,1.0,561.9630126953125,0.0,0.0
feature.Seral.overmature,27,270,10,0.0,10000.0,1.0,1.0,521.4660034179688,0.0,0.0
feature.Seral.overmature,28,280,10,0.0,10000.0,1.0,1.0,532.1859741210938,0.0,0.0
feature.Seral.overmature,29,290,10,0.0,10000.0,1.0,1.0,515.0780029296875,0.0,0.0
feature.Seral.overmature,30,300,10,0.0,10000.0,1.0,1.0,534.1370239257812,0.0,0.0
feature.Seral.regenerating,0,0,10,0.0,10000.0,1.0,1.0,0.0,0.0,0.0
feature.Seral.regenerating,1,10,10,0.0,10000.0,1.0,1.0,59.069000244140625,0.0,0.0
feature.Seral.regenerating,2,20,10,0.0,10000.0,1.0,1.0,70.90699768066406,0.0,0.0
feature.Seral.regenerating,3,30,10,0.0,10000.0,1.0,1.0,29.770000457763672,0.0,0.0
feature.Seral.regenerating,4,40,10,0.0,10000.0,1.0,1.0,51.90299987792969,0.0,0.0
feature.Seral.regenerating,5,50,10,0.0,10000.0,1.0,1.0,29.68600082397461,0.0,0.0
feature.Seral.regenerating,6,60,10,0.0,10000.0,1.0,1.0,0.0,0.0,0.0
feature.Seral.regenerating,7,70,10,0.0,10000.0,1.0,1.0,97.79000091552734,0.0,0.0
feature.Seral.regenerating,8,80,10,0.0,10000.0,1.0,1.0,46.2140007019043,0.0,0.0
feature.Seral.regenerating,9,90,10,0.0,10000.0,1.0,1.0,74.31199645996094,0.0,0.0
feature.Seral.regenerating,10,100,10,0.0,10000.0,1.0,1.0,124.7239990234375,0.0,0.0
feature.Seral.regenerating,11,110,10,0.0,10000.0,1.0,1.0,55.452999114990234,0.0,0.0
feature.Seral.regenerating,12,120,10,0.0,10000.0,1.0,1.0,104.8270034790039,0.0,0.0
feature.Seral.regenerating,13,130,10,0.0,10000.0,1.0,1.0,85.62799835205078,0.0,0.0
feature.Seral.regenerating,14,140,10,0.0,10000.0,1.0,1.0,64.01000213623047,0.0,0.0
feature.Seral.regenerating,15,150,10,0.0,10000.0,1.0,1.0,90.197998046875,0.0,0.0
feature.Seral.regenerating,16,160,10,0.0,10000.0,1.0,1.0,17.301000595092773,0.0,0.0
feature.Seral.regenerating,17,170,10,0.0,10000.0,1.0,1.0,63.2859992980957,0.0,0.0
feature.Seral.regenerating,18,180,10,0.0,10000.0,1.0,1.0,147.95599365234375,0.0,0.0
feature.Seral.regenerating,19,190,10,0.0,10000.0,1.0,1.0,82.4520034790039,0.0,0.0
feature.Seral.regenerating,20,200,10,0.0,10000.0,1.0,1.0,65.96399688720703,0.0,0.0
feature.Seral.regenerating,21,210,10,0.0,10000.0,1.0,1.0,54.14099884033203,0.0,0.0
feature.Seral.regenerating,22,220,10,0.0,10000.0,1.0,1.0,53.08399963378906,0.0,0.0
feature.Seral.regenerating,23,230,10,0.0,10000.0,1.0,1.0,56.762001037597656,0.0,0.0
feature.Seral.regenerating,24,240,10,0.0,10000.0,1.0,1.0,63.999000549316406,0.0,0.0
feature.Seral.regenerating,25,250,10,0.0,10000.0,1.0,1.0,95.84500122070312,0.0,0.0
feature.Seral.regenerating,26,260,10,0.0,10000.0,1.0,1.0,22.246999740600586,0.0,0.0
feature.Seral.regenerating,27,270,10,0.0,10000.0,1.0,1.0,16.204999923706055,0.0,0.0
feature.Seral.regenerating,28,280,10,0.0,10000.0,1.0,1.0,23.80699920654297,0.0,0.0
feature.Seral.regenerating,29,290,10,0.0,10000.0,1.0,1.0,51.10200119018555,0.0,0.0
feature.Seral.regenerating,30,300,10,0.0,10000.0,1.0,1.0,90.3219985961914,0.0,0.0
feature.Seral.young,0,0,10,0.0,10000.0,1.0,1.0,0.0,0.0,0.0
feature.Seral.young,1,10,10,0.0,10000.0,1.0,1.0,50.84199905395508,0.0,0.0
feature.Seral.young,2,20,10,0.0,10000.0,1.0,1.0,173.7429962158203,0.0,0.0
feature.Seral.young,3,30,10,0.0,10000.0,1.0,1.0,276.4519958496094,0.0,0.0
feature.Seral.young,4,40,10,0.0,10000.0,1.0,1.0,236.88999938964844,0.0,0.0
feature.Seral.young,5,50,10,0.0,10000.0,1.0,1.0,206.24600219726562,0.0,0.0
feature.Seral.young,6,60,10,0.0,10000.0,1.0,1.0,280.60400390625,0.0,0.0
feature.Seral.young,7,70,10,0.0,10000.0,1.0,1.0,204.31300354003906,0.0,0.0
feature.Seral.young,8,80,10,0.0,10000.0,1.0,1.0,224.53199768066406,0.0,0.0
feature.Seral.young,9,90,10,0.0,10000.0,1.0,1.0,249.97799682617188,0.0,0.0
feature.Seral.young,10,100,10,0.0,10000.0,1.0,1.0,150.29100036621094,0.0,0.0
feature.Seral.young,11,110,10,0.0,10000.0,1.0,1.0,259.5580139160156,0.0,0.0
feature.Seral.young,12,120,10,0.0,10000.0,1.0,1.0,251.0970001220703,0.0,0.0
feature.Seral.young,13,130,10,0.0,10000.0,1.0,1.0,193.49600219726562,0.0,0.0
feature.Seral.young,14,140,10,0.0,10000.0,1.0,1.0,255.16200256347656,0.0,0.0
feature.Seral.young,15,150,10,0.0,10000.0,1.0,1.0,224.03599548339844,0.0,0.0
feature.Seral.young,16,160,10,0.0,10000.0,1.0,1.0,264.54901123046875,0.0,0.0
feature.Seral.young,17,170,10,0.0,10000.0,1.0,1.0,268.3940124511719,0.0,0.0
feature.Seral.young,18,180,10,0.0,10000.0,1.0,1.0,168.40199279785156,0.0,0.0
feature.Seral.young,19,190,10,0.0,10000.0,1.0,1.0,238.3509979248047,0.0,0.0
feature.Seral.young,20,200,10,0.0,10000.0,1.0,1.0,297.14898681640625,0.0,0.0
feature.Seral.young,21,210,10,0.0,10000.0,1.0,1.0,252.58299255371094,0.0,0.0
feature.Seral.young,22,220,10,0.0,10000.0,1.0,1.0,237.90699768066406,0.0,0.0
feature.Seral.young,23,230,10,0.0,10000.0,1.0,1.0,214.5500030517578,0.0,0.0
feature.Seral.young,24,240,10,0.0,10000.0,1.0,1.0,216.72500610351562,0.0,0.0
feature.Seral.young,25,250,10,0.0,10000.0,1.0,1.0,231.6580047607422,0.0,0.0
feature.Seral.young,26,260,10,0.0,10000.0,1.0,1.0,364.26300048828125,0.0,0.0
feature.Seral.young,27,270,10,0.0,10000.0,1.0,1.0,366.24798583984375,0.0,0.0
feature.Seral.young,28,280,10,0.0,10000.0,1.0,1.0,217.41000366210938,0.0,0.0
feature.Seral.young,29,290,10,0.0,10000.0,1.0,1.0,174.69200134277344,0.0,0.0
feature.Seral.young,30,300,10,0.0,10000.0,1.0,1.0,163.87899780273438,0.0,0.0
feature.SpeciesProp.managed.BA,0,0,10,0.0,10000.0,1.0,1.0,4.079999923706055,0.0,0.0
feature.SpeciesProp.managed.BA,1,10,10,0.0,10000.0,1.0,1.0,3.003000020980835,0.0,0.0
feature.SpeciesProp.managed.BA,2,20,10,0.0,10000.0,1.0,1.0,0.3400000035762787,0.0,0.0
feature.SpeciesProp.managed.BA,3,30,10,0.0,10000.0,1.0,1.0,0.3400000035762787,0.0,0.0
feature.SpeciesProp.managed.BA,4,40,10,0.0,10000.0,1.0,1.0,0.3400000035762787,0.0,0.0
feature.SpeciesProp.managed.BA,5,50,10,0.0,10000.0,1.0,1.0,0.3400000035762787,0.0,0.0
feature.SpeciesProp.managed.BA,6,60,10,0.0,10000.0,1.0,1.0,0.3400000035762787,0.0,0.0
feature.SpeciesProp.managed.BA,7,70,10,0.0,10000.0,1.0,1.0,0.3400000035762787,0.0,0.0
feature.SpeciesProp.managed.BA,8,80,10,0.0,10000.0,1.0,1.0,0.0,0.0,0.0
feature.SpeciesProp.managed.BA,9,90,10,0.0,10000.0,1.0,1.0,0.0,0.0,0.0
feature.SpeciesProp.managed.BA,10,100,10,0.0,10000.0,1.0,1.0,0.0,0.0,0.0
feature.SpeciesProp.managed.BA,11,110,10,0.0,10000.0,1.0,1.0,0.0,0.0,0.0
feature.SpeciesProp.managed.BA,12,120,10,0.0,10000.0,1.0,1.0,0.0,0.0,0.0
feature.SpeciesProp.managed.BA,13,130,10,0.0,10000.0,1.0,1.0,0.0,0.0,0.0
feature.SpeciesProp.managed.BA,14,140,10,0.0,10000.0,1.0,1.0,0.0,0.0,0.0
feature.SpeciesProp.managed.BA,15,150,10,0.0,10000.0,1.0,1.0,0.0,0.0,0.0
feature.SpeciesProp.managed.BA,16,160,10,0.0,10000.0,1.0,1.0,0.0,0.0,0.0
feature.SpeciesProp.managed.BA,17,170,10,0.0,10000.0,1.0,1.0,0.0,0.0,0.0
feature.SpeciesProp.managed.BA,18,180,10,0.0,10000.0,1.0,1.0,0.0,0.0,0.0
feature.SpeciesProp.managed.BA,19,190,10,0.0,10000.0,1.0,1.0,0.0,0.0,0.0
feature.SpeciesProp.managed.BA,20,200,10,0.0,10000.0,1.0,1.0,0.0,0.0,0.0
feature.SpeciesProp.managed.BA,21,210,10,0.0,10000.0,1.0,1.0,0.0,0.0,0.0
feature.SpeciesProp.managed.BA,22,220,10,0.0,10000.0,1.0,1.0,0.0,0.0,0.0
feature.SpeciesProp.managed.BA,23,230,10,0.0,10000.0,1.0,1.0,0.0,0.0,0.0
feature.SpeciesProp.managed.BA,24,240,10,0.0,10000.0,1.0,1.0,0.0,0.0,0.0
feature.SpeciesProp.managed.BA,25,250,10,0.0,10000.0,1.0,1.0,0.0,0.0,0.0
feature.SpeciesProp.managed.BA,26,260,10,0.0,10000.0,1.0,1.0,0.0,0.0,0.0
feature.SpeciesProp.managed.BA,27,270,10,0.0,10000.0,1.0,1.0,0.0,0.0,0.0
feature.SpeciesProp.managed.BA,28,280,10,0.0,10000.0,1.0,1.0,0.0,0.0,0.0
feature.SpeciesProp.managed.BA,29,290,10,0.0,10000.0,1.0,1.0,0.0,0.0,0.0
feature.SpeciesProp.managed.BA,30,300,10,0.0,10000.0,1.0,1.0,0.0,0.0,0.0
feature.SpeciesProp.managed.CW,0,0,10,0.0,10000.0,1.0,1.0,284.95599365234375,0.0,0.0
feature.SpeciesProp.managed.CW,1,10,10,0.0,10000.0,1.0,1.0,299.95599365234375,0.0,0.0
feature.SpeciesProp.managed.CW,2,20,10,0.0,10000.0,1.0,1.0,309.0769958496094,0.0,0.0
feature.SpeciesProp.managed.CW,3,30,10,0.0,10000.0,1.0,1.0,306.29901123046875,0.0,0.0
feature.SpeciesProp.managed.CW,4,40,10,0.0,10000.0,1.0,1.0,307.42498779296875,0.0,0.0
feature.SpeciesProp.managed.CW,5,50,10,0.0,10000.0,1.0,1.0,311.94000244140625,0.0,0.0
feature.SpeciesProp.managed.CW,6,60,10,0.0,10000.0,1.0,1.0,311.93499755859375,0.0,0.0
feature.SpeciesProp.managed.CW,7,70,10,0.0,10000.0,1.0,1.0,311.3089904785156,0.0,0.0
feature.SpeciesProp.managed.CW,8,80,10,0.0,10000.0,1.0,1.0,309.5570068359375,0.0,0.0
feature.SpeciesProp.managed.CW,9,90,10,0.0,10000.0,1.0,1.0,310.42401123046875,0.0,0.0
feature.SpeciesProp.managed.CW,10,100,10,0.0,10000.0,1.0,1.0,307.78900146484375,0.0,0.0
feature.SpeciesProp.managed.CW,11,110,10,0.0,10000.0,1.0,1.0,308.7149963378906,0.0,0.0
feature.SpeciesProp.managed.CW,12,120,10,0.0,10000.0,1.0,1.0,307.3240051269531,0.0,0.0
feature.SpeciesProp.managed.CW,13,130,10,0.0,10000.0,1.0,1.0,307.3240051269531,0.0,0.0
feature.SpeciesProp.managed.CW,14,140,10,0.0,10000.0,1.0,1.0,307.3240051269531,0.0,0.0
feature.SpeciesProp.managed.CW,15,150,10,0.0,10000.0,1.0,1.0,305.2409973144531,0.0,0.0
feature.SpeciesProp.managed.CW,16,160,10,0.0,10000.0,1.0,1.0,305.2409973144531,0.0,0.0
feature.SpeciesProp.managed.CW,17,170,10,0.0,10000.0,1.0,1.0,304.1579895019531,0.0,0.0
feature.SpeciesProp.managed.CW,18,180,10,0.0,10000.0,1.0,1.0,305.0589904785156,0.0,0.0
feature.SpeciesProp.managed.CW,19,190,10,0.0,10000.0,1.0,1.0,305.0589904785156,0.0,0.0
feature.SpeciesProp.managed.CW,20,200,10,0.0,10000.0,1.0,1.0,305.7749938964844,0.0,0.0
feature.SpeciesProp.managed.CW,21,210,10,0.0,10000.0,1.0,1.0,305.9670104980469,0.0,0.0
feature.SpeciesProp.managed.CW,22,220,10,0.0,10000.0,1.0,1.0,305.9670104980469,0.0,0.0
feature.SpeciesProp.managed.CW,23,230,10,0.0,10000.0,1.0,1.0,305.9670104980469,0.0,0.0
feature.SpeciesProp.managed.CW,24,240,10,0.0,10000.0,1.0,1.0,310.62200927734375,0.0,0.0
feature.SpeciesProp.managed.CW,25,250,10,0.0,10000.0,1.0,1.0,310.62200927734375,0.0,0.0
feature.SpeciesProp.managed.CW,26,260,10,0.0,10000.0,1.0,1.0,311.7590026855469,0.0,0.0
feature.SpeciesProp.managed.CW,27,270,10,0.0,10000.0,1.0,1.0,311.7590026855469,0.0,0.0
feature.SpeciesProp.managed.CW,28,280,10,0.0,10000.0,1.0,1.0,309.31298828125,0.0,0.0
feature.SpeciesProp.managed.CW,29,290,10,0.0,10000.0,1.0,1.0,309.31298828125,0.0,0.0
feature.SpeciesProp.managed.CW,30,300,10,0.0,10000.0,1.0,1.0,309.31298828125,0.0,0.0
feature.SpeciesProp.managed.FDC,0,0,10,0.0,10000.0,1.0,1.0,414.8869934082031,0.0,0.0
feature.SpeciesProp.managed.FDC,1,10,10,0.0,10000.0,1.0,1.0,410.125,0.0,0.0
feature.SpeciesProp.managed.FDC,2,20,10,0.0,10000.0,1.0,1.0,409.8699951171875,0.0,0.0
feature.SpeciesProp.managed.FDC,3,30,10,0.0,10000.0,1.0,1.0,414.22100830078125,0.0,0.0
feature.SpeciesProp.managed.FDC,4,40,10,0.0,10000.0,1.0,1.0,415.9939880371094,0.0,0.0
feature.SpeciesProp.managed.FDC,5,50,10,0.0,10000.0,1.0,1.0,413.69000244140625,0.0,0.0
feature.SpeciesProp.managed.FDC,6,60,10,0.0,10000.0,1.0,1.0,413.6919860839844,0.0,0.0
feature.SpeciesProp.managed.FDC,7,70,10,0.0,10000.0,1.0,1.0,414.5409851074219,0.0,0.0
feature.SpeciesProp.managed.FDC,8,80,10,0.0,10000.0,1.0,1.0,418.1619873046875,0.0,0.0
feature.SpeciesProp.managed.FDC,9,90,10,0.0,10000.0,1.0,1.0,418.5469970703125,0.0,0.0
feature.SpeciesProp.managed.FDC,10,100,10,0.0,10000.0,1.0,1.0,419.56500244140625,0.0,0.0
feature.SpeciesProp.managed.FDC,11,110,10,0.0,10000.0,1.0,1.0,419.1809997558594,0.0,0.0
feature.SpeciesProp.managed.FDC,12,120,10,0.0,10000.0,1.0,1.0,420.0899963378906,0.0,0.0
feature.SpeciesProp.managed.FDC,13,130,10,0.0,10000.0,1.0,1.0,420.0899963378906,0.0,0.0
feature.SpeciesProp.managed.FDC,14,140,10,0.0,10000.0,1.0,1.0,420.0899963378906,0.0,0.0
feature.SpeciesProp.managed.FDC,15,150,10,0.0,10000.0,1.0,1.0,421.677001953125,0.0,0.0
feature.SpeciesProp.managed.FDC,16,160,10,0.0,10000.0,1.0,1.0,421.677001953125,0.0,0.0
feature.SpeciesProp.managed.FDC,17,170,10,0.0,10000.0,1.0,1.0,422.24700927734375,0.0,0.0
feature.SpeciesProp.managed.FDC,18,180,10,0.0,10000.0,1.0,1.0,423.75201416015625,0.0,0.0
feature.SpeciesProp.managed.FDC,19,190,10,0.0,10000.0,1.0,1.0,423.75201416015625,0.0,0.0
feature.SpeciesProp.managed.FDC,20,200,10,0.0,10000.0,1.0,1.0,423.3940124511719,0.0,0.0
feature.SpeciesProp.managed.FDC,21,210,10,0.0,10000.0,1.0,1.0,423.66900634765625,0.0,0.0
feature.SpeciesProp.managed.FDC,22,220,10,0.0,10000.0,1.0,1.0,423.66900634765625,0.0,0.0
feature.SpeciesProp.managed.FDC,23,230,10,0.0,10000.0,1.0,1.0,423.66900634765625,0.0,0.0
feature.SpeciesProp.managed.FDC,24,240,10,0.0,10000.0,1.0,1.0,426.7030029296875,0.0,0.0
feature.SpeciesProp.managed.FDC,25,250,10,0.0,10000.0,1.0,1.0,426.7030029296875,0.0,0.0
feature.SpeciesProp.managed.FDC,26,260,10,0.0,10000.0,1.0,1.0,426.1340026855469,0.0,0.0
feature.SpeciesProp.managed.FDC,27,270,10,0.0,10000.0,1.0,1.0,426.1340026855469,0.0,0.0
feature.SpeciesProp.managed.FDC,28,280,10,0.0,10000.0,1.0,1.0,426.1340026855469,0.0,0.0
feature.SpeciesProp.managed.FDC,29,290,10,0.0,10000.0,1.0,1.0,426.1340026855469,0.0,0.0
feature.SpeciesProp.managed.FDC,30,300,10,0.0,10000.0,1.0,1.0,426.1340026855469,0.0,0.0
feature.SpeciesProp.managed.HW,0,0,10,0.0,10000.0,1.0,1.0,884.8159790039062,0.0,0.0
feature.SpeciesProp.managed.HW,1,10,10,0.0,10000.0,1.0,1.0,875.6589965820312,0.0,0.0
feature.SpeciesProp.managed.HW,2,20,10,0.0,10000.0,1.0,1.0,868.7109985351562,0.0,0.0
feature.SpeciesProp.managed.HW,3,30,10,0.0,10000.0,1.0,1.0,867.1370239257812,0.0,0.0
feature.SpeciesProp.managed.HW,4,40,10,0.0,10000.0,1.0,1.0,864.2379760742188,0.0,0.0
feature.SpeciesProp.managed.HW,5,50,10,0.0,10000.0,1.0,1.0,862.0269775390625,0.0,0.0
feature.SpeciesProp.managed.HW,6,60,10,0.0,10000.0,1.0,1.0,862.0289916992188,0.0,0.0
feature.SpeciesProp.managed.HW,7,70,10,0.0,10000.0,1.0,1.0,862.4669799804688,0.0,0.0
feature.SpeciesProp.managed.HW,8,80,10,0.0,10000.0,1.0,1.0,861.5269775390625,0.0,0.0
feature.SpeciesProp.managed.HW,9,90,10,0.0,10000.0,1.0,1.0,860.2750244140625,0.0,0.0
feature.SpeciesProp.managed.HW,10,100,10,0.0,10000.0,1.0,1.0,861.8920288085938,0.0,0.0
feature.SpeciesProp.managed.HW,11,110,10,0.0,10000.0,1.0,1.0,861.3489990234375,0.0,0.0
feature.SpeciesProp.managed.HW,12,120,10,0.0,10000.0,1.0,1.0,861.8309936523438,0.0,0.0
feature.SpeciesProp.managed.HW,13,130,10,0.0,10000.0,1.0,1.0,861.8309936523438,0.0,0.0
feature.SpeciesProp.managed.HW,14,140,10,0.0,10000.0,1.0,1.0,861.8309936523438,0.0,0.0
feature.SpeciesProp.managed.HW,15,150,10,0.0,10000.0,1.0,1.0,862.3280029296875,0.0,0.0
feature.SpeciesProp.managed.HW,16,160,10,0.0,10000.0,1.0,1.0,862.3280029296875,0.0,0.0
feature.SpeciesProp.managed.HW,17,170,10,0.0,10000.0,1.0,1.0,862.8400268554688,0.0,0.0
feature.SpeciesProp.managed.HW,18,180,10,0.0,10000.0,1.0,1.0,860.4340209960938,0.0,0.0
feature.SpeciesProp.managed.HW,19,190,10,0.0,10000.0,1.0,1.0,860.4340209960938,0.0,0.0
feature.SpeciesProp.managed.HW,20,200,10,0.0,10000.0,1.0,1.0,860.0759887695312,0.0,0.0
feature.SpeciesProp.managed.HW,21,210,10,0.0,10000.0,1.0,1.0,859.6079711914062,0.0,0.0
feature.SpeciesProp.managed.HW,22,220,10,0.0,10000.0,1.0,1.0,859.6079711914062,0.0,0.0
feature.SpeciesProp.managed.HW,23,230,10,0.0,10000.0,1.0,1.0,859.6079711914062,0.0,0.0
feature.SpeciesProp.managed.HW,24,240,10,0.0,10000.0,1.0,1.0,856.8350219726562,0.0,0.0
feature.SpeciesProp.managed.HW,25,250,10,0.0,10000.0,1.0,1.0,856.8350219726562,0.0,0.0
feature.SpeciesProp.managed.HW,26,260,10,0.0,10000.0,1.0,1.0,856.2670288085938,0.0,0.0
feature.SpeciesProp.managed.HW,27,270,10,0.0,10000.0,1.0,1.0,856.2670288085938,0.0,0.0
feature.SpeciesProp.managed.HW,28,280,10,0.0,10000.0,1.0,1.0,855.8079833984375,0.0,0.0
feature.SpeciesProp.managed.HW,29,290,10,0.0,10000.0,1.0,1.0,855.8079833984375,0.0,0.0
feature.SpeciesProp.managed.HW,30,300,10,0.0,10000.0,1.0,1.0,855.8079833984375,0.0,0.0
feature.SpeciesProp.managed.PLC,0,0,10,0.0,10000.0,1.0,1.0,10.102999687194824,0.0,0.0
feature.SpeciesProp.managed.PLC,1,10,10,0.0,10000.0,1.0,1.0,10.102999687194824,0.0,0.0
feature.SpeciesProp.managed.PLC,2,20,10,0.0,10000.0,1.0,1.0,13.001999855041504,0.0,0.0
feature.SpeciesProp.managed.PLC,3,30,10,0.0,10000.0,1.0,1.0,13.001999855041504,0.0,0.0
feature.SpeciesProp.managed.PLC,4,40,10,0.0,10000.0,1.0,1.0,13.001999855041504,0.0,0.0
feature.SpeciesProp.managed.PLC,5,50,10,0.0,10000.0,1.0,1.0,13.001999855041504,0.0,0.0
feature.SpeciesProp.managed.PLC,6,60,10,0.0,10000.0,1.0,1.0,13.001999855041504,0.0,0.0
feature.SpeciesProp.managed.PLC,7,70,10,0.0,10000.0,1.0,1.0,13.001999855041504,0.0,0.0
feature.SpeciesProp.managed.PLC,8,80,10,0.0,10000.0,1.0,1.0,13.001999855041504,0.0,0.0
feature.SpeciesProp.managed.PLC,9,90,10,0.0,10000.0,1.0,1.0,13.001999855041504,0.0,0.0
feature.SpeciesProp.managed.PLC,10,100,10,0.0,10000.0,1.0,1.0,13.001999855041504,0.0,0.0
feature.SpeciesProp.managed.PLC,11,110,10,0.0,10000.0,1.0,1.0,13.001999855041504,0.0,0.0
feature.SpeciesProp.managed.PLC,12,120,10,0.0,10000.0,1.0,1.0,13.001999855041504,0.0,0.0
feature.SpeciesProp.managed.PLC,13,130,10,0.0,10000.0,1.0,1.0,13.001999855041504,0.0,0.0
feature.SpeciesProp.managed.PLC,14,140,10,0.0,10000.0,1.0,1.0,13.001999855041504,0.0,0.0
feature.SpeciesProp.managed.PLC,15,150,10,0.0,10000.0,1.0,1.0,13.001999855041504,0.0,0.0
feature.SpeciesProp.managed.PLC,16,160,10,0.0,10000.0,1.0,1.0,13.001999855041504,0.0,0.0
feature.SpeciesProp.managed.PLC,17,170,10,0.0,10000.0,1.0,1.0,13.001999855041504,0.0,0.0
feature.SpeciesProp.managed.PLC,18,180,10,0.0,10000.0,1.0,1.0,13.001999855041504,0.0,0.0
feature.SpeciesProp.managed.PLC,19,190,10,0.0,10000.0,1.0,1.0,13.001999855041504,0.0,0.0
feature.SpeciesProp.managed.PLC,20,200,10,0.0,10000.0,1.0,1.0,13.001999855041504,0.0,0.0
feature.SpeciesProp.managed.PLC,21,210,10,0.0,10000.0,1.0,1.0,13.001999855041504,0.0,0.0
feature.SpeciesProp.managed.PLC,22,220,10,0.0,10000.0,1.0,1.0,13.001999855041504,0.0,0.0
feature.SpeciesProp.managed.PLC,23,230,10,0.0,10000.0,1.0,1.0,13.001999855041504,0.0,0.0
feature.SpeciesProp.managed.PLC,24,240,10,0.0,10000.0,1.0,1.0,13.001999855041504,0.0,0.0
feature.SpeciesProp.managed.PLC,25,250,10,0.0,10000.0,1.0,1.0,13.001999855041504,0.0,0.0
feature.SpeciesProp.managed.PLC,26,260,10,0.0,10000.0,1.0,1.0,13.001999855041504,0.0,0.0
feature.SpeciesProp.managed.PLC,27,270,10,0.0,10000.0,1.0,1.0,13.001999855041504,0.0,0.0
feature.SpeciesProp.managed.PLC,28,280,10,0.0,10000.0,1.0,1.0,18.506000518798828,0.0,0.0
feature.SpeciesProp.managed.PLC,29,290,10,0.0,10000.0,1.0,1.0,18.506000518798828,0.0,0.0
feature.SpeciesProp.managed.PLC,30,300,10,0.0,10000.0,1.0,1.0,18.506000518798828,0.0,0.0
feature.SpeciesProp.managed.SS,0,0,10,0.0,10000.0,1.0,1.0,4.486000061035156,0.0,0.0
feature.SpeciesProp.managed.SS,1,10,10,0.0,10000.0,1.0,1.0,4.486000061035156,0.0,0.0
feature.SpeciesProp.managed.SS,2,20,10,0.0,10000.0,1.0,1.0,4.486000061035156,0.0,0.0
feature.SpeciesProp.managed.SS,3,30,10,0.0,10000.0,1.0,1.0,4.486000061035156,0.0,0.0
feature.SpeciesProp.managed.SS,4,40,10,0.0,10000.0,1.0,1.0,4.486000061035156,0.0,0.0
feature.SpeciesProp.managed.SS,5,50,10,0.0,10000.0,1.0,1.0,4.486000061035156,0.0,0.0
feature.SpeciesProp.managed.SS,6,60,10,0.0,10000.0,1.0,1.0,4.486000061035156,0.0,0.0
feature.SpeciesProp.managed.SS,7,70,10,0.0,10000.0,1.0,1.0,4.486000061035156,0.0,0.0
feature.SpeciesProp.managed.SS,8,80,10,0.0,10000.0,1.0,1.0,4.486000061035156,0.0,0.0
feature.SpeciesProp.managed.SS,9,90,10,0.0,10000.0,1.0,1.0,4.486000061035156,0.0,0.0
feature.SpeciesProp.managed.SS,10,100,10,0.0,10000.0,1.0,1.0,4.486000061035156,0.0,0.0
feature.SpeciesProp.managed.SS,11,110,10,0.0,10000.0,1.0,1.0,4.486000061035156,0.0,0.0
feature.SpeciesProp.managed.SS,12,120,10,0.0,10000.0,1.0,1.0,4.486000061035156,0.0,0.0
feature.SpeciesProp.managed.SS,13,130,10,0.0,10000.0,1.0,1.0,4.486000061035156,0.0,0.0
feature.SpeciesProp.managed.SS,14,140,10,0.0,10000.0,1.0,1.0,4.486000061035156,0.0,0.0
feature.SpeciesProp.managed.SS,15,150,10,0.0,10000.0,1.0,1.0,4.486000061035156,0.0,0.0
feature.SpeciesProp.managed.SS,16,160,10,0.0,10000.0,1.0,1.0,4.486000061035156,0.0,0.0
feature.SpeciesProp.managed.SS,17,170,10,0.0,10000.0,1.0,1.0,4.486000061035156,0.0,0.0
feature.SpeciesProp.managed.SS,18,180,10,0.0,10000.0,1.0,1.0,4.486000061035156,0.0,0.0
feature.SpeciesProp.managed.SS,19,190,10,0.0,10000.0,1.0,1.0,4.486000061035156,0.0,0.0
feature.SpeciesProp.managed.SS,20,200,10,0.0,10000.0,1.0,1.0,4.486000061035156,0.0,0.0
feature.SpeciesProp.managed.SS,21,210,10,0.0,10000.0,1.0,1.0,4.486000061035156,0.0,0.0
feature.SpeciesProp.managed.SS,22,220,10,0.0,10000.0,1.0,1.0,4.486000061035156,0.0,0.0
feature.SpeciesProp.managed.SS,23,230,10,0.0,10000.0,1.0,1.0,4.486000061035156,0.0,0.0
feature.SpeciesProp.managed.SS,24,240,10,0.0,10000.0,1.0,1.0,0.0,0.0,0.0
feature.SpeciesProp.managed.SS,25,250,10,0.0,10000.0,1.0,1.0,0.0,0.0,0.0
feature.SpeciesProp.managed.SS,26,260,10,0.0,10000.0,1.0,1.0,0.0,0.0,0.0
feature.SpeciesProp.managed.SS,27,270,10,0.0,10000.0,1.0,1.0,0.0,0.0,0.0
feature.SpeciesProp.managed.SS,28,280,10,0.0,10000.0,1.0,1.0,0.0,0.0,0.0
feature.SpeciesProp.managed.SS,29,290,10,0.0,10000.0,1.0,1.0,0.0,0.0,0.0
feature.SpeciesProp.managed.SS,30,300,10,0.0,10000.0,1.0,1.0,0.0,0.0,0.0
feature.SpeciesProp.managed.YC,0,0,10,0.0,10000.0,1.0,1.0,13.682999610900879,0.0,0.0
feature.SpeciesProp.managed.YC,1,10,10,0.0,10000.0,1.0,1.0,13.682999610900879,0.0,0.0
feature.SpeciesProp.managed.YC,2,20,10,0.0,10000.0,1.0,1.0,11.527000427246094,0.0,0.0
feature.SpeciesProp.managed.YC,3,30,10,0.0,10000.0,1.0,1.0,11.527000427246094,0.0,0.0
feature.SpeciesProp.managed.YC,4,40,10,0.0,10000.0,1.0,1.0,11.527000427246094,0.0,0.0
feature.SpeciesProp.managed.YC,5,50,10,0.0,10000.0,1.0,1.0,11.527000427246094,0.0,0.0
feature.SpeciesProp.managed.YC,6,60,10,0.0,10000.0,1.0,1.0,11.527000427246094,0.0,0.0
feature.SpeciesProp.managed.YC,7,70,10,0.0,10000.0,1.0,1.0,10.866000175476074,0.0,0.0
feature.SpeciesProp.managed.YC,8,80,10,0.0,10000.0,1.0,1.0,10.279000282287598,0.0,0.0
feature.SpeciesProp.managed.YC,9,90,10,0.0,10000.0,1.0,1.0,10.279000282287598,0.0,0.0
feature.SpeciesProp.managed.YC,10,100,10,0.0,10000.0,1.0,1.0,10.279000282287598,0.0,0.0
feature.SpeciesProp.managed.YC,11,110,10,0.0,10000.0,1.0,1.0,10.279000282287598,0.0,0.0
feature.SpeciesProp.managed.YC,12,120,10,0.0,10000.0,1.0,1.0,10.279000282287598,0.0,0.0
feature.SpeciesProp.managed.YC,13,130,10,0.0,10000.0,1.0,1.0,10.279000282287598,0.0,0.0
feature.SpeciesProp.managed.YC,14,140,10,0.0,10000.0,1.0,1.0,10.279000282287598,0.0,0.0
feature.SpeciesProp.managed.YC,15,150,10,0.0,10000.0,1.0,1.0,10.279000282287598,0.0,0.0
feature.SpeciesProp.managed.YC,16,160,10,0.0,10000.0,1.0,1.0,10.279000282287598,0.0,0.0
feature.SpeciesProp.managed.YC,17,170,10,0.0,10000.0,1.0,1.0,10.279000282287598,0.0,0.0
feature.SpeciesProp.managed.YC,18,180,10,0.0,10000.0,1.0,1.0,10.279000282287598,0.0,0.0
feature.SpeciesProp.managed.YC,19,190,10,0.0,10000.0,1.0,1.0,10.279000282287598,0.0,0.0
feature.SpeciesProp.managed.YC,20,200,10,0.0,10000.0,1.0,1.0,10.279000282287598,0.0,0.0
feature.SpeciesProp.managed.YC,21,210,10,0.0,10000.0,1.0,1.0,10.279000282287598,0.0,0.0
feature.SpeciesProp.managed.YC,22,220,10,0.0,10000.0,1.0,1.0,10.279000282287598,0.0,0.0
feature.SpeciesProp.managed.YC,23,230,10,0.0,10000.0,1.0,1.0,10.279000282287598,0.0,0.0
feature.SpeciesProp.managed.YC,24,240,10,0.0,10000.0,1.0,1.0,9.848999977111816,0.0,0.0
feature.SpeciesProp.managed.YC,25,250,10,0.0,10000.0,1.0,1.0,9.848999977111816,0.0,0.0
feature.SpeciesProp.managed.YC,26,260,10,0.0,10000.0,1.0,1.0,9.848999977111816,0.0,0.0
feature.SpeciesProp.managed.YC,27,270,10,0.0,10000.0,1.0,1.0,9.848999977111816,0.0,0.0
feature.SpeciesProp.managed.YC,28,280,10,0.0,10000.0,1.0,1.0,7.25,0.0,0.0
feature.SpeciesProp.managed.YC,29,290,10,0.0,10000.0,1.0,1.0,7.25,0.0,0.0
feature.SpeciesProp.managed.YC,30,300,10,0.0,10000.0,1.0,1.0,7.25,0.0,0.0
feature.SpeciesProp.unmanaged.BA,0,0,10,0.0,10000.0,1.0,1.0,0.16699999570846558,0.0,0.0
feature.SpeciesProp.unmanaged.BA,1,10,10,0.0,10000.0,1.0,1.0,0.16699999570846558,0.0,0.0
feature.SpeciesProp.unmanaged.BA,2,20,10,0.0,10000.0,1.0,1.0,0.16699999570846558,0.0,0.0
feature.SpeciesProp.unmanaged.BA,3,30,10,0.0,10000.0,1.0,1.0,0.16699999570846558,0.0,0.0
feature.SpeciesProp.unmanaged.BA,4,40,10,0.0,10000.0,1.0,1.0,0.16699999570846558,0.0,0.0
feature.SpeciesProp.unmanaged.BA,5,50,10,0.0,10000.0,1.0,1.0,0.16699999570846558,0.0,0.0
feature.SpeciesProp.unmanaged.BA,6,60,10,0.0,10000.0,1.0,1.0,0.16699999570846558,0.0,0.0
feature.SpeciesProp.unmanaged.BA,7,70,10,0.0,10000.0,1.0,1.0,0.16699999570846558,0.0,0.0
feature.SpeciesProp.unmanaged.BA,8,80,10,0.0,10000.0,1.0,1.0,0.16699999570846558,0.0,0.0
feature.SpeciesProp.unmanaged.BA,9,90,10,0.0,10000.0,1.0,1.0,0.16699999570846558,0.0,0.0
feature.SpeciesProp.unmanaged.BA,10,100,10,0.0,10000.0,1.0,1.0,0.16699999570846558,0.0,0.0
feature.SpeciesProp.unmanaged.BA,11,110,10,0.0,10000.0,1.0,1.0,0.16699999570846558,0.0,0.0
feature.SpeciesProp.unmanaged.BA,12,120,10,0.0,10000.0,1.0,1.0,0.16699999570846558,0.0,0.0
feature.SpeciesProp.unmanaged.BA,13,130,10,0.0,10000.0,1.0,1.0,0.16699999570846558,0.0,0.0
feature.SpeciesProp.unmanaged.BA,14,140,10,0.0,10000.0,1.0,1.0,0.16699999570846558,0.0,0.0
feature.SpeciesProp.unmanaged.BA,15,150,10,0.0,10000.0,1.0,1.0,0.16699999570846558,0.0,0.0
feature.SpeciesProp.unmanaged.BA,16,160,10,0.0,10000.0,1.0,1.0,0.16699999570846558,0.0,0.0
feature.SpeciesProp.unmanaged.BA,17,170,10,0.0,10000.0,1.0,1.0,0.16699999570846558,0.0,0.0
feature.SpeciesProp.unmanaged.BA,18,180,10,0.0,10000.0,1.0,1.0,0.16699999570846558,0.0,0.0
feature.SpeciesProp.unmanaged.BA,19,190,10,0.0,10000.0,1.0,1.0,0.16699999570846558,0.0,0.0
feature.SpeciesProp.unmanaged.BA,20,200,10,0.0,10000.0,1.0,1.0,0.16699999570846558,0.0,0.0
feature.SpeciesProp.unmanaged.BA,21,210,10,0.0,10000.0,1.0,1.0,0.16699999570846558,0.0,0.0
feature.SpeciesProp.unmanaged.BA,22,220,10,0.0,10000.0,1.0,1.0,0.16699999570846558,0.0,0.0
feature.SpeciesProp.unmanaged.BA,23,230,10,0.0,10000.0,1.0,1.0,0.16699999570846558,0.0,0.0
feature.SpeciesProp.unmanaged.BA,24,240,10,0.0,10000.0,1.0,1.0,0.16699999570846558,0.0,0.0
feature.SpeciesProp.unmanaged.BA,25,250,10,0.0,10000.0,1.0,1.0,0.16699999570846558,0.0,0.0
feature.SpeciesProp.unmanaged.BA,26,260,10,0.0,10000.0,1.0,1.0,0.16699999570846558,0.0,0.0
feature.SpeciesProp.unmanaged.BA,27,270,10,0.0,10000.0,1.0,1.0,0.16699999570846558,0.0,0.0
feature.SpeciesProp.unmanaged.BA,28,280,10,0.0,10000.0,1.0,1.0,0.16699999570846558,0.0,0.0
feature.SpeciesProp.unmanaged.BA,29,290,10,0.0,10000.0,1.0,1.0,0.16699999570846558,0.0,0.0
feature.SpeciesProp.unmanaged.BA,30,300,10,0.0,10000.0,1.0,1.0,0.16699999570846558,0.0,0.0
feature.SpeciesProp.unmanaged.CW,0,0,10,0.0,10000.0,1.0,1.0,31.635000228881836,0.0,0.0
feature.SpeciesProp.unmanaged.CW,1,10,10,0.0,10000.0,1.0,1.0,31.635000228881836,0.0,0.0
feature.SpeciesProp.unmanaged.CW,2,20,10,0.0,10000.0,1.0,1.0,31.635000228881836,0.0,0.0
feature.SpeciesProp.unmanaged.CW,3,30,10,0.0,10000.0,1.0,1.0,31.635000228881836,0.0,0.0
feature.SpeciesProp.unmanaged.CW,4,40,10,0.0,10000.0,1.0,1.0,31.635000228881836,0.0,0.0
feature.SpeciesProp.unmanaged.CW,5,50,10,0.0,10000.0,1.0,1.0,31.635000228881836,0.0,0.0
feature.SpeciesProp.unmanaged.CW,6,60,10,0.0,10000.0,1.0,1.0,31.635000228881836,0.0,0.0
feature.SpeciesProp.unmanaged.CW,7,70,10,0.0,10000.0,1.0,1.0,31.635000228881836,0.0,0.0
feature.SpeciesProp.unmanaged.CW,8,80,10,0.0,10000.0,1.0,1.0,31.635000228881836,0.0,0.0
feature.SpeciesProp.unmanaged.CW,9,90,10,0.0,10000.0,1.0,1.0,31.635000228881836,0.0,0.0
feature.SpeciesProp.unmanaged.CW,10,100,10,0.0,10000.0,1.0,1.0,31.635000228881836,0.0,0.0
feature.SpeciesProp.unmanaged.CW,11,110,10,0.0,10000.0,1.0,1.0,31.635000228881836,0.0,0.0
feature.SpeciesProp.unmanaged.CW,12,120,10,0.0,10000.0,1.0,1.0,31.635000228881836,0.0,0.0
feature.SpeciesProp.unmanaged.CW,13,130,10,0.0,10000.0,1.0,1.0,31.635000228881836,0.0,0.0
feature.SpeciesProp.unmanaged.CW,14,140,10,0.0,10000.0,1.0,1.0,31.635000228881836,0.0,0.0
feature.SpeciesProp.unmanaged.CW,15,150,10,0.0,10000.0,1.0,1.0,31.635000228881836,0.0,0.0
feature.SpeciesProp.unmanaged.CW,16,160,10,0.0,10000.0,1.0,1.0,31.635000228881836,0.0,0.0
feature.SpeciesProp.unmanaged.CW,17,170,10,0.0,10000.0,1.0,1.0,31.635000228881836,0.0,0.0
feature.SpeciesProp.unmanaged.CW,18,180,10,0.0,10000.0,1.0,1.0,31.635000228881836,0.0,0.0
feature.SpeciesProp.unmanaged.CW,19,190,10,0.0,10000.0,1.0,1.0,31.635000228881836,0.0,0.0
feature.SpeciesProp.unmanaged.CW,20,200,10,0.0,10000.0,1.0,1.0,31.635000228881836,0.0,0.0
feature.SpeciesProp.unmanaged.CW,21,210,10,0.0,10000.0,1.0,1.0,31.635000228881836,0.0,0.0
feature.SpeciesProp.unmanaged.CW,22,220,10,0.0,10000.0,1.0,1.0,31.635000228881836,0.0,0.0
feature.SpeciesProp.unmanaged.CW,23,230,10,0.0,10000.0,1.0,1.0,31.635000228881836,0.0,0.0
feature.SpeciesProp.unmanaged.CW,24,240,10,0.0,10000.0,1.0,1.0,31.635000228881836,0.0,0.0
feature.SpeciesProp.unmanaged.CW,25,250,10,0.0,10000.0,1.0,1.0,31.635000228881836,0.0,0.0
feature.SpeciesProp.unmanaged.CW,26,260,10,0.0,10000.0,1.0,1.0,31.635000228881836,0.0,0.0
feature.SpeciesProp.unmanaged.CW,27,270,10,0.0,10000.0,1.0,1.0,31.635000228881836,0.0,0.0
feature.SpeciesProp.unmanaged.CW,28,280,10,0.0,10000.0,1.0,1.0,31.635000228881836,0.0,0.0
feature.SpeciesProp.unmanaged.CW,29,290,10,0.0,10000.0,1.0,1.0,31.635000228881836,0.0,0.0
feature.SpeciesProp.unmanaged.CW,30,300,10,0.0,10000.0,1.0,1.0,31.635000228881836,0.0,0.0
feature.SpeciesProp.unmanaged.FDC,0,0,10,0.0,10000.0,1.0,1.0,40.73500061035156,0.0,0.0
feature.SpeciesProp.unmanaged.FDC,1,10,10,0.0,10000.0,1.0,1.0,40.73500061035156,0.0,0.0
feature.SpeciesProp.unmanaged.FDC,2,20,10,0.0,10000.0,1.0,1.0,40.73500061035156,0.0,0.0
feature.SpeciesProp.unmanaged.FDC,3,30,10,0.0,10000.0,1.0,1.0,40.73500061035156,0.0,0.0
feature.SpeciesProp.unmanaged.FDC,4,40,10,0.0,10000.0,1.0,1.0,40.73500061035156,0.0,0.0
feature.SpeciesProp.unmanaged.FDC,5,50,10,0.0,10000.0,1.0,1.0,40.73500061035156,0.0,0.0
feature.SpeciesProp.unmanaged.FDC,6,60,10,0.0,10000.0,1.0,1.0,40.73500061035156,0.0,0.0
feature.SpeciesProp.unmanaged.FDC,7,70,10,0.0,10000.0,1.0,1.0,40.73500061035156,0.0,0.0
feature.SpeciesProp.unmanaged.FDC,8,80,10,0.0,10000.0,1.0,1.0,40.73500061035156,0.0,0.0
feature.SpeciesProp.unmanaged.FDC,9,90,10,0.0,10000.0,1.0,1.0,40.73500061035156,0.0,0.0
feature.SpeciesProp.unmanaged.FDC,10,100,10,0.0,10000.0,1.0,1.0,40.73500061035156,0.0,0.0
feature.SpeciesProp.unmanaged.FDC,11,110,10,0.0,10000.0,1.0,1.0,40.73500061035156,0.0,0.0
feature.SpeciesProp.unmanaged.FDC,12,120,10,0.0,10000.0,1.0,1.0,40.73500061035156,0.0,0.0
feature.SpeciesProp.unmanaged.FDC,13,130,10,0.0,10000.0,1.0,1.0,40.73500061035156,0.0,0.0
feature.SpeciesProp.unmanaged.FDC,14,140,10,0.0,10000.0,1.0,1.0,40.73500061035156,0.0,0.0
feature.SpeciesProp.unmanaged.FDC,15,150,10,0.0,10000.0,1.0,1.0,40.73500061035156,0.0,0.0
feature.SpeciesProp.unmanaged.FDC,16,160,10,0.0,10000.0,1.0,1.0,40.73500061035156,0.0,0.0
feature.SpeciesProp.unmanaged.FDC,17,170,10,0.0,10000.0,1.0,1.0,40.73500061035156,0.0,0.0
feature.SpeciesProp.unmanaged.FDC,18,180,10,0.0,10000.0,1.0,1.0,40.73500061035156,0.0,0.0
feature.SpeciesProp.unmanaged.FDC,19,190,10,0.0,10000.0,1.0,1.0,40.73500061035156,0.0,0.0
feature.SpeciesProp.unmanaged.FDC,20,200,10,0.0,10000.0,1.0,1.0,40.73500061035156,0.0,0.0
feature.SpeciesProp.unmanaged.FDC,21,210,10,0.0,10000.0,1.0,1.0,40.73500061035156,0.0,0.0
feature.SpeciesProp.unmanaged.FDC,22,220,10,0.0,10000.0,1.0,1.0,40.73500061035156,0.0,0.0
feature.SpeciesProp.unmanaged.FDC,23,230,10,0.0,10000.0,1.0,1.0,40.73500061035156,0.0,0.0
feature.SpeciesProp.unmanaged.FDC,24,240,10,0.0,10000.0,1.0,1.0,40.73500061035156,0.0,0.0
feature.SpeciesProp.unmanaged.FDC,25,250,10,0.0,10000.0,1.0,1.0,40.73500061035156,0.0,0.0
feature.SpeciesProp.unmanaged.FDC,26,260,10,0.0,10000.0,1.0,1.0,40.73500061035156,0.0,0.0
feature.SpeciesProp.unmanaged.FDC,27,270,10,0.0,10000.0,1.0,1.0,40.73500061035156,0.0,0.0
feature.SpeciesProp.unmanaged.FDC,28,280,10,0.0,10000.0,1.0,1.0,40.73500061035156,0.0,0.0
feature.SpeciesProp.unmanaged.FDC,29,290,10,0.0,10000.0,1.0,1.0,40.73500061035156,0.0,0.0
feature.SpeciesProp.unmanaged.FDC,30,300,10,0.0,10000.0,1.0,1.0,40.73500061035156,0.0,0.0
feature.SpeciesProp.unmanaged.HW,0,0,10,0.0,10000.0,1.0,1.0,89.2030029296875,0.0,0.0
feature.SpeciesProp.unmanaged.HW,1,10,10,0.0,10000.0,1.0,1.0,89.2030029296875,0.0,0.0
feature.SpeciesProp.unmanaged.HW,2,20,10,0.0,10000.0,1.0,1.0,89.2030029296875,0.0,0.0
feature.SpeciesProp.unmanaged.HW,3,30,10,0.0,10000.0,1.0,1.0,89.2030029296875,0.0,0.0
feature.SpeciesProp.unmanaged.HW,4,40,10,0.0,10000.0,1.0,1.0,89.2030029296875,0.0,0.0
feature.SpeciesProp.unmanaged.HW,5,50,10,0.0,10000.0,1.0,1.0,89.2030029296875,0.0,0.0
feature.SpeciesProp.unmanaged.HW,6,60,10,0.0,10000.0,1.0,1.0,89.2030029296875,0.0,0.0
feature.SpeciesProp.unmanaged.HW,7,70,10,0.0,10000.0,1.0,1.0,89.2030029296875,0.0,0.0
feature.SpeciesProp.unmanaged.HW,8,80,10,0.0,10000.0,1.0,1.0,89.2030029296875,0.0,0.0
feature.SpeciesProp.unmanaged.HW,9,90,10,0.0,10000.0,1.0,1.0,89.2030029296875,0.0,0.0
feature.SpeciesProp.unmanaged.HW,10,100,10,0.0,10000.0,1.0,1.0,89.2030029296875,0.0,0.0
feature.SpeciesProp.unmanaged.HW,11,110,10,0.0,10000.0,1.0,1.0,89.2030029296875,0.0,0.0
feature.SpeciesProp.unmanaged.HW,12,120,10,0.0,10000.0,1.0,1.0,89.2030029296875,0.0,0.0
feature.SpeciesProp.unmanaged.HW,13,130,10,0.0,10000.0,1.0,1.0,89.2030029296875,0.0,0.0
feature.SpeciesProp.unmanaged.HW,14,140,10,0.0,10000.0,1.0,1.0,89.2030029296875,0.0,0.0
feature.SpeciesProp.unmanaged.HW,15,150,10,0.0,10000.0,1.0,1.0,89.2030029296875,0.0,0.0
feature.SpeciesProp.unmanaged.HW,16,160,10,0.0,10000.0,1.0,1.0,89.2030029296875,0.0,0.0
feature.SpeciesProp.unmanaged.HW,17,170,10,0.0,10000.0,1.0,1.0,89.2030029296875,0.0,0.0
feature.SpeciesProp.unmanaged.HW,18,180,10,0.0,10000.0,1.0,1.0,89.2030029296875,0.0,0.0
feature.SpeciesProp.unmanaged.HW,19,190,10,0.0,10000.0,1.0,1.0,89.2030029296875,0.0,0.0
feature.SpeciesProp.unmanaged.HW,20,200,10,0.0,10000.0,1.0,1.0,89.2030029296875,0.0,0.0
feature.SpeciesProp.unmanaged.HW,21,210,10,0.0,10000.0,1.0,1.0,89.2030029296875,0.0,0.0
feature.SpeciesProp.unmanaged.HW,22,220,10,0.0,10000.0,1.0,1.0,89.2030029296875,0.0,0.0
feature.SpeciesProp.unmanaged.HW,23,230,10,0.0,10000.0,1.0,1.0,89.2030029296875,0.0,0.0
feature.SpeciesProp.unmanaged.HW,24,240,10,0.0,10000.0,1.0,1.0,89.2030029296875,0.0,0.0
feature.SpeciesProp.unmanaged.HW,25,250,10,0.0,10000.0,1.0,1.0,89.2030029296875,0.0,0.0
feature.SpeciesProp.unmanaged.HW,26,260,10,0.0,10000.0,1.0,1.0,89.2030029296875,0.0,0.0
feature.SpeciesProp.unmanaged.HW,27,270,10,0.0,10000.0,1.0,1.0,89.2030029296875,0.0,0.0
feature.SpeciesProp.unmanaged.HW,28,280,10,0.0,10000.0,1.0,1.0,89.2030029296875,0.0,0.0
feature.SpeciesProp.unmanaged.HW,29,290,10,0.0,10000.0,1.0,1.0,89.2030029296875,0.0,0.0
feature.SpeciesProp.unmanaged.HW,30,300,10,0.0,10000.0,1.0,1.0,89.2030029296875,0.0,0.0
feature.SpeciesProp.unmanaged.PLC,0,0,10,0.0,10000.0,1.0,1.0,0.9369999766349792,0.0,0.0
feature.SpeciesProp.unmanaged.PLC,1,10,10,0.0,10000.0,1.0,1.0,0.9369999766349792,0.0,0.0
feature.SpeciesProp.unmanaged.PLC,2,20,10,0.0,10000.0,1.0,1.0,0.9369999766349792,0.0,0.0
feature.SpeciesProp.unmanaged.PLC,3,30,10,0.0,10000.0,1.0,1.0,0.9369999766349792,0.0,0.0
feature.SpeciesProp.unmanaged.PLC,4,40,10,0.0,10000.0,1.0,1.0,0.9369999766349792,0.0,0.0
feature.SpeciesProp.unmanaged.PLC,5,50,10,0.0,10000.0,1.0,1.0,0.9369999766349792,0.0,0.0
feature.SpeciesProp.unmanaged.PLC,6,60,10,0.0,10000.0,1.0,1.0,0.9369999766349792,0.0,0.0
feature.SpeciesProp.unmanaged.PLC,7,70,10,0.0,10000.0,1.0,1.0,0.9369999766349792,0.0,0.0
feature.SpeciesProp.unmanaged.PLC,8,80,10,0.0,10000.0,1.0,1.0,0.9369999766349792,0.0,0.0
feature.SpeciesProp.unmanaged.PLC,9,90,10,0.0,10000.0,1.0,1.0,0.9369999766349792,0.0,0.0
feature.SpeciesProp.unmanaged.PLC,10,100,10,0.0,10000.0,1.0,1.0,0.9369999766349792,0.0,0.0
feature.SpeciesProp.unmanaged.PLC,11,110,10,0.0,10000.0,1.0,1.0,0.9369999766349792,0.0,0.0
feature.SpeciesProp.unmanaged.PLC,12,120,10,0.0,10000.0,1.0,1.0,0.9369999766349792,0.0,0.0
feature.SpeciesProp.unmanaged.PLC,13,130,10,0.0,10000.0,1.0,1.0,0.9369999766349792,0.0,0.0
feature.SpeciesProp.unmanaged.PLC,14,140,10,0.0,10000.0,1.0,1.0,0.9369999766349792,0.0,0.0
feature.SpeciesProp.unmanaged.PLC,15,150,10,0.0,10000.0,1.0,1.0,0.9369999766349792,0.0,0.0
feature.SpeciesProp.unmanaged.PLC,16,160,10,0.0,10000.0,1.0,1.0,0.9369999766349792,0.0,0.0
feature.SpeciesProp.unmanaged.PLC,17,170,10,0.0,10000.0,1.0,1.0,0.9369999766349792,0.0,0.0
feature.SpeciesProp.unmanaged.PLC,18,180,10,0.0,10000.0,1.0,1.0,0.9369999766349792,0.0,0.0
feature.SpeciesProp.unmanaged.PLC,19,190,10,0.0,10000.0,1.0,1.0,0.9369999766349792,0.0,0.0
feature.SpeciesProp.unmanaged.PLC,20,200,10,0.0,10000.0,1.0,1.0,0.9369999766349792,0.0,0.0
feature.SpeciesProp.unmanaged.PLC,21,210,10,0.0,10000.0,1.0,1.0,0.9369999766349792,0.0,0.0
feature.SpeciesProp.unmanaged.PLC,22,220,10,0.0,10000.0,1.0,1.0,0.9369999766349792,0.0,0.0
feature.SpeciesProp.unmanaged.PLC,23,230,10,0.0,10000.0,1.0,1.0,0.9369999766349792,0.0,0.0
feature.SpeciesProp.unmanaged.PLC,24,240,10,0.0,10000.0,1.0,1.0,0.9369999766349792,0.0,0.0
feature.SpeciesProp.unmanaged.PLC,25,250,10,0.0,10000.0,1.0,1.0,0.9369999766349792,0.0,0.0
feature.SpeciesProp.unmanaged.PLC,26,260,10,0.0,10000.0,1.0,1.0,0.9369999766349792,0.0,0.0
feature.SpeciesProp.unmanaged.PLC,27,270,10,0.0,10000.0,1.0,1.0,0.9369999766349792,0.0,0.0
feature.SpeciesProp.unmanaged.PLC,28,280,10,0.0,10000.0,1.0,1.0,0.9369999766349792,0.0,0.0
feature.SpeciesProp.unmanaged.PLC,29,290,10,0.0,10000.0,1.0,1.0,0.9369999766349792,0.0,0.0
feature.SpeciesProp.unmanaged.PLC,30,300,10,0.0,10000.0,1.0,1.0,0.9369999766349792,0.0,0.0
feature.SpeciesProp.unmanaged.SS,0,0,10,0.0,10000.0,1.0,1.0,1.1490000486373901,0.0,0.0
feature.SpeciesProp.unmanaged.SS,1,10,10,0.0,10000.0,1.0,1.0,1.1490000486373901,0.0,0.0
feature.SpeciesProp.unmanaged.SS,2,20,10,0.0,10000.0,1.0,1.0,1.1490000486373901,0.0,0.0
feature.SpeciesProp.unmanaged.SS,3,30,10,0.0,10000.0,1.0,1.0,1.1490000486373901,0.0,0.0
feature.SpeciesProp.unmanaged.SS,4,40,10,0.0,10000.0,1.0,1.0,1.1490000486373901,0.0,0.0
feature.SpeciesProp.unmanaged.SS,5,50,10,0.0,10000.0,1.0,1.0,1.1490000486373901,0.0,0.0
feature.SpeciesProp.unmanaged.SS,6,60,10,0.0,10000.0,1.0,1.0,1.1490000486373901,0.0,0.0
feature.SpeciesProp.unmanaged.SS,7,70,10,0.0,10000.0,1.0,1.0,1.1490000486373901,0.0,0.0
feature.SpeciesProp.unmanaged.SS,8,80,10,0.0,10000.0,1.0,1.0,1.1490000486373901,0.0,0.0
feature.SpeciesProp.unmanaged.SS,9,90,10,0.0,10000.0,1.0,1.0,1.1490000486373901,0.0,0.0
feature.SpeciesProp.unmanaged.SS,10,100,10,0.0,10000.0,1.0,1.0,1.1490000486373901,0.0,0.0
feature.SpeciesProp.unmanaged.SS,11,110,10,0.0,10000.0,1.0,1.0,1.1490000486373901,0.0,0.0
feature.SpeciesProp.unmanaged.SS,12,120,10,0.0,10000.0,1.0,1.0,1.1490000486373901,0.0,0.0
feature.SpeciesProp.unmanaged.SS,13,130,10,0.0,10000.0,1.0,1.0,1.1490000486373901,0.0,0.0
feature.SpeciesProp.unmanaged.SS,14,140,10,0.0,10000.0,1.0,1.0,1.1490000486373901,0.0,0.0
feature.SpeciesProp.unmanaged.SS,15,150,10,0.0,10000.0,1.0,1.0,1.1490000486373901,0.0,0.0
feature.SpeciesProp.unmanaged.SS,16,160,10,0.0,10000.0,1.0,1.0,1.1490000486373901,0.0,0.0
feature.SpeciesProp.unmanaged.SS,17,170,10,0.0,10000.0,1.0,1.0,1.1490000486373901,0.0,0.0
feature.SpeciesProp.unmanaged.SS,18,180,10,0.0,10000.0,1.0,1.0,1.1490000486373901,0.0,0.0
feature.SpeciesProp.unmanaged.SS,19,190,10,0.0,10000.0,1.0,1.0,1.1490000486373901,0.0,0.0
feature.SpeciesProp.unmanaged.SS,20,200,10,0.0,10000.0,1.0,1.0,1.1490000486373901,0.0,0.0
feature.SpeciesProp.unmanaged.SS,21,210,10,0.0,10000.0,1.0,1.0,1.1490000486373901,0.0,0.0
feature.SpeciesProp.unmanaged.SS,22,220,10,0.0,10000.0,1.0,1.0,1.1490000486373901,0.0,0.0
feature.SpeciesProp.unmanaged.SS,23,230,10,0.0,10000.0,1.0,1.0,1.1490000486373901,0.0,0.0
feature.SpeciesProp.unmanaged.SS,24,240,10,0.0,10000.0,1.0,1.0,1.1490000486373901,0.0,0.0
feature.SpeciesProp.unmanaged.SS,25,250,10,0.0,10000.0,1.0,1.0,1.1490000486373901,0.0,0.0
feature.SpeciesProp.unmanaged.SS,26,260,10,0.0,10000.0,1.0,1.0,1.1490000486373901,0.0,0.0
feature.SpeciesProp.unmanaged.SS,27,270,10,0.0,10000.0,1.0,1.0,1.1490000486373901,0.0,0.0
feature.SpeciesProp.unmanaged.SS,28,280,10,0.0,10000.0,1.0,1.0,1.1490000486373901,0.0,0.0
feature.SpeciesProp.unmanaged.SS,29,290,10,0.0,10000.0,1.0,1.0,1.1490000486373901,0.0,0.0
feature.SpeciesProp.unmanaged.SS,30,300,10,0.0,10000.0,1.0,1.0,1.1490000486373901,0.0,0.0
feature.SpeciesProp.unmanaged.YC,0,0,10,0.0,10000.0,1.0,1.0,0.4790000021457672,0.0,0.0
feature.SpeciesProp.unmanaged.YC,1,10,10,0.0,10000.0,1.0,1.0,0.4790000021457672,0.0,0.0
feature.SpeciesProp.unmanaged.YC,2,20,10,0.0,10000.0,1.0,1.0,0.4790000021457672,0.0,0.0
feature.SpeciesProp.unmanaged.YC,3,30,10,0.0,10000.0,1.0,1.0,0.4790000021457672,0.0,0.0
feature.SpeciesProp.unmanaged.YC,4,40,10,0.0,10000.0,1.0,1.0,0.4790000021457672,0.0,0.0
feature.SpeciesProp.unmanaged.YC,5,50,10,0.0,10000.0,1.0,1.0,0.4790000021457672,0.0,0.0
feature.SpeciesProp.unmanaged.YC,6,60,10,0.0,10000.0,1.0,1.0,0.4790000021457672,0.0,0.0
feature.SpeciesProp.unmanaged.YC,7,70,10,0.0,10000.0,1.0,1.0,0.4790000021457672,0.0,0.0
feature.SpeciesProp.unmanaged.YC,8,80,10,0.0,10000.0,1.0,1.0,0.4790000021457672,0.0,0.0
feature.SpeciesProp.unmanaged.YC,9,90,10,0.0,10000.0,1.0,1.0,0.4790000021457672,0.0,0.0
feature.SpeciesProp.unmanaged.YC,10,100,10,0.0,10000.0,1.0,1.0,0.4790000021457672,0.0,0.0
feature.SpeciesProp.unmanaged.YC,11,110,10,0.0,10000.0,1.0,1.0,0.4790000021457672,0.0,0.0
feature.SpeciesProp.unmanaged.YC,12,120,10,0.0,10000.0,1.0,1.0,0.4790000021457672,0.0,0.0
feature.SpeciesProp.unmanaged.YC,13,130,10,0.0,10000.0,1.0,1.0,0.4790000021457672,0.0,0.0
feature.SpeciesProp.unmanaged.YC,14,140,10,0.0,10000.0,1.0,1.0,0.4790000021457672,0.0,0.0
feature.SpeciesProp.unmanaged.YC,15,150,10,0.0,10000.0,1.0,1.0,0.4790000021457672,0.0,0.0
feature.SpeciesProp.unmanaged.YC,16,160,10,0.0,10000.0,1.0,1.0,0.4790000021457672,0.0,0.0
feature.SpeciesProp.unmanaged.YC,17,170,10,0.0,10000.0,1.0,1.0,0.4790000021457672,0.0,0.0
feature.SpeciesProp.unmanaged.YC,18,180,10,0.0,10000.0,1.0,1.0,0.4790000021457672,0.0,0.0
feature.SpeciesProp.unmanaged.YC,19,190,10,0.0,10000.0,1.0,1.0,0.4790000021457672,0.0,0.0
feature.SpeciesProp.unmanaged.YC,20,200,10,0.0,10000.0,1.0,1.0,0.4790000021457672,0.0,0.0
feature.SpeciesProp.unmanaged.YC,21,210,10,0.0,10000.0,1.0,1.0,0.4790000021457672,0.0,0.0
feature.SpeciesProp.unmanaged.YC,22,220,10,0.0,10000.0,1.0,1.0,0.4790000021457672,0.0,0.0
feature.SpeciesProp.unmanaged.YC,23,230,10,0.0,10000.0,1.0,1.0,0.4790000021457672,0.0,0.0
feature.SpeciesProp.unmanaged.YC,24,240,10,0.0,10000.0,1.0,1.0,0.4790000021457672,0.0,0.0
feature.SpeciesProp.unmanaged.YC,25,250,10,0.0,10000.0,1.0,1.0,0.4790000021457672,0.0,0.0
feature.SpeciesProp.unmanaged.YC,26,260,10,0.0,10000.0,1.0,1.0,0.4790000021457672,0.0,0.0
feature.SpeciesProp.unmanaged.YC,27,270,10,0.0,10000.0,1.0,1.0,0.4790000021457672,0.0,0.0
feature.SpeciesProp.unmanaged.YC,28,280,10,0.0,10000.0,1.0,1.0,0.4790000021457672,0.0,0.0
feature.SpeciesProp.unmanaged.YC,29,290,10,0.0,10000.0,1.0,1.0,0.4790000021457672,0.0,0.0
feature.SpeciesProp.unmanaged.YC,30,300,10,0.0,10000.0,1.0,1.0,0.4790000021457672,0.0,0.0
feature.Yield.managed.BA,0,0,10,0.0,10000.0,1.0,1.0,2995.696044921875,0.0,0.0
feature.Yield.managed.BA,1,10,10,0.0,10000.0,1.0,1.0,2263.60791015625,0.0,0.0
feature.Yield.managed.BA,2,20,10,0.0,10000.0,1.0,1.0,290.96099853515625,0.0,0.0
feature.Yield.managed.BA,3,30,10,0.0,10000.0,1.0,1.0,290.96099853515625,0.0,0.0
feature.Yield.managed.BA,4,40,10,0.0,10000.0,1.0,1.0,290.96099853515625,0.0,0.0
feature.Yield.managed.BA,5,50,10,0.0,10000.0,1.0,1.0,290.96099853515625,0.0,0.0
feature.Yield.managed.BA,6,60,10,0.0,10000.0,1.0,1.0,290.96099853515625,0.0,0.0
feature.Yield.managed.BA,7,70,10,0.0,10000.0,1.0,1.0,290.96099853515625,0.0,0.0
feature.Yield.managed.BA,8,80,10,0.0,10000.0,1.0,1.0,0.0,0.0,0.0
feature.Yield.managed.BA,9,90,10,0.0,10000.0,1.0,1.0,0.0,0.0,0.0
feature.Yield.managed.BA,10,100,10,0.0,10000.0,1.0,1.0,0.0,0.0,0.0
feature.Yield.managed.BA,11,110,10,0.0,10000.0,1.0,1.0,0.0,0.0,0.0
feature.Yield.managed.BA,12,120,10,0.0,10000.0,1.0,1.0,0.0,0.0,0.0
feature.Yield.managed.BA,13,130,10,0.0,10000.0,1.0,1.0,0.0,0.0,0.0
feature.Yield.managed.BA,14,140,10,0.0,10000.0,1.0,1.0,0.0,0.0,0.0
feature.Yield.managed.BA,15,150,10,0.0,10000.0,1.0,1.0,0.0,0.0,0.0
feature.Yield.managed.BA,16,160,10,0.0,10000.0,1.0,1.0,0.0,0.0,0.0
feature.Yield.managed.BA,17,170,10,0.0,10000.0,1.0,1.0,0.0,0.0,0.0
feature.Yield.managed.BA,18,180,10,0.0,10000.0,1.0,1.0,0.0,0.0,0.0
feature.Yield.managed.BA,19,190,10,0.0,10000.0,1.0,1.0,0.0,0.0,0.0
feature.Yield.managed.BA,20,200,10,0.0,10000.0,1.0,1.0,0.0,0.0,0.0
feature.Yield.managed.BA,21,210,10,0.0,10000.0,1.0,1.0,0.0,0.0,0.0
feature.Yield.managed.BA,22,220,10,0.0,10000.0,1.0,1.0,0.0,0.0,0.0
feature.Yield.managed.BA,23,230,10,0.0,10000.0,1.0,1.0,0.0,0.0,0.0
feature.Yield.managed.BA,24,240,10,0.0,10000.0,1.0,1.0,0.0,0.0,0.0
feature.Yield.managed.BA,25,250,10,0.0,10000.0,1.0,1.0,0.0,0.0,0.0
feature.Yield.managed.BA,26,260,10,0.0,10000.0,1.0,1.0,0.0,0.0,0.0
feature.Yield.managed.BA,27,270,10,0.0,10000.0,1.0,1.0,0.0,0.0,0.0
feature.Yield.managed.BA,28,280,10,0.0,10000.0,1.0,1.0,0.0,0.0,0.0
feature.Yield.managed.BA,29,290,10,0.0,10000.0,1.0,1.0,0.0,0.0,0.0
feature.Yield.managed.BA,30,300,10,0.0,10000.0,1.0,1.0,0.0,0.0,0.0
feature.Yield.managed.CW,0,0,10,0.0,10000.0,1.0,1.0,138265.234375,0.0,0.0
feature.Yield.managed.CW,1,10,10,0.0,10000.0,1.0,1.0,156921.765625,0.0,0.0
feature.Yield.managed.CW,2,20,10,0.0,10000.0,1.0,1.0,166856.78125,0.0,0.0
feature.Yield.managed.CW,3,30,10,0.0,10000.0,1.0,1.0,165963.71875,0.0,0.0
feature.Yield.managed.CW,4,40,10,0.0,10000.0,1.0,1.0,165962.625,0.0,0.0
feature.Yield.managed.CW,5,50,10,0.0,10000.0,1.0,1.0,163308.171875,0.0,0.0
feature.Yield.managed.CW,6,60,10,0.0,10000.0,1.0,1.0,156616.71875,0.0,0.0
feature.Yield.managed.CW,7,70,10,0.0,10000.0,1.0,1.0,150481.609375,0.0,0.0
feature.Yield.managed.CW,8,80,10,0.0,10000.0,1.0,1.0,146001.96875,0.0,0.0
feature.Yield.managed.CW,9,90,10,0.0,10000.0,1.0,1.0,143581.5625,0.0,0.0
feature.Yield.managed.CW,10,100,10,0.0,10000.0,1.0,1.0,140174.328125,0.0,0.0
feature.Yield.managed.CW,11,110,10,0.0,10000.0,1.0,1.0,138823.1875,0.0,0.0
feature.Yield.managed.CW,12,120,10,0.0,10000.0,1.0,1.0,135350.71875,0.0,0.0
feature.Yield.managed.CW,13,130,10,0.0,10000.0,1.0,1.0,134099.53125,0.0,0.0
feature.Yield.managed.CW,14,140,10,0.0,10000.0,1.0,1.0,134805.03125,0.0,0.0
feature.Yield.managed.CW,15,150,10,0.0,10000.0,1.0,1.0,134118.8125,0.0,0.0
feature.Yield.managed.CW,16,160,10,0.0,10000.0,1.0,1.0,132811.96875,0.0,0.0
feature.Yield.managed.CW,17,170,10,0.0,10000.0,1.0,1.0,134365.984375,0.0,0.0
feature.Yield.managed.CW,18,180,10,0.0,10000.0,1.0,1.0,134376.0625,0.0,0.0
feature.Yield.managed.CW,19,190,10,0.0,10000.0,1.0,1.0,135348.75,0.0,0.0
feature.Yield.managed.CW,20,200,10,0.0,10000.0,1.0,1.0,135818.390625,0.0,0.0
feature.Yield.managed.CW,21,210,10,0.0,10000.0,1.0,1.0,135522.015625,0.0,0.0
feature.Yield.managed.CW,22,220,10,0.0,10000.0,1.0,1.0,133424.078125,0.0,0.0
feature.Yield.managed.CW,23,230,10,0.0,10000.0,1.0,1.0,132337.71875,0.0,0.0
feature.Yield.managed.CW,24,240,10,0.0,10000.0,1.0,1.0,134500.640625,0.0,0.0
feature.Yield.managed.CW,25,250,10,0.0,10000.0,1.0,1.0,136137.75,0.0,0.0
feature.Yield.managed.CW,26,260,10,0.0,10000.0,1.0,1.0,137664.796875,0.0,0.0
feature.Yield.managed.CW,27,270,10,0.0,10000.0,1.0,1.0,137636.40625,0.0,0.0
feature.Yield.managed.CW,28,280,10,0.0,10000.0,1.0,1.0,136797.203125,0.0,0.0
feature.Yield.managed.CW,29,290,10,0.0,10000.0,1.0,1.0,137639.25,0.0,0.0
feature.Yield.managed.CW,30,300,10,0.0,10000.0,1.0,1.0,139215.59375,0.0,0.0
feature.Yield.managed.FDC,0,0,10,0.0,10000.0,1.0,1.0,199578.1875,0.0,0.0
feature.Yield.managed.FDC,1,10,10,0.0,10000.0,1.0,1.0,226599.15625,0.0,0.0
feature.Yield.managed.FDC,2,20,10,0.0,10000.0,1.0,1.0,249595.796875,0.0,0.0
feature.Yield.managed.FDC,3,30,10,0.0,10000.0,1.0,1.0,280487.8125,0.0,0.0
feature.Yield.managed.FDC,4,40,10,0.0,10000.0,1.0,1.0,270153.65625,0.0,0.0
feature.Yield.managed.FDC,5,50,10,0.0,10000.0,1.0,1.0,264484.84375,0.0,0.0
feature.Yield.managed.FDC,6,60,10,0.0,10000.0,1.0,1.0,246415.5,0.0,0.0
feature.Yield.managed.FDC,7,70,10,0.0,10000.0,1.0,1.0,238808.171875,0.0,0.0
feature.Yield.managed.FDC,8,80,10,0.0,10000.0,1.0,1.0,227024.75,0.0,0.0
feature.Yield.managed.FDC,9,90,10,0.0,10000.0,1.0,1.0,225685.828125,0.0,0.0
feature.Yield.managed.FDC,10,100,10,0.0,10000.0,1.0,1.0,226501.03125,0.0,0.0
feature.Yield.managed.FDC,11,110,10,0.0,10000.0,1.0,1.0,216154.875,0.0,0.0
feature.Yield.managed.FDC,12,120,10,0.0,10000.0,1.0,1.0,211111.421875,0.0,0.0
feature.Yield.managed.FDC,13,130,10,0.0,10000.0,1.0,1.0,210163.0625,0.0,0.0
feature.Yield.managed.FDC,14,140,10,0.0,10000.0,1.0,1.0,202784.46875,0.0,0.0
feature.Yield.managed.FDC,15,150,10,0.0,10000.0,1.0,1.0,199005.453125,0.0,0.0
feature.Yield.managed.FDC,16,160,10,0.0,10000.0,1.0,1.0,214553.671875,0.0,0.0
feature.Yield.managed.FDC,17,170,10,0.0,10000.0,1.0,1.0,188372.515625,0.0,0.0
feature.Yield.managed.FDC,18,180,10,0.0,10000.0,1.0,1.0,203847.53125,0.0,0.0
feature.Yield.managed.FDC,19,190,10,0.0,10000.0,1.0,1.0,196071.84375,0.0,0.0
feature.Yield.managed.FDC,20,200,10,0.0,10000.0,1.0,1.0,197224.8125,0.0,0.0
feature.Yield.managed.FDC,21,210,10,0.0,10000.0,1.0,1.0,197835.96875,0.0,0.0
feature.Yield.managed.FDC,22,220,10,0.0,10000.0,1.0,1.0,214972.609375,0.0,0.0
feature.Yield.managed.FDC,23,230,10,0.0,10000.0,1.0,1.0,234211.21875,0.0,0.0
feature.Yield.managed.FDC,24,240,10,0.0,10000.0,1.0,1.0,247639.796875,0.0,0.0
feature.Yield.managed.FDC,25,250,10,0.0,10000.0,1.0,1.0,239808.84375,0.0,0.0
feature.Yield.managed.FDC,26,260,10,0.0,10000.0,1.0,1.0,228565.65625,0.0,0.0
feature.Yield.managed.FDC,27,270,10,0.0,10000.0,1.0,1.0,216851.5625,0.0,0.0
feature.Yield.managed.FDC,28,280,10,0.0,10000.0,1.0,1.0,219077.390625,0.0,0.0
feature.Yield.managed.FDC,29,290,10,0.0,10000.0,1.0,1.0,207289.671875,0.0,0.0
feature.Yield.managed.FDC,30,300,10,0.0,10000.0,1.0,1.0,199034.84375,0.0,0.0
feature.Yield.managed.HW,0,0,10,0.0,10000.0,1.0,1.0,527244.625,0.0,0.0
feature.Yield.managed.HW,1,10,10,0.0,10000.0,1.0,1.0,525289.8125,0.0,0.0
feature.Yield.managed.HW,2,20,10,0.0,10000.0,1.0,1.0,526566.25,0.0,0.0
feature.Yield.managed.HW,3,30,10,0.0,10000.0,1.0,1.0,515054.875,0.0,0.0
feature.Yield.managed.HW,4,40,10,0.0,10000.0,1.0,1.0,516076.53125,0.0,0.0
feature.Yield.managed.HW,5,50,10,0.0,10000.0,1.0,1.0,487181.3125,0.0,0.0
feature.Yield.managed.HW,6,60,10,0.0,10000.0,1.0,1.0,472189.34375,0.0,0.0
feature.Yield.managed.HW,7,70,10,0.0,10000.0,1.0,1.0,459258.5,0.0,0.0
feature.Yield.managed.HW,8,80,10,0.0,10000.0,1.0,1.0,456329.5625,0.0,0.0
feature.Yield.managed.HW,9,90,10,0.0,10000.0,1.0,1.0,443357.5,0.0,0.0
feature.Yield.managed.HW,10,100,10,0.0,10000.0,1.0,1.0,430867.4375,0.0,0.0
feature.Yield.managed.HW,11,110,10,0.0,10000.0,1.0,1.0,425653.9375,0.0,0.0
feature.Yield.managed.HW,12,120,10,0.0,10000.0,1.0,1.0,418434.78125,0.0,0.0
feature.Yield.managed.HW,13,130,10,0.0,10000.0,1.0,1.0,412140.9375,0.0,0.0
feature.Yield.managed.HW,14,140,10,0.0,10000.0,1.0,1.0,415106.90625,0.0,0.0
feature.Yield.managed.HW,15,150,10,0.0,10000.0,1.0,1.0,417454.125,0.0,0.0
feature.Yield.managed.HW,16,160,10,0.0,10000.0,1.0,1.0,403089.3125,0.0,0.0
feature.Yield.managed.HW,17,170,10,0.0,10000.0,1.0,1.0,424332.9375,0.0,0.0
feature.Yield.managed.HW,18,180,10,0.0,10000.0,1.0,1.0,410398.46875,0.0,0.0
feature.Yield.managed.HW,19,190,10,0.0,10000.0,1.0,1.0,416893.0625,0.0,0.0
feature.Yield.managed.HW,20,200,10,0.0,10000.0,1.0,1.0,413243.8125,0.0,0.0
feature.Yield.managed.HW,21,210,10,0.0,10000.0,1.0,1.0,409655.3125,0.0,0.0
feature.Yield.managed.HW,22,220,10,0.0,10000.0,1.0,1.0,394826.03125,0.0,0.0
feature.Yield.managed.HW,23,230,10,0.0,10000.0,1.0,1.0,379254.5625,0.0,0.0
feature.Yield.managed.HW,24,240,10,0.0,10000.0,1.0,1.0,373310.3125,0.0,0.0
feature.Yield.managed.HW,25,250,10,0.0,10000.0,1.0,1.0,380103.875,0.0,0.0
feature.Yield.managed.HW,26,260,10,0.0,10000.0,1.0,1.0,384834.6875,0.0,0.0
feature.Yield.managed.HW,27,270,10,0.0,10000.0,1.0,1.0,390275.65625,0.0,0.0
feature.Yield.managed.HW,28,280,10,0.0,10000.0,1.0,1.0,385537.9375,0.0,0.0
feature.Yield.managed.HW,29,290,10,0.0,10000.0,1.0,1.0,393156.09375,0.0,0.0
feature.Yield.managed.HW,30,300,10,0.0,10000.0,1.0,1.0,402689.5625,0.0,0.0
feature.Yield.managed.SS,0,0,10,0.0,10000.0,1.0,1.0,3329.089111328125,0.0,0.0
feature.Yield.managed.SS,1,10,10,0.0,10000.0,1.0,1.0,3937.48095703125,0.0,0.0
feature.Yield.managed.SS,2,20,10,0.0,10000.0,1.0,1.0,4505.49609375,0.0,0.0
feature.Yield.managed.SS,3,30,10,0.0,10000.0,1.0,1.0,5044.44580078125,0.0,0.0
feature.Yield.managed.SS,4,40,10,0.0,10000.0,1.0,1.0,5204.201171875,0.0,0.0
feature.Yield.managed.SS,5,50,10,0.0,10000.0,1.0,1.0,5204.201171875,0.0,0.0
feature.Yield.managed.SS,6,60,10,0.0,10000.0,1.0,1.0,5204.201171875,0.0,0.0
feature.Yield.managed.SS,7,70,10,0.0,10000.0,1.0,1.0,5204.201171875,0.0,0.0
feature.Yield.managed.SS,8,80,10,0.0,10000.0,1.0,1.0,5204.201171875,0.0,0.0
feature.Yield.managed.SS,9,90,10,0.0,10000.0,1.0,1.0,5204.201171875,0.0,0.0
feature.Yield.managed.SS,10,100,10,0.0,10000.0,1.0,1.0,5204.201171875,0.0,0.0
feature.Yield.managed.SS,11,110,10,0.0,10000.0,1.0,1.0,5204.201171875,0.0,0.0
feature.Yield.managed.SS,12,120,10,0.0,10000.0,1.0,1.0,5204.201171875,0.0,0.0
feature.Yield.managed.SS,13,130,10,0.0,10000.0,1.0,1.0,5204.201171875,0.0,0.0
feature.Yield.managed.SS,14,140,10,0.0,10000.0,1.0,1.0,5204.201171875,0.0,0.0
feature.Yield.managed.SS,15,150,10,0.0,10000.0,1.0,1.0,5204.201171875,0.0,0.0
feature.Yield.managed.SS,16,160,10,0.0,10000.0,1.0,1.0,5204.201171875,0.0,0.0
feature.Yield.managed.SS,17,170,10,0.0,10000.0,1.0,1.0,5204.201171875,0.0,0.0
feature.Yield.managed.SS,18,180,10,0.0,10000.0,1.0,1.0,5204.201171875,0.0,0.0
feature.Yield.managed.SS,19,190,10,0.0,10000.0,1.0,1.0,5204.201171875,0.0,0.0
feature.Yield.managed.SS,20,200,10,0.0,10000.0,1.0,1.0,5204.201171875,0.0,0.0
feature.Yield.managed.SS,21,210,10,0.0,10000.0,1.0,1.0,5204.201171875,0.0,0.0
feature.Yield.managed.SS,22,220,10,0.0,10000.0,1.0,1.0,5204.201171875,0.0,0.0
feature.Yield.managed.SS,23,230,10,0.0,10000.0,1.0,1.0,5204.201171875,0.0,0.0
feature.Yield.managed.SS,24,240,10,0.0,10000.0,1.0,1.0,0.0,0.0,0.0
feature.Yield.managed.SS,25,250,10,0.0,10000.0,1.0,1.0,0.0,0.0,0.0
feature.Yield.managed.SS,26,260,10,0.0,10000.0,1.0,1.0,0.0,0.0,0.0
feature.Yield.managed.SS,27,270,10,0.0,10000.0,1.0,1.0,0.0,0.0,0.0
feature.Yield.managed.SS,28,280,10,0.0,10000.0,1.0,1.0,0.0,0.0,0.0
feature.Yield.managed.SS,29,290,10,0.0,10000.0,1.0,1.0,0.0,0.0,0.0
feature.Yield.managed.SS,30,300,10,0.0,10000.0,1.0,1.0,0.0,0.0,0.0
feature.Yield.managed.Total,0,0,10,0.0,10000.0,1.0,1.0,875697.75,0.0,0.0
feature.Yield.managed.Total,1,10,10,0.0,10000.0,1.0,1.0,919339.5625,0.0,0.0
feature.Yield.managed.Total,2,20,10,0.0,10000.0,1.0,1.0,950770.875,0.0,0.0
feature.Yield.managed.Total,3,30,10,0.0,10000.0,1.0,1.0,969797.4375,0.0,0.0
feature.Yield.managed.Total,4,40,10,0.0,10000.0,1.0,1.0,960643.625,0.0,0.0
feature.Yield.managed.Total,5,50,10,0.0,10000.0,1.0,1.0,923425.125,0.0,0.0
feature.Yield.managed.Total,6,60,10,0.0,10000.0,1.0,1.0,883672.3125,0.0,0.0
feature.Yield.managed.Total,7,70,10,0.0,10000.0,1.0,1.0,855845.1875,0.0,0.0
feature.Yield.managed.Total,8,80,10,0.0,10000.0,1.0,1.0,835356.0,0.0,0.0
feature.Yield.managed.Total,9,90,10,0.0,10000.0,1.0,1.0,818669.6875,0.0,0.0
feature.Yield.managed.Total,10,100,10,0.0,10000.0,1.0,1.0,803640.1875,0.0,0.0
feature.Yield.managed.Total,11,110,10,0.0,10000.0,1.0,1.0,786783.8125,0.0,0.0
feature.Yield.managed.Total,12,120,10,0.0,10000.0,1.0,1.0,771112.375,0.0,0.0
feature.Yield.managed.Total,13,130,10,0.0,10000.0,1.0,1.0,762708.375,0.0,0.0
feature.Yield.managed.Total,14,140,10,0.0,10000.0,1.0,1.0,759115.8125,0.0,0.0
feature.Yield.managed.Total,15,150,10,0.0,10000.0,1.0,1.0,757125.5,0.0,0.0
feature.Yield.managed.Total,16,160,10,0.0,10000.0,1.0,1.0,757134.9375,0.0,0.0
feature.Yield.managed.Total,17,170,10,0.0,10000.0,1.0,1.0,753892.3125,0.0,0.0
feature.Yield.managed.Total,18,180,10,0.0,10000.0,1.0,1.0,755589.375,0.0,0.0
feature.Yield.managed.Total,19,190,10,0.0,10000.0,1.0,1.0,755423.125,0.0,0.0
feature.Yield.managed.Total,20,200,10,0.0,10000.0,1.0,1.0,753526.75,0.0,0.0
feature.Yield.managed.Total,21,210,10,0.0,10000.0,1.0,1.0,750373.8125,0.0,0.0
feature.Yield.managed.Total,22,220,10,0.0,10000.0,1.0,1.0,750418.125,0.0,0.0
feature.Yield.managed.Total,23,230,10,0.0,10000.0,1.0,1.0,753103.375,0.0,0.0
feature.Yield.managed.Total,24,240,10,0.0,10000.0,1.0,1.0,756386.5625,0.0,0.0
feature.Yield.managed.Total,25,250,10,0.0,10000.0,1.0,1.0,757062.3125,0.0,0.0
feature.Yield.managed.Total,26,260,10,0.0,10000.0,1.0,1.0,752148.5,0.0,0.0
feature.Yield.managed.Total,27,270,10,0.0,10000.0,1.0,1.0,745917.75,0.0,0.0
feature.Yield.managed.Total,28,280,10,0.0,10000.0,1.0,1.0,742635.9375,0.0,0.0
feature.Yield.managed.Total,29,290,10,0.0,10000.0,1.0,1.0,739383.75,0.0,0.0
feature.Yield.managed.Total,30,300,10,0.0,10000.0,1.0,1.0,742334.9375,0.0,0.0
feature.Yield.managed.YC,0,0,10,0.0,10000.0,1.0,1.0,4284.9228515625,0.0,0.0
feature.Yield.managed.YC,1,10,10,0.0,10000.0,1.0,1.0,4327.7412109375,0.0,0.0
feature.Yield.managed.YC,2,20,10,0.0,10000.0,1.0,1.0,2955.60693359375,0.0,0.0
feature.Yield.managed.YC,3,30,10,0.0,10000.0,1.0,1.0,2955.60693359375,0.0,0.0
feature.Yield.managed.YC,4,40,10,0.0,10000.0,1.0,1.0,2955.60693359375,0.0,0.0
feature.Yield.managed.YC,5,50,10,0.0,10000.0,1.0,1.0,2955.60693359375,0.0,0.0
feature.Yield.managed.YC,6,60,10,0.0,10000.0,1.0,1.0,2955.60693359375,0.0,0.0
feature.Yield.managed.YC,7,70,10,0.0,10000.0,1.0,1.0,1801.751953125,0.0,0.0
feature.Yield.managed.YC,8,80,10,0.0,10000.0,1.0,1.0,795.5260009765625,0.0,0.0
feature.Yield.managed.YC,9,90,10,0.0,10000.0,1.0,1.0,840.6110229492188,0.0,0.0
feature.Yield.managed.YC,10,100,10,0.0,10000.0,1.0,1.0,893.166015625,0.0,0.0
feature.Yield.managed.YC,11,110,10,0.0,10000.0,1.0,1.0,947.6389770507812,0.0,0.0
feature.Yield.managed.YC,12,120,10,0.0,10000.0,1.0,1.0,1011.2670288085938,0.0,0.0
feature.Yield.managed.YC,13,130,10,0.0,10000.0,1.0,1.0,1100.5999755859375,0.0,0.0
feature.Yield.managed.YC,14,140,10,0.0,10000.0,1.0,1.0,1215.177978515625,0.0,0.0
feature.Yield.managed.YC,15,150,10,0.0,10000.0,1.0,1.0,1342.9339599609375,0.0,0.0
feature.Yield.managed.YC,16,160,10,0.0,10000.0,1.0,1.0,1475.8299560546875,0.0,0.0
feature.Yield.managed.YC,17,170,10,0.0,10000.0,1.0,1.0,1616.655029296875,0.0,0.0
feature.Yield.managed.YC,18,180,10,0.0,10000.0,1.0,1.0,1763.072021484375,0.0,0.0
feature.Yield.managed.YC,19,190,10,0.0,10000.0,1.0,1.0,1905.2850341796875,0.0,0.0
feature.Yield.managed.YC,20,200,10,0.0,10000.0,1.0,1.0,2035.52197265625,0.0,0.0
feature.Yield.managed.YC,21,210,10,0.0,10000.0,1.0,1.0,2156.330078125,0.0,0.0
feature.Yield.managed.YC,22,220,10,0.0,10000.0,1.0,1.0,1991.2340087890625,0.0,0.0
feature.Yield.managed.YC,23,230,10,0.0,10000.0,1.0,1.0,2095.662109375,0.0,0.0
feature.Yield.managed.YC,24,240,10,0.0,10000.0,1.0,1.0,935.7999877929688,0.0,0.0
feature.Yield.managed.YC,25,250,10,0.0,10000.0,1.0,1.0,1011.8690185546875,0.0,0.0
feature.Yield.managed.YC,26,260,10,0.0,10000.0,1.0,1.0,1083.3599853515625,0.0,0.0
feature.Yield.managed.YC,27,270,10,0.0,10000.0,1.0,1.0,1154.1070556640625,0.0,0.0
feature.Yield.managed.YC,28,280,10,0.0,10000.0,1.0,1.0,1223.384033203125,0.0,0.0
feature.Yield.managed.YC,29,290,10,0.0,10000.0,1.0,1.0,1298.748046875,0.0,0.0
feature.Yield.managed.YC,30,300,10,0.0,10000.0,1.0,1.0,1394.93603515625,0.0,0.0
feature.Yield.unmanaged.BA,0,0,10,0.0,10000.0,1.0,1.0,178.30999755859375,0.0,0.0
feature.Yield.unmanaged.BA,1,10,10,0.0,10000.0,1.0,1.0,183.41200256347656,0.0,0.0
feature.Yield.unmanaged.BA,2,20,10,0.0,10000.0,1.0,1.0,186.61399841308594,0.0,0.0
feature.Yield.unmanaged.BA,3,30,10,0.0,10000.0,1.0,1.0,188.33399963378906,0.0,0.0
feature.Yield.unmanaged.BA,4,40,10,0.0,10000.0,1.0,1.0,189.80299377441406,0.0,0.0
feature.Yield.unmanaged.BA,5,50,10,0.0,10000.0,1.0,1.0,191.41900634765625,0.0,0.0
feature.Yield.unmanaged.BA,6,60,10,0.0,10000.0,1.0,1.0,191.3769989013672,0.0,0.0
feature.Yield.unmanaged.BA,7,70,10,0.0,10000.0,1.0,1.0,189.58999633789062,0.0,0.0
feature.Yield.unmanaged.BA,8,80,10,0.0,10000.0,1.0,1.0,186.8769989013672,0.0,0.0
feature.Yield.unmanaged.BA,9,90,10,0.0,10000.0,1.0,1.0,183.32400512695312,0.0,0.0
feature.Yield.unmanaged.BA,10,100,10,0.0,10000.0,1.0,1.0,179.4810028076172,0.0,0.0
feature.Yield.unmanaged.BA,11,110,10,0.0,10000.0,1.0,1.0,175.44400024414062,0.0,0.0
feature.Yield.unmanaged.BA,12,120,10,0.0,10000.0,1.0,1.0,172.16000366210938,0.0,0.0
feature.Yield.unmanaged.BA,13,130,10,0.0,10000.0,1.0,1.0,170.30099487304688,0.0,0.0
feature.Yield.unmanaged.BA,14,140,10,0.0,10000.0,1.0,1.0,169.5709991455078,0.0,0.0
feature.Yield.unmanaged.BA,15,150,10,0.0,10000.0,1.0,1.0,170.031005859375,0.0,0.0
feature.Yield.unmanaged.BA,16,160,10,0.0,10000.0,1.0,1.0,170.10000610351562,0.0,0.0
feature.Yield.unmanaged.BA,17,170,10,0.0,10000.0,1.0,1.0,169.38499450683594,0.0,0.0
feature.Yield.unmanaged.BA,18,180,10,0.0,10000.0,1.0,1.0,168.947998046875,0.0,0.0
feature.Yield.unmanaged.BA,19,190,10,0.0,10000.0,1.0,1.0,168.5279998779297,0.0,0.0
feature.Yield.unmanaged.BA,20,200,10,0.0,10000.0,1.0,1.0,168.44400024414062,0.0,0.0
feature.Yield.unmanaged.BA,21,210,10,0.0,10000.0,1.0,1.0,168.44400024414062,0.0,0.0
feature.Yield.unmanaged.BA,22,220,10,0.0,10000.0,1.0,1.0,168.44400024414062,0.0,0.0
feature.Yield.unmanaged.BA,23,230,10,0.0,10000.0,1.0,1.0,168.44400024414062,0.0,0.0
feature.Yield.unmanaged.BA,24,240,10,0.0,10000.0,1.0,1.0,168.44400024414062,0.0,0.0
feature.Yield.unmanaged.BA,25,250,10,0.0,10000.0,1.0,1.0,168.44400024414062,0.0,0.0
feature.Yield.unmanaged.BA,26,260,10,0.0,10000.0,1.0,1.0,168.44400024414062,0.0,0.0
feature.Yield.unmanaged.BA,27,270,10,0.0,10000.0,1.0,1.0,168.44400024414062,0.0,0.0
feature.Yield.unmanaged.BA,28,280,10,0.0,10000.0,1.0,1.0,168.44400024414062,0.0,0.0
feature.Yield.unmanaged.BA,29,290,10,0.0,10000.0,1.0,1.0,168.44400024414062,0.0,0.0
feature.Yield.unmanaged.BA,30,300,10,0.0,10000.0,1.0,1.0,168.44400024414062,0.0,0.0
feature.Yield.unmanaged.CW,0,0,10,0.0,10000.0,1.0,1.0,14727.2587890625,0.0,0.0
feature.Yield.unmanaged.CW,1,10,10,0.0,10000.0,1.0,1.0,15927.583984375,0.0,0.0
feature.Yield.unmanaged.CW,2,20,10,0.0,10000.0,1.0,1.0,17113.71484375,0.0,0.0
feature.Yield.unmanaged.CW,3,30,10,0.0,10000.0,1.0,1.0,18266.8359375,0.0,0.0
feature.Yield.unmanaged.CW,4,40,10,0.0,10000.0,1.0,1.0,19330.001953125,0.0,0.0
feature.Yield.unmanaged.CW,5,50,10,0.0,10000.0,1.0,1.0,20269.255859375,0.0,0.0
feature.Yield.unmanaged.CW,6,60,10,0.0,10000.0,1.0,1.0,21067.890625,0.0,0.0
feature.Yield.unmanaged.CW,7,70,10,0.0,10000.0,1.0,1.0,21739.03125,0.0,0.0
feature.Yield.unmanaged.CW,8,80,10,0.0,10000.0,1.0,1.0,22277.337890625,0.0,0.0
feature.Yield.unmanaged.CW,9,90,10,0.0,10000.0,1.0,1.0,22691.80078125,0.0,0.0
feature.Yield.unmanaged.CW,10,100,10,0.0,10000.0,1.0,1.0,22982.880859375,0.0,0.0
feature.Yield.unmanaged.CW,11,110,10,0.0,10000.0,1.0,1.0,23153.85546875,0.0,0.0
feature.Yield.unmanaged.CW,12,120,10,0.0,10000.0,1.0,1.0,23218.0625,0.0,0.0
feature.Yield.unmanaged.CW,13,130,10,0.0,10000.0,1.0,1.0,23196.759765625,0.0,0.0
feature.Yield.unmanaged.CW,14,140,10,0.0,10000.0,1.0,1.0,23097.994140625,0.0,0.0
feature.Yield.unmanaged.CW,15,150,10,0.0,10000.0,1.0,1.0,22968.015625,0.0,0.0
feature.Yield.unmanaged.CW,16,160,10,0.0,10000.0,1.0,1.0,22887.25,0.0,0.0
feature.Yield.unmanaged.CW,17,170,10,0.0,10000.0,1.0,1.0,22853.91796875,0.0,0.0
feature.Yield.unmanaged.CW,18,180,10,0.0,10000.0,1.0,1.0,22808.771484375,0.0,0.0
feature.Yield.unmanaged.CW,19,190,10,0.0,10000.0,1.0,1.0,22744.388671875,0.0,0.0
feature.Yield.unmanaged.CW,20,200,10,0.0,10000.0,1.0,1.0,22679.71484375,0.0,0.0
feature.Yield.unmanaged.CW,21,210,10,0.0,10000.0,1.0,1.0,22615.9375,0.0,0.0
feature.Yield.unmanaged.CW,22,220,10,0.0,10000.0,1.0,1.0,22553.216796875,0.0,0.0
feature.Yield.unmanaged.CW,23,230,10,0.0,10000.0,1.0,1.0,22488.4140625,0.0,0.0
feature.Yield.unmanaged.CW,24,240,10,0.0,10000.0,1.0,1.0,22425.498046875,0.0,0.0
feature.Yield.unmanaged.CW,25,250,10,0.0,10000.0,1.0,1.0,22388.890625,0.0,0.0
feature.Yield.unmanaged.CW,26,260,10,0.0,10000.0,1.0,1.0,22382.322265625,0.0,0.0
feature.Yield.unmanaged.CW,27,270,10,0.0,10000.0,1.0,1.0,22382.21484375,0.0,0.0
feature.Yield.unmanaged.CW,28,280,10,0.0,10000.0,1.0,1.0,22382.21484375,0.0,0.0
feature.Yield.unmanaged.CW,29,290,10,0.0,10000.0,1.0,1.0,22382.21484375,0.0,0.0
feature.Yield.unmanaged.CW,30,300,10,0.0,10000.0,1.0,1.0,22382.21484375,0.0,0.0
feature.Yield.unmanaged.FDC,0,0,10,0.0,10000.0,1.0,1.0,15153.70703125,0.0,0.0
feature.Yield.unmanaged.FDC,1,10,10,0.0,10000.0,1.0,1.0,18808.75,0.0,0.0
feature.Yield.unmanaged.FDC,2,20,10,0.0,10000.0,1.0,1.0,22363.974609375,0.0,0.0
feature.Yield.unmanaged.FDC,3,30,10,0.0,10000.0,1.0,1.0,25683.501953125,0.0,0.0
feature.Yield.unmanaged.FDC,4,40,10,0.0,10000.0,1.0,1.0,28680.42578125,0.0,0.0
feature.Yield.unmanaged.FDC,5,50,10,0.0,10000.0,1.0,1.0,31293.443359375,0.0,0.0
feature.Yield.unmanaged.FDC,6,60,10,0.0,10000.0,1.0,1.0,33494.65625,0.0,0.0
feature.Yield.unmanaged.FDC,7,70,10,0.0,10000.0,1.0,1.0,35278.55078125,0.0,0.0
feature.Yield.unmanaged.FDC,8,80,10,0.0,10000.0,1.0,1.0,36651.08203125,0.0,0.0
feature.Yield.unmanaged.FDC,9,90,10,0.0,10000.0,1.0,1.0,37640.53125,0.0,0.0
feature.Yield.unmanaged.FDC,10,100,10,0.0,10000.0,1.0,1.0,38278.46484375,0.0,0.0
feature.Yield.unmanaged.FDC,11,110,10,0.0,10000.0,1.0,1.0,38607.47265625,0.0,0.0
feature.Yield.unmanaged.FDC,12,120,10,0.0,10000.0,1.0,1.0,38670.97265625,0.0,0.0
feature.Yield.unmanaged.FDC,13,130,10,0.0,10000.0,1.0,1.0,38478.6953125,0.0,0.0
feature.Yield.unmanaged.FDC,14,140,10,0.0,10000.0,1.0,1.0,38119.4765625,0.0,0.0
feature.Yield.unmanaged.FDC,15,150,10,0.0,10000.0,1.0,1.0,37730.32421875,0.0,0.0
feature.Yield.unmanaged.FDC,16,160,10,0.0,10000.0,1.0,1.0,37537.8046875,0.0,0.0
feature.Yield.unmanaged.FDC,17,170,10,0.0,10000.0,1.0,1.0,37513.5703125,0.0,0.0
feature.Yield.unmanaged.FDC,18,180,10,0.0,10000.0,1.0,1.0,37423.48828125,0.0,0.0
feature.Yield.unmanaged.FDC,19,190,10,0.0,10000.0,1.0,1.0,37248.12890625,0.0,0.0
feature.Yield.unmanaged.FDC,20,200,10,0.0,10000.0,1.0,1.0,37080.0234375,0.0,0.0
feature.Yield.unmanaged.FDC,21,210,10,0.0,10000.0,1.0,1.0,36917.27734375,0.0,0.0
feature.Yield.unmanaged.FDC,22,220,10,0.0,10000.0,1.0,1.0,36752.0546875,0.0,0.0
feature.Yield.unmanaged.FDC,23,230,10,0.0,10000.0,1.0,1.0,36593.98828125,0.0,0.0
feature.Yield.unmanaged.FDC,24,240,10,0.0,10000.0,1.0,1.0,36440.11328125,0.0,0.0
feature.Yield.unmanaged.FDC,25,250,10,0.0,10000.0,1.0,1.0,36343.921875,0.0,0.0
feature.Yield.unmanaged.FDC,26,260,10,0.0,10000.0,1.0,1.0,36325.78515625,0.0,0.0
feature.Yield.unmanaged.FDC,27,270,10,0.0,10000.0,1.0,1.0,36325.73046875,0.0,0.0
feature.Yield.unmanaged.FDC,28,280,10,0.0,10000.0,1.0,1.0,36325.73046875,0.0,0.0
feature.Yield.unmanaged.FDC,29,290,10,0.0,10000.0,1.0,1.0,36325.73046875,0.0,0.0
feature.Yield.unmanaged.FDC,30,300,10,0.0,10000.0,1.0,1.0,36325.73046875,0.0,0.0
feature.Yield.unmanaged.HW,0,0,10,0.0,10000.0,1.0,1.0,48488.8125,0.0,0.0
feature.Yield.unmanaged.HW,1,10,10,0.0,10000.0,1.0,1.0,53114.05859375,0.0,0.0
feature.Yield.unmanaged.HW,2,20,10,0.0,10000.0,1.0,1.0,57516.3359375,0.0,0.0
feature.Yield.unmanaged.HW,3,30,10,0.0,10000.0,1.0,1.0,61622.77734375,0.0,0.0
feature.Yield.unmanaged.HW,4,40,10,0.0,10000.0,1.0,1.0,65277.9453125,0.0,0.0
feature.Yield.unmanaged.HW,5,50,10,0.0,10000.0,1.0,1.0,68416.078125,0.0,0.0
feature.Yield.unmanaged.HW,6,60,10,0.0,10000.0,1.0,1.0,71004.6328125,0.0,0.0
feature.Yield.unmanaged.HW,7,70,10,0.0,10000.0,1.0,1.0,73072.0390625,0.0,0.0
feature.Yield.unmanaged.HW,8,80,10,0.0,10000.0,1.0,1.0,74646.5078125,0.0,0.0
feature.Yield.unmanaged.HW,9,90,10,0.0,10000.0,1.0,1.0,75792.71875,0.0,0.0
feature.Yield.unmanaged.HW,10,100,10,0.0,10000.0,1.0,1.0,76538.96875,0.0,0.0
feature.Yield.unmanaged.HW,11,110,10,0.0,10000.0,1.0,1.0,76923.828125,0.0,0.0
feature.Yield.unmanaged.HW,12,120,10,0.0,10000.0,1.0,1.0,76989.9453125,0.0,0.0
feature.Yield.unmanaged.HW,13,130,10,0.0,10000.0,1.0,1.0,76782.0859375,0.0,0.0
feature.Yield.unmanaged.HW,14,140,10,0.0,10000.0,1.0,1.0,76389.8125,0.0,0.0
feature.Yield.unmanaged.HW,15,150,10,0.0,10000.0,1.0,1.0,75966.9296875,0.0,0.0
feature.Yield.unmanaged.HW,16,160,10,0.0,10000.0,1.0,1.0,75657.1328125,0.0,0.0
feature.Yield.unmanaged.HW,17,170,10,0.0,10000.0,1.0,1.0,75429.171875,0.0,0.0
feature.Yield.unmanaged.HW,18,180,10,0.0,10000.0,1.0,1.0,75203.6015625,0.0,0.0
feature.Yield.unmanaged.HW,19,190,10,0.0,10000.0,1.0,1.0,74939.890625,0.0,0.0
feature.Yield.unmanaged.HW,20,200,10,0.0,10000.0,1.0,1.0,74695.0078125,0.0,0.0
feature.Yield.unmanaged.HW,21,210,10,0.0,10000.0,1.0,1.0,74460.8984375,0.0,0.0
feature.Yield.unmanaged.HW,22,220,10,0.0,10000.0,1.0,1.0,74227.9765625,0.0,0.0
feature.Yield.unmanaged.HW,23,230,10,0.0,10000.0,1.0,1.0,74000.546875,0.0,0.0
feature.Yield.unmanaged.HW,24,240,10,0.0,10000.0,1.0,1.0,73813.34375,0.0,0.0
feature.Yield.unmanaged.HW,25,250,10,0.0,10000.0,1.0,1.0,73707.046875,0.0,0.0
feature.Yield.unmanaged.HW,26,260,10,0.0,10000.0,1.0,1.0,73687.515625,0.0,0.0
feature.Yield.unmanaged.HW,27,270,10,0.0,10000.0,1.0,1.0,73687.3046875,0.0,0.0
feature.Yield.unmanaged.HW,28,280,10,0.0,10000.0,1.0,1.0,73687.3046875,0.0,0.0
feature.Yield.unmanaged.HW,29,290,10,0.0,10000.0,1.0,1.0,73687.3046875,0.0,0.0
feature.Yield.unmanaged.HW,30,300,10,0.0,10000.0,1.0,1.0,73687.3046875,0.0,0.0
feature.Yield.unmanaged.PLC,0,0,10,0.0,10000.0,1.0,1.0,180.10699462890625,0.0,0.0
feature.Yield.unmanaged.PLC,1,10,10,0.0,10000.0,1.0,1.0,180.8979949951172,0.0,0.0
feature.Yield.unmanaged.PLC,2,20,10,0.0,10000.0,1.0,1.0,180.8979949951172,0.0,0.0
feature.Yield.unmanaged.PLC,3,30,10,0.0,10000.0,1.0,1.0,180.8979949951172,0.0,0.0
feature.Yield.unmanaged.PLC,4,40,10,0.0,10000.0,1.0,1.0,180.37100219726562,0.0,0.0
feature.Yield.unmanaged.PLC,5,50,10,0.0,10000.0,1.0,1.0,179.0540008544922,0.0,0.0
feature.Yield.unmanaged.PLC,6,60,10,0.0,10000.0,1.0,1.0,178.0,0.0,0.0
feature.Yield.unmanaged.PLC,7,70,10,0.0,10000.0,1.0,1.0,177.73699951171875,0.0,0.0
feature.Yield.unmanaged.PLC,8,80,10,0.0,10000.0,1.0,1.0,177.73699951171875,0.0,0.0
feature.Yield.unmanaged.PLC,9,90,10,0.0,10000.0,1.0,1.0,177.73699951171875,0.0,0.0
feature.Yield.unmanaged.PLC,10,100,10,0.0,10000.0,1.0,1.0,177.73699951171875,0.0,0.0
feature.Yield.unmanaged.PLC,11,110,10,0.0,10000.0,1.0,1.0,177.73699951171875,0.0,0.0
feature.Yield.unmanaged.PLC,12,120,10,0.0,10000.0,1.0,1.0,177.73699951171875,0.0,0.0
feature.Yield.unmanaged.PLC,13,130,10,0.0,10000.0,1.0,1.0,177.73699951171875,0.0,0.0
feature.Yield.unmanaged.PLC,14,140,10,0.0,10000.0,1.0,1.0,177.73699951171875,0.0,0.0
feature.Yield.unmanaged.PLC,15,150,10,0.0,10000.0,1.0,1.0,177.73699951171875,0.0,0.0
feature.Yield.unmanaged.PLC,16,160,10,0.0,10000.0,1.0,1.0,177.73699951171875,0.0,0.0
feature.Yield.unmanaged.PLC,17,170,10,0.0,10000.0,1.0,1.0,177.73699951171875,0.0,0.0
feature.Yield.unmanaged.PLC,18,180,10,0.0,10000.0,1.0,1.0,177.73699951171875,0.0,0.0
feature.Yield.unmanaged.PLC,19,190,10,0.0,10000.0,1.0,1.0,177.73699951171875,0.0,0.0
feature.Yield.unmanaged.PLC,20,200,10,0.0,10000.0,1.0,1.0,177.73699951171875,0.0,0.0
feature.Yield.unmanaged.PLC,21,210,10,0.0,10000.0,1.0,1.0,177.73699951171875,0.0,0.0
feature.Yield.unmanaged.PLC,22,220,10,0.0,10000.0,1.0,1.0,177.73699951171875,0.0,0.0
feature.Yield.unmanaged.PLC,23,230,10,0.0,10000.0,1.0,1.0,177.73699951171875,0.0,0.0
feature.Yield.unmanaged.PLC,24,240,10,0.0,10000.0,1.0,1.0,177.73699951171875,0.0,0.0
feature.Yield.unmanaged.PLC,25,250,10,0.0,10000.0,1.0,1.0,177.73699951171875,0.0,0.0
feature.Yield.unmanaged.PLC,26,260,10,0.0,10000.0,1.0,1.0,177.73699951171875,0.0,0.0
feature.Yield.unmanaged.PLC,27,270,10,0.0,10000.0,1.0,1.0,177.73699951171875,0.0,0.0
feature.Yield.unmanaged.PLC,28,280,10,0.0,10000.0,1.0,1.0,177.73699951171875,0.0,0.0
feature.Yield.unmanaged.PLC,29,290,10,0.0,10000.0,1.0,1.0,177.73699951171875,0.0,0.0
feature.Yield.unmanaged.PLC,30,300,10,0.0,10000.0,1.0,1.0,177.73699951171875,0.0,0.0
feature.Yield.unmanaged.SS,0,0,10,0.0,10000.0,1.0,1.0,735.9019775390625,0.0,0.0
feature.Yield.unmanaged.SS,1,10,10,0.0,10000.0,1.0,1.0,886.280029296875,0.0,0.0
feature.Yield.unmanaged.SS,2,20,10,0.0,10000.0,1.0,1.0,1027.1650390625,0.0,0.0
feature.Yield.unmanaged.SS,3,30,10,0.0,10000.0,1.0,1.0,1156.06103515625,0.0,0.0
feature.Yield.unmanaged.SS,4,40,10,0.0,10000.0,1.0,1.0,1270.468017578125,0.0,0.0
feature.Yield.unmanaged.SS,5,50,10,0.0,10000.0,1.0,1.0,1368.887939453125,0.0,0.0
feature.Yield.unmanaged.SS,6,60,10,0.0,10000.0,1.0,1.0,1451.321044921875,0.0,0.0
feature.Yield.unmanaged.SS,7,70,10,0.0,10000.0,1.0,1.0,1517.2669677734375,0.0,0.0
feature.Yield.unmanaged.SS,8,80,10,0.0,10000.0,1.0,1.0,1567.7259521484375,0.0,0.0
feature.Yield.unmanaged.SS,9,90,10,0.0,10000.0,1.0,1.0,1603.197021484375,0.0,0.0
feature.Yield.unmanaged.SS,10,100,10,0.0,10000.0,1.0,1.0,1624.1800537109375,0.0,0.0
feature.Yield.unmanaged.SS,11,110,10,0.0,10000.0,1.0,1.0,1632.6729736328125,0.0,0.0
feature.Yield.unmanaged.SS,12,120,10,0.0,10000.0,1.0,1.0,1629.676025390625,0.0,0.0
feature.Yield.unmanaged.SS,13,130,10,0.0,10000.0,1.0,1.0,1616.68603515625,0.0,0.0
feature.Yield.unmanaged.SS,14,140,10,0.0,10000.0,1.0,1.0,1602.697998046875,0.0,0.0
feature.Yield.unmanaged.SS,15,150,10,0.0,10000.0,1.0,1.0,1596.2030029296875,0.0,0.0
feature.Yield.unmanaged.SS,16,160,10,0.0,10000.0,1.0,1.0,1589.7080078125,0.0,0.0
feature.Yield.unmanaged.SS,17,170,10,0.0,10000.0,1.0,1.0,1579.7159423828125,0.0,0.0
feature.Yield.unmanaged.SS,18,180,10,0.0,10000.0,1.0,1.0,1569.7239990234375,0.0,0.0
feature.Yield.unmanaged.SS,19,190,10,0.0,10000.0,1.0,1.0,1560.2320556640625,0.0,0.0
feature.Yield.unmanaged.SS,20,200,10,0.0,10000.0,1.0,1.0,1550.239990234375,0.0,0.0
feature.Yield.unmanaged.SS,21,210,10,0.0,10000.0,1.0,1.0,1540.248046875,0.0,0.0
feature.Yield.unmanaged.SS,22,220,10,0.0,10000.0,1.0,1.0,1530.2559814453125,0.0,0.0
feature.Yield.unmanaged.SS,23,230,10,0.0,10000.0,1.0,1.0,1520.2650146484375,0.0,0.0
feature.Yield.unmanaged.SS,24,240,10,0.0,10000.0,1.0,1.0,1518.2659912109375,0.0,0.0
feature.Yield.unmanaged.SS,25,250,10,0.0,10000.0,1.0,1.0,1518.2659912109375,0.0,0.0
feature.Yield.unmanaged.SS,26,260,10,0.0,10000.0,1.0,1.0,1518.2659912109375,0.0,0.0
feature.Yield.unmanaged.SS,27,270,10,0.0,10000.0,1.0,1.0,1518.2659912109375,0.0,0.0
feature.Yield.unmanaged.SS,28,280,10,0.0,10000.0,1.0,1.0,1518.2659912109375,0.0,0.0
feature.Yield.unmanaged.SS,29,290,10,0.0,10000.0,1.0,1.0,1518.2659912109375,0.0,0.0
feature.Yield.unmanaged.SS,30,300,10,0.0,10000.0,1.0,1.0,1518.2659912109375,0.0,0.0
feature.Yield.unmanaged.Total,0,0,10,0.0,10000.0,1.0,1.0,79556.3671875,0.0,0.0
feature.Yield.unmanaged.Total,1,10,10,0.0,10000.0,1.0,1.0,89191.359375,0.0,0.0
feature.Yield.unmanaged.Total,2,20,10,0.0,10000.0,1.0,1.0,98478.796875,0.0,0.0
feature.Yield.unmanaged.Total,3,30,10,0.0,10000.0,1.0,1.0,107188.765625,0.0,0.0
feature.Yield.unmanaged.Total,4,40,10,0.0,10000.0,1.0,1.0,115018.8828125,0.0,0.0
feature.Yield.unmanaged.Total,5,50,10,0.0,10000.0,1.0,1.0,121808.109375,0.0,0.0
feature.Yield.unmanaged.Total,6,60,10,0.0,10000.0,1.0,1.0,127477.921875,0.0,0.0
feature.Yield.unmanaged.Total,7,70,10,0.0,10000.0,1.0,1.0,132063.875,0.0,0.0
feature.Yield.unmanaged.Total,8,80,10,0.0,10000.0,1.0,1.0,135596.390625,0.0,0.0
feature.Yield.unmanaged.Total,9,90,10,0.0,10000.0,1.0,1.0,138179.4375,0.0,0.0
feature.Yield.unmanaged.Total,10,100,10,0.0,10000.0,1.0,1.0,139872.015625,0.0,0.0
feature.Yield.unmanaged.Total,11,110,10,0.0,10000.0,1.0,1.0,140761.328125,0.0,0.0
feature.Yield.unmanaged.Total,12,120,10,0.0,10000.0,1.0,1.0,140948.859375,0.0,0.0
feature.Yield.unmanaged.Total,13,130,10,0.0,10000.0,1.0,1.0,140512.578125,0.0,0.0
feature.Yield.unmanaged.Total,14,140,10,0.0,10000.0,1.0,1.0,139647.609375,0.0,0.0
feature.Yield.unmanaged.Total,15,150,10,0.0,10000.0,1.0,1.0,138699.5625,0.0,0.0
feature.Yield.unmanaged.Total,16,160,10,0.0,10000.0,1.0,1.0,138110.0625,0.0,0.0
feature.Yield.unmanaged.Total,17,170,10,0.0,10000.0,1.0,1.0,137813.828125,0.0,0.0
feature.Yield.unmanaged.Total,18,180,10,0.0,10000.0,1.0,1.0,137442.59375,0.0,0.0
feature.Yield.unmanaged.Total,19,190,10,0.0,10000.0,1.0,1.0,136929.234375,0.0,0.0
feature.Yield.unmanaged.Total,20,200,10,0.0,10000.0,1.0,1.0,136441.484375,0.0,0.0
feature.Yield.unmanaged.Total,21,210,10,0.0,10000.0,1.0,1.0,135970.875,0.0,0.0
feature.Yield.unmanaged.Total,22,220,10,0.0,10000.0,1.0,1.0,135500.015625,0.0,0.0
feature.Yield.unmanaged.Total,23,230,10,0.0,10000.0,1.0,1.0,135039.71875,0.0,0.0
feature.Yield.unmanaged.Total,24,240,10,0.0,10000.0,1.0,1.0,134633.71875,0.0,0.0
feature.Yield.unmanaged.Total,25,250,10,0.0,10000.0,1.0,1.0,134394.625,0.0,0.0
feature.Yield.unmanaged.Total,26,260,10,0.0,10000.0,1.0,1.0,134350.390625,0.0,0.0
feature.Yield.unmanaged.Total,27,270,10,0.0,10000.0,1.0,1.0,134350.015625,0.0,0.0
feature.Yield.unmanaged.Total,28,280,10,0.0,10000.0,1.0,1.0,134350.015625,0.0,0.0
feature.Yield.unmanaged.Total,29,290,10,0.0,10000.0,1.0,1.0,134350.015625,0.0,0.0
feature.Yield.unmanaged.Total,30,300,10,0.0,10000.0,1.0,1.0,134350.015625,0.0,0.0
feature.Yield.unmanaged.YC,0,0,10,0.0,10000.0,1.0,1.0,91.375,0.0,0.0
feature.Yield.unmanaged.YC,1,10,10,0.0,10000.0,1.0,1.0,91.63899993896484,0.0,0.0
feature.Yield.unmanaged.YC,2,20,10,0.0,10000.0,1.0,1.0,91.9020004272461,0.0,0.0
feature.Yield.unmanaged.YC,3,30,10,0.0,10000.0,1.0,1.0,91.63899993896484,0.0,0.0
feature.Yield.unmanaged.YC,4,40,10,0.0,10000.0,1.0,1.0,91.375,0.0,0.0
feature.Yield.unmanaged.YC,5,50,10,0.0,10000.0,1.0,1.0,90.8479995727539,0.0,0.0
feature.Yield.unmanaged.YC,6,60,10,0.0,10000.0,1.0,1.0,90.3219985961914,0.0,0.0
feature.Yield.unmanaged.YC,7,70,10,0.0,10000.0,1.0,1.0,90.3219985961914,0.0,0.0
feature.Yield.unmanaged.YC,8,80,10,0.0,10000.0,1.0,1.0,90.3219985961914,0.0,0.0
feature.Yield.unmanaged.YC,9,90,10,0.0,10000.0,1.0,1.0,90.3219985961914,0.0,0.0
feature.Yield.unmanaged.YC,10,100,10,0.0,10000.0,1.0,1.0,90.3219985961914,0.0,0.0
feature.Yield.unmanaged.YC,11,110,10,0.0,10000.0,1.0,1.0,90.3219985961914,0.0,0.0
feature.Yield.unmanaged.YC,12,120,10,0.0,10000.0,1.0,1.0,90.3219985961914,0.0,0.0
feature.Yield.unmanaged.YC,13,130,10,0.0,10000.0,1.0,1.0,90.3219985961914,0.0,0.0
feature.Yield.unmanaged.YC,14,140,10,0.0,10000.0,1.0,1.0,90.3219985961914,0.0,0.0
feature.Yield.unmanaged.YC,15,150,10,0.0,10000.0,1.0,1.0,90.3219985961914,0.0,0.0
feature.Yield.unmanaged.YC,16,160,10,0.0,10000.0,1.0,1.0,90.3219985961914,0.0,0.0
feature.Yield.unmanaged.YC,17,170,10,0.0,10000.0,1.0,1.0,90.3219985961914,0.0,0.0
feature.Yield.unmanaged.YC,18,180,10,0.0,10000.0,1.0,1.0,90.3219985961914,0.0,0.0
feature.Yield.unmanaged.YC,19,190,10,0.0,10000.0,1.0,1.0,90.3219985961914,0.0,0.0
feature.Yield.unmanaged.YC,20,200,10,0.0,10000.0,1.0,1.0,90.3219985961914,0.0,0.0
feature.Yield.unmanaged.YC,21,210,10,0.0,10000.0,1.0,1.0,90.3219985961914,0.0,0.0
feature.Yield.unmanaged.YC,22,220,10,0.0,10000.0,1.0,1.0,90.3219985961914,0.0,0.0
feature.Yield.unmanaged.YC,23,230,10,0.0,10000.0,1.0,1.0,90.3219985961914,0.0,0.0
feature.Yield.unmanaged.YC,24,240,10,0.0,10000.0,1.0,1.0,90.3219985961914,0.0,0.0
feature.Yield.unmanaged.YC,25,250,10,0.0,10000.0,1.0,1.0,90.3219985961914,0.0,0.0
feature.Yield.unmanaged.YC,26,260,10,0.0,10000.0,1.0,1.0,90.3219985961914,0.0,0.0
feature.Yield.unmanaged.YC,27,270,10,0.0,10000.0,1.0,1.0,90.3219985961914,0.0,0.0
feature.Yield.unmanaged.YC,28,280,10,0.0,10000.0,1.0,1.0,90.3219985961914,0.0,0.0
feature.Yield.unmanaged.YC,29,290,10,0.0,10000.0,1.0,1.0,90.3219985961914,0.0,0.0
feature.Yield.unmanaged.YC,30,300,10,0.0,10000.0,1.0,1.0,90.3219985961914,0.0,0.0
flow.even.product.Yield.managed.BA,0,0,10,0.0,10000.0,1.0,1.0,0.0,0.0,0.0
flow.even.product.Yield.managed.BA,1,10,10,0.0,10000.0,1.0,1.0,0.0,0.0,0.0
flow.even.product.Yield.managed.BA,2,20,10,0.0,10000.0,1.0,1.0,0.0,0.0,0.0
flow.even.product.Yield.managed.BA,3,30,10,0.0,10000.0,1.0,1.0,0.0,0.0,0.0
flow.even.product.Yield.managed.BA,4,40,10,0.0,10000.0,1.0,1.0,0.0,0.0,0.0
flow.even.product.Yield.managed.BA,5,50,10,0.0,10000.0,1.0,1.0,0.0,0.0,0.0
flow.even.product.Yield.managed.BA,6,60,10,0.0,10000.0,1.0,1.0,0.0,0.0,0.0
flow.even.product.Yield.managed.BA,7,70,10,0.0,10000.0,1.0,1.0,0.0,0.0,0.0
flow.even.product.Yield.managed.BA,8,80,10,0.0,10000.0,1.0,1.0,0.0,0.0,0.0
flow.even.product.Yield.managed.BA,9,90,10,0.0,10000.0,1.0,1.0,0.0,0.0,0.0
flow.even.product.Yield.managed.BA,10,100,10,0.0,10000.0,1.0,1.0,0.0,0.0,0.0
flow.even.product.Yield.managed.BA,11,110,10,0.0,10000.0,1.0,1.0,0.0,0.0,0.0
flow.even.product.Yield.managed.BA,12,120,10,0.0,10000.0,1.0,1.0,0.0,0.0,0.0
flow.even.product.Yield.managed.BA,13,130,10,0.0,10000.0,1.0,1.0,0.0,0.0,0.0
flow.even.product.Yield.managed.BA,14,140,10,0.0,10000.0,1.0,1.0,0.0,0.0,0.0
flow.even.product.Yield.managed.BA,15,150,10,0.0,10000.0,1.0,1.0,0.0,0.0,0.0
flow.even.product.Yield.managed.BA,16,160,10,0.0,10000.0,1.0,1.0,0.0,0.0,0.0
flow.even.product.Yield.managed.BA,17,170,10,0.0,10000.0,1.0,1.0,0.0,0.0,0.0
flow.even.product.Yield.managed.BA,18,180,10,0.0,10000.0,1.0,1.0,0.0,0.0,0.0
flow.even.product.Yield.managed.BA,19,190,10,0.0,10000.0,1.0,1.0,0.0,0.0,0.0
flow.even.product.Yield.managed.BA,20,200,10,0.0,10000.0,1.0,1.0,0.0,0.0,0.0
flow.even.product.Yield.managed.BA,21,210,10,0.0,10000.0,1.0,1.0,0.0,0.0,0.0
flow.even.product.Yield.managed.BA,22,220,10,0.0,10000.0,1.0,1.0,0.0,0.0,0.0
flow.even.product.Yield.managed.BA,23,230,10,0.0,10000.0,1.0,1.0,0.0,0.0,0.0
flow.even.product.Yield.managed.BA,24,240,10,0.0,10000.0,1.0,1.0,0.0,0.0,0.0
flow.even.product.Yield.managed.BA,25,250,10,0.0,10000.0,1.0,1.0,0.0,0.0,0.0
flow.even.product.Yield.managed.BA,26,260,10,0.0,10000.0,1.0,1.0,0.0,0.0,0.0
flow.even.product.Yield.managed.BA,27,270,10,0.0,10000.0,1.0,1.0,0.0,0.0,0.0
flow.even.product.Yield.managed.BA,28,280,10,0.0,10000.0,1.0,1.0,0.0,0.0,0.0
flow.even.product.Yield.managed.BA,29,290,10,0.0,10000.0,1.0,1.0,0.0,0.0,0.0
flow.even.product.Yield.managed.BA,30,300,10,0.0,10000.0,1.0,1.0,0.0,0.0,0.0
flow.even.product.Yield.managed.CW,0,0,10,0.0,10000.0,1.0,1.0,0.0,0.0,0.0
flow.even.product.Yield.managed.CW,1,10,10,0.0,10000.0,1.0,1.0,-75.51799774169922,0.0,0.0
flow.even.product.Yield.managed.CW,2,20,10,0.0,10000.0,1.0,1.0,-34.36199951171875,0.0,0.0
flow.even.product.Yield.managed.CW,3,30,10,0.0,10000.0,1.0,1.0,18.804000854492188,0.0,0.0
flow.even.product.Yield.managed.CW,4,40,10,0.0,10000.0,1.0,1.0,-10.199999809265137,0.0,0.0
flow.even.product.Yield.managed.CW,5,50,10,0.0,10000.0,1.0,1.0,-20.503999710083008,0.0,0.0
flow.even.product.Yield.managed.CW,6,60,10,0.0,10000.0,1.0,1.0,0.9990000128746033,0.0,0.0
flow.even.product.Yield.managed.CW,7,70,10,0.0,10000.0,1.0,1.0,10.902999877929688,0.0,0.0
flow.even.product.Yield.managed.CW,8,80,10,0.0,10000.0,1.0,1.0,8.913000106811523,0.0,0.0
flow.even.product.Yield.managed.CW,9,90,10,0.0,10000.0,1.0,1.0,0.8949999809265137,0.0,0.0
flow.even.product.Yield.managed.CW,10,100,10,0.0,10000.0,1.0,1.0,7.909999847412109,0.0,0.0
flow.even.product.Yield.managed.CW,11,110,10,0.0,10000.0,1.0,1.0,-5.580999851226807,0.0,0.0
flow.even.product.Yield.managed.CW,12,120,10,0.0,10000.0,1.0,1.0,8.142000198364258,0.0,0.0
flow.even.product.Yield.managed.CW,13,130,10,0.0,10000.0,1.0,1.0,3.5250000953674316,0.0,0.0
flow.even.product.Yield.managed.CW,14,140,10,0.0,10000.0,1.0,1.0,-2.8450000286102295,0.0,0.0
flow.even.product.Yield.managed.CW,15,150,10,0.0,10000.0,1.0,1.0,6.144999980926514,0.0,0.0
flow.even.product.Yield.managed.CW,16,160,10,0.0,10000.0,1.0,1.0,11.319000244140625,0.0,0.0
flow.even.product.Yield.managed.CW,17,170,10,0.0,10000.0,1.0,1.0,-7.355000019073486,0.0,0.0
flow.even.product.Yield.managed.CW,18,180,10,0.0,10000.0,1.0,1.0,7.172999858856201,0.0,0.0
flow.even.product.Yield.managed.CW,19,190,10,0.0,10000.0,1.0,1.0,-1.4919999837875366,0.0,0.0
flow.even.product.Yield.managed.CW,20,200,10,0.0,10000.0,1.0,1.0,-0.7760000228881836,0.0,0.0
flow.even.product.Yield.managed.CW,21,210,10,0.0,10000.0,1.0,1.0,2.1640000343322754,0.0,0.0
flow.even.product.Yield.managed.CW,22,220,10,0.0,10000.0,1.0,1.0,14.927000045776367,0.0,0.0
flow.even.product.Yield.managed.CW,23,230,10,0.0,10000.0,1.0,1.0,11.694000244140625,0.0,0.0
flow.even.product.Yield.managed.CW,24,240,10,0.0,10000.0,1.0,1.0,-5.25600004196167,0.0,0.0
flow.even.product.Yield.managed.CW,25,250,10,0.0,10000.0,1.0,1.0,-3.989000082015991,0.0,0.0
flow.even.product.Yield.managed.CW,26,260,10,0.0,10000.0,1.0,1.0,-7.260000228881836,0.0,0.0
flow.even.product.Yield.managed.CW,27,270,10,0.0,10000.0,1.0,1.0,0.7080000042915344,0.0,0.0
flow.even.product.Yield.managed.CW,28,280,10,0.0,10000.0,1.0,1.0,7.877999782562256,0.0,0.0
flow.even.product.Yield.managed.CW,29,290,10,0.0,10000.0,1.0,1.0,-2.1679999828338623,0.0,0.0
flow.even.product.Yield.managed.CW,30,300,10,0.0,10000.0,1.0,1.0,0.0,0.0,0.0
flow.even.product.Yield.managed.FDC,0,0,10,0.0,10000.0,1.0,1.0,0.0,0.0,0.0
flow.even.product.Yield.managed.FDC,1,10,10,0.0,10000.0,1.0,1.0,-39.90800094604492,0.0,0.0
flow.even.product.Yield.managed.FDC,2,20,10,0.0,10000.0,1.0,1.0,-38.483001708984375,0.0,0.0
flow.even.product.Yield.managed.FDC,3,30,10,0.0,10000.0,1.0,1.0,-73.14299774169922,0.0,0.0
flow.even.product.Yield.managed.FDC,4,40,10,0.0,10000.0,1.0,1.0,17.834999084472656,0.0,0.0
flow.even.product.Yield.managed.FDC,5,50,10,0.0,10000.0,1.0,1.0,-33.61000061035156,0.0,0.0
flow.even.product.Yield.managed.FDC,6,60,10,0.0,10000.0,1.0,1.0,-5.578000068664551,0.0,0.0
flow.even.product.Yield.managed.FDC,7,70,10,0.0,10000.0,1.0,1.0,-28.042999267578125,0.0,0.0
flow.even.product.Yield.managed.FDC,8,80,10,0.0,10000.0,1.0,1.0,-7.317999839782715,0.0,0.0
flow.even.product.Yield.managed.FDC,9,90,10,0.0,10000.0,1.0,1.0,-32.11899948120117,0.0,0.0
flow.even.product.Yield.managed.FDC,10,100,10,0.0,10000.0,1.0,1.0,-33.64500045776367,0.0,0.0
flow.even.product.Yield.managed.FDC,11,110,10,0.0,10000.0,1.0,1.0,-1.156000018119812,0.0,0.0
flow.even.product.Yield.managed.FDC,12,120,10,0.0,10000.0,1.0,1.0,-17.547000885009766,0.0,0.0
flow.even.product.Yield.managed.FDC,13,130,10,0.0,10000.0,1.0,1.0,-25.0310001373291,0.0,0.0
flow.even.product.Yield.managed.FDC,14,140,10,0.0,10000.0,1.0,1.0,0.6700000166893005,0.0,0.0
flow.even.product.Yield.managed.FDC,15,150,10,0.0,10000.0,1.0,1.0,-5.01200008392334,0.0,0.0
flow.even.product.Yield.managed.FDC,16,160,10,0.0,10000.0,1.0,1.0,-59.303001403808594,0.0,0.0
flow.even.product.Yield.managed.FDC,17,170,10,0.0,10000.0,1.0,1.0,57.41699981689453,0.0,0.0
flow.even.product.Yield.managed.FDC,18,180,10,0.0,10000.0,1.0,1.0,-65.83599853515625,0.0,0.0
flow.even.product.Yield.managed.FDC,19,190,10,0.0,10000.0,1.0,1.0,7.711999893188477,0.0,0.0
flow.even.product.Yield.managed.FDC,20,200,10,0.0,10000.0,1.0,1.0,-19.28700065612793,0.0,0.0
flow.even.product.Yield.managed.FDC,21,210,10,0.0,10000.0,1.0,1.0,-18.7189998626709,0.0,0.0
flow.even.product.Yield.managed.FDC,22,220,10,0.0,10000.0,1.0,1.0,-62.11000061035156,0.0,0.0
flow.even.product.Yield.managed.FDC,23,230,10,0.0,10000.0,1.0,1.0,-64.87799835205078,0.0,0.0
flow.even.product.Yield.managed.FDC,24,240,10,0.0,10000.0,1.0,1.0,-51.62200164794922,0.0,0.0
flow.even.product.Yield.managed.FDC,25,250,10,0.0,10000.0,1.0,1.0,3.0980000495910645,0.0,0.0
flow.even.product.Yield.managed.FDC,26,260,10,0.0,10000.0,1.0,1.0,-0.9129999876022339,0.0,0.0
flow.even.product.Yield.managed.FDC,27,270,10,0.0,10000.0,1.0,1.0,-3.744999885559082,0.0,0.0
flow.even.product.Yield.managed.FDC,28,280,10,0.0,10000.0,1.0,1.0,-41.2869987487793,0.0,0.0
flow.even.product.Yield.managed.FDC,29,290,10,0.0,10000.0,1.0,1.0,3.138000011444092,0.0,0.0
flow.even.product.Yield.managed.FDC,30,300,10,0.0,10000.0,1.0,1.0,0.0,0.0,0.0
flow.even.product.Yield.managed.HW,0,0,10,0.0,10000.0,1.0,1.0,0.0,0.0,0.0
flow.even.product.Yield.managed.HW,1,10,10,0.0,10000.0,1.0,1.0,53.084999084472656,0.0,0.0
flow.even.product.Yield.managed.HW,2,20,10,0.0,10000.0,1.0,1.0,32.03099822998047,0.0,0.0
flow.even.product.Yield.managed.HW,3,30,10,0.0,10000.0,1.0,1.0,43.750999450683594,0.0,0.0
flow.even.product.Yield.managed.HW,4,40,10,0.0,10000.0,1.0,1.0,-8.638999938964844,0.0,0.0
flow.even.product.Yield.managed.HW,5,50,10,0.0,10000.0,1.0,1.0,30.658000946044922,0.0,0.0
flow.even.product.Yield.managed.HW,6,60,10,0.0,10000.0,1.0,1.0,3.381999969482422,0.0,0.0
flow.even.product.Yield.managed.HW,7,70,10,0.0,10000.0,1.0,1.0,13.013999938964844,0.0,0.0
flow.even.product.Yield.managed.HW,8,80,10,0.0,10000.0,1.0,1.0,-0.9129999876022339,0.0,0.0
flow.even.product.Yield.managed.HW,9,90,10,0.0,10000.0,1.0,1.0,21.878999710083008,0.0,0.0
flow.even.product.Yield.managed.HW,10,100,10,0.0,10000.0,1.0,1.0,20.3799991607666,0.0,0.0
flow.even.product.Yield.managed.HW,11,110,10,0.0,10000.0,1.0,1.0,2.815999984741211,0.0,0.0
flow.even.product.Yield.managed.HW,12,120,10,0.0,10000.0,1.0,1.0,9.189000129699707,0.0,0.0
flow.even.product.Yield.managed.HW,13,130,10,0.0,10000.0,1.0,1.0,16.01799964904785,0.0,0.0
flow.even.product.Yield.managed.HW,14,140,10,0.0,10000.0,1.0,1.0,0.5659999847412109,0.0,0.0
flow.even.product.Yield.managed.HW,15,150,10,0.0,10000.0,1.0,1.0,1.2400000095367432,0.0,0.0
flow.even.product.Yield.managed.HW,16,160,10,0.0,10000.0,1.0,1.0,36.89699935913086,0.0,0.0
flow.even.product.Yield.managed.HW,17,170,10,0.0,10000.0,1.0,1.0,-37.03300094604492,0.0,0.0
flow.even.product.Yield.managed.HW,18,180,10,0.0,10000.0,1.0,1.0,42.91400146484375,0.0,0.0
flow.even.product.Yield.managed.HW,19,190,10,0.0,10000.0,1.0,1.0,-4.816999912261963,0.0,0.0
flow.even.product.Yield.managed.HW,20,200,10,0.0,10000.0,1.0,1.0,13.61400032043457,0.0,0.0
flow.even.product.Yield.managed.HW,21,210,10,0.0,10000.0,1.0,1.0,12.157999992370605,0.0,0.0
flow.even.product.Yield.managed.HW,22,220,10,0.0,10000.0,1.0,1.0,36.96799850463867,0.0,0.0
flow.even.product.Yield.managed.HW,23,230,10,0.0,10000.0,1.0,1.0,40.6150016784668,0.0,0.0
flow.even.product.Yield.managed.HW,24,240,10,0.0,10000.0,1.0,1.0,24.32699966430664,0.0,0.0
flow.even.product.Yield.managed.HW,25,250,10,0.0,10000.0,1.0,1.0,-0.6980000138282776,0.0,0.0
flow.even.product.Yield.managed.HW,26,260,10,0.0,10000.0,1.0,1.0,3.259000062942505,0.0,0.0
flow.even.product.Yield.managed.HW,27,270,10,0.0,10000.0,1.0,1.0,2.3329999446868896,0.0,0.0
flow.even.product.Yield.managed.HW,28,280,10,0.0,10000.0,1.0,1.0,25.68199920654297,0.0,0.0
flow.even.product.Yield.managed.HW,29,290,10,0.0,10000.0,1.0,1.0,-1.3860000371932983,0.0,0.0
flow.even.product.Yield.managed.HW,30,300,10,0.0,10000.0,1.0,1.0,0.0,0.0,0.0
flow.even.product.Yield.managed.SS,0,0,10,0.0,10000.0,1.0,1.0,0.0,0.0,0.0
flow.even.product.Yield.managed.SS,1,10,10,0.0,10000.0,1.0,1.0,0.0,0.0,0.0
flow.even.product.Yield.managed.SS,2,20,10,0.0,10000.0,1.0,1.0,0.0,0.0,0.0
flow.even.product.Yield.managed.SS,3,30,10,0.0,10000.0,1.0,1.0,0.0,0.0,0.0
flow.even.product.Yield.managed.SS,4,40,10,0.0,10000.0,1.0,1.0,0.0,0.0,0.0
flow.even.product.Yield.managed.SS,5,50,10,0.0,10000.0,1.0,1.0,0.0,0.0,0.0
flow.even.product.Yield.managed.SS,6,60,10,0.0,10000.0,1.0,1.0,0.0,0.0,0.0
flow.even.product.Yield.managed.SS,7,70,10,0.0,10000.0,1.0,1.0,0.0,0.0,0.0
flow.even.product.Yield.managed.SS,8,80,10,0.0,10000.0,1.0,1.0,0.0,0.0,0.0
flow.even.product.Yield.managed.SS,9,90,10,0.0,10000.0,1.0,1.0,0.0,0.0,0.0
flow.even.product.Yield.managed.SS,10,100,10,0.0,10000.0,1.0,1.0,0.0,0.0,0.0
flow.even.product.Yield.managed.SS,11,110,10,0.0,10000.0,1.0,1.0,0.0,0.0,0.0
flow.even.product.Yield.managed.SS,12,120,10,0.0,10000.0,1.0,1.0,0.0,0.0,0.0
flow.even.product.Yield.managed.SS,13,130,10,0.0,10000.0,1.0,1.0,0.0,0.0,0.0
flow.even.product.Yield.managed.SS,14,140,10,0.0,10000.0,1.0,1.0,0.0,0.0,0.0
flow.even.product.Yield.managed.SS,15,150,10,0.0,10000.0,1.0,1.0,0.0,0.0,0.0
flow.even.product.Yield.managed.SS,16,160,10,0.0,10000.0,1.0,1.0,0.0,0.0,0.0
flow.even.product.Yield.managed.SS,17,170,10,0.0,10000.0,1.0,1.0,0.0,0.0,0.0
flow.even.product.Yield.managed.SS,18,180,10,0.0,10000.0,1.0,1.0,0.0,0.0,0.0
flow.even.product.Yield.managed.SS,19,190,10,0.0,10000.0,1.0,1.0,0.0,0.0,0.0
flow.even.product.Yield.managed.SS,20,200,10,0.0,10000.0,1.0,1.0,0.0,0.0,0.0
flow.even.product.Yield.managed.SS,21,210,10,0.0,10000.0,1.0,1.0,0.0,0.0,0.0
flow.even.product.Yield.managed.SS,22,220,10,0.0,10000.0,1.0,1.0,0.0,0.0,0.0
flow.even.product.Yield.managed.SS,23,230,10,0.0,10000.0,1.0,1.0,0.0,0.0,0.0
flow.even.product.Yield.managed.SS,24,240,10,0.0,10000.0,1.0,1.0,0.0,0.0,0.0
flow.even.product.Yield.managed.SS,25,250,10,0.0,10000.0,1.0,1.0,0.0,0.0,0.0
flow.even.product.Yield.managed.SS,26,260,10,0.0,10000.0,1.0,1.0,0.0,0.0,0.0
flow.even.product.Yield.managed.SS,27,270,10,0.0,10000.0,1.0,1.0,0.0,0.0,0.0
flow.even.product.Yield.managed.SS,28,280,10,0.0,10000.0,1.0,1.0,0.0,0.0,0.0
flow.even.product.Yield.managed.SS,29,290,10,0.0,10000.0,1.0,1.0,0.0,0.0,0.0
flow.even.product.Yield.managed.SS,30,300,10,0.0,10000.0,1.0,1.0,0.0,0.0,0.0
flow.even.product.Yield.managed.Total,0,0,10,1.0,1.0,1.0,1.0,0.0,0.0,0.0
flow.even.product.Yield.managed.Total,1,10,10,1.0,1.0,1.0,1.0,-0.0020000000949949026,0.0,0.1004004
flow.even.product.Yield.managed.Total,2,20,10,1.0,1.0,1.0,1.0,0.0,0.0,0.1
flow.even.product.Yield.managed.Total,3,30,10,1.0,1.0,1.0,1.0,-0.0010000000474974513,0.0,0.10020010000000001
flow.even.product.Yield.managed.Total,4,40,10,1.0,1.0,1.0,1.0,-0.0010000000474974513,0.0,0.10020010000000001
flow.even.product.Yield.managed.Total,5,50,10,1.0,1.0,1.0,1.0,0.0,0.0,0.1
flow.even.product.Yield.managed.Total,6,60,10,1.0,1.0,1.0,1.0,-0.05400000140070915,0.0,0.11109160000000001
flow.even.product.Yield.managed.Total,7,70,10,1.0,1.0,1.0,1.0,-0.017000000923871994,0.0,0.10342890000000003
flow.even.product.Yield.managed.Total,8,80,10,1.0,1.0,1.0,1.0,-0.010999999940395355,0.0,0.10221210000000003
flow.even.product.Yield.managed.Total,9,90,10,1.0,1.0,1.0,1.0,0.0,0.0,0.1
flow.even.product.Yield.managed.Total,10,100,10,1.0,1.0,1.0,1.0,-0.006000000052154064,0.0,0.1012036
flow.even.product.Yield.managed.Total,11,110,10,1.0,1.0,1.0,1.0,-0.0010000000474974513,0.0,0.10020010000000001
flow.even.product.Yield.managed.Total,12,120,10,1.0,1.0,1.0,1.0,0.003000000026077032,0.0,0.09940090000000001
flow.even.product.Yield.managed.Total,13,130,10,1.0,1.0,1.0,1.0,-0.004000000189989805,0.0,0.1008016
flow.even.product.Yield.managed.Total,14,140,10,1.0,1.0,1.0,1.0,0.0,0.0,0.1
flow.even.product.Yield.managed.Total,15,150,10,1.0,1.0,1.0,1.0,0.0,0.0,0.1
flow.even.product.Yield.managed.Total,16,160,10,1.0,1.0,1.0,1.0,0.0,0.0,0.1
flow.even.product.Yield.managed.Total,17,170,10,1.0,1.0,1.0,1.0,-0.0020000000949949026,0.0,0.1004004
flow.even.product.Yield.managed.Total,18,180,10,1.0,1.0,1.0,1.0,0.0,0.0,0.1
flow.even.product.Yield.managed.Total,19,190,10,1.0,1.0,1.0,1.0,-0.013000000268220901,0.0,0.10261690000000004
flow.even.product.Yield.managed.Total,20,200,10,1.0,1.0,1.0,1.0,0.0,0.0,0.1
flow.even.product.Yield.managed.Total,21,210,10,1.0,1.0,1.0,1.0,0.0,0.0,0.1
flow.even.product.Yield.managed.Total,22,220,10,1.0,1.0,1.0,1.0,0.0010000000474974513,0.0,0.0998001
flow.even.product.Yield.managed.Total,23,230,10,1.0,1.0,1.0,1.0,0.0,0.0,0.1
flow.even.product.Yield.managed.Total,24,240,10,1.0,1.0,1.0,1.0,0.0020000000949949026,0.0,0.0996004
flow.even.product.Yield.managed.Total,25,250,10,1.0,1.0,1.0,1.0,0.0,0.0,0.1
flow.even.product.Yield.managed.Total,26,260,10,1.0,1.0,1.0,1.0,0.0,0.0,0.1
flow.even.product.Yield.managed.Total,27,270,10,1.0,1.0,1.0,1.0,0.0,0.0,0.1
flow.even.product.Yield.managed.Total,28,280,10,1.0,1.0,1.0,1.0,-0.003000000026077032,0.0,0.10060090000000002
flow.even.product.Yield.managed.Total,29,290,10,1.0,1.0,1.0,1.0,-0.0010000000474974513,0.0,0.10020010000000001
flow.even.product.Yield.managed.Total,30,300,10,1.0,1.0,1.0,1.0,0.0,0.0,0.1
flow.even.product.Yield.managed.YC,0,0,10,0.0,10000.0,1.0,1.0,0.0,0.0,0.0
flow.even.product.Yield.managed.YC,1,10,10,0.0,10000.0,1.0,1.0,0.0,0.0,0.0
flow.even.product.Yield.managed.YC,2,20,10,0.0,10000.0,1.0,1.0,0.0,0.0,0.0
flow.even.product.Yield.managed.YC,3,30,10,0.0,10000.0,1.0,1.0,0.0,0.0,0.0
flow.even.product.Yield.managed.YC,4,40,10,0.0,10000.0,1.0,1.0,0.0,0.0,0.0
flow.even.product.Yield.managed.YC,5,50,10,0.0,10000.0,1.0,1.0,0.0,0.0,0.0
flow.even.product.Yield.managed.YC,6,60,10,0.0,10000.0,1.0,1.0,0.0,0.0,0.0
flow.even.product.Yield.managed.YC,7,70,10,0.0,10000.0,1.0,1.0,0.0,0.0,0.0
flow.even.product.Yield.managed.YC,8,80,10,0.0,10000.0,1.0,1.0,0.0,0.0,0.0
flow.even.product.Yield.managed.YC,9,90,10,0.0,10000.0,1.0,1.0,0.0,0.0,0.0
flow.even.product.Yield.managed.YC,10,100,10,0.0,10000.0,1.0,1.0,0.0,0.0,0.0
flow.even.product.Yield.managed.YC,11,110,10,0.0,10000.0,1.0,1.0,0.0,0.0,0.0
flow.even.product.Yield.managed.YC,12,120,10,0.0,10000.0,1.0,1.0,0.0,0.0,0.0
flow.even.product.Yield.managed.YC,13,130,10,0.0,10000.0,1.0,1.0,0.0,0.0,0.0
flow.even.product.Yield.managed.YC,14,140,10,0.0,10000.0,1.0,1.0,0.0,0.0,0.0
flow.even.product.Yield.managed.YC,15,150,10,0.0,10000.0,1.0,1.0,0.0,0.0,0.0
flow.even.product.Yield.managed.YC,16,160,10,0.0,10000.0,1.0,1.0,0.0,0.0,0.0
flow.even.product.Yield.managed.YC,17,170,10,0.0,10000.0,1.0,1.0,0.0,0.0,0.0
flow.even.product.Yield.managed.YC,18,180,10,0.0,10000.0,1.0,1.0,0.0,0.0,0.0
flow.even.product.Yield.managed.YC,19,190,10,0.0,10000.0,1.0,1.0,0.0,0.0,0.0
flow.even.product.Yield.managed.YC,20,200,10,0.0,10000.0,1.0,1.0,0.0,0.0,0.0
flow.even.product.Yield.managed.YC,21,210,10,0.0,10000.0,1.0,1.0,0.0,0.0,0.0
flow.even.product.Yield.managed.YC,22,220,10,0.0,10000.0,1.0,1.0,0.0,0.0,0.0
flow.even.product.Yield.managed.YC,23,230,10,0.0,10000.0,1.0,1.0,0.0,0.0,0.0
flow.even.product.Yield.managed.YC,24,240,10,0.0,10000.0,1.0,1.0,0.0,0.0,0.0
flow.even.product.Yield.managed.YC,25,250,10,0.0,10000.0,1.0,1.0,0.0,0.0,0.0
flow.even.product.Yield.managed.YC,26,260,10,0.0,10000.0,1.0,1.0,0.0,0.0,0.0
flow.even.product.Yield.managed.YC,27,270,10,0.0,10000.0,1.0,1.0,0.0,0.0,0.0
flow.even.product.Yield.managed.YC,28,280,10,0.0,10000.0,1.0,1.0,0.0,0.0,0.0
flow.even.product.Yield.managed.YC,29,290,10,0.0,10000.0,1.0,1.0,0.0,0.0,0.0
flow.even.product.Yield.managed.YC,30,300,10,0.0,10000.0,1.0,1.0,0.0,0.0,0.0
flow.ndy.feature.Yield.managed.BA,0,0,10,0.0,10000.0,1.0,1.0,0.0,0.0,0.0
flow.ndy.feature.Yield.managed.BA,1,10,10,0.0,10000.0,1.0,1.0,0.0,0.0,0.0
flow.ndy.feature.Yield.managed.BA,2,20,10,0.0,10000.0,1.0,1.0,0.0,0.0,0.0
flow.ndy.feature.Yield.managed.BA,3,30,10,0.0,10000.0,1.0,1.0,0.0,0.0,0.0
flow.ndy.feature.Yield.managed.BA,4,40,10,0.0,10000.0,1.0,1.0,0.0,0.0,0.0
flow.ndy.feature.Yield.managed.BA,5,50,10,0.0,10000.0,1.0,1.0,0.0,0.0,0.0
flow.ndy.feature.Yield.managed.BA,6,60,10,0.0,10000.0,1.0,1.0,0.0,0.0,0.0
flow.ndy.feature.Yield.managed.BA,7,70,10,0.0,10000.0,1.0,1.0,0.0,0.0,0.0
flow.ndy.feature.Yield.managed.BA,8,80,10,0.0,10000.0,1.0,1.0,0.0,0.0,0.0
flow.ndy.feature.Yield.managed.BA,9,90,10,0.0,10000.0,1.0,1.0,0.0,0.0,0.0
flow.ndy.feature.Yield.managed.BA,10,100,10,0.0,10000.0,1.0,1.0,0.0,0.0,0.0
flow.ndy.feature.Yield.managed.BA,11,110,10,0.0,10000.0,1.0,1.0,0.0,0.0,0.0
flow.ndy.feature.Yield.managed.BA,12,120,10,0.0,10000.0,1.0,1.0,0.0,0.0,0.0
flow.ndy.feature.Yield.managed.BA,13,130,10,0.0,10000.0,1.0,1.0,0.0,0.0,0.0
flow.ndy.feature.Yield.managed.BA,14,140,10,0.0,10000.0,1.0,1.0,0.0,0.0,0.0
flow.ndy.feature.Yield.managed.BA,15,150,10,0.0,10000.0,1.0,1.0,0.0,0.0,0.0
flow.ndy.feature.Yield.managed.BA,16,160,10,0.0,10000.0,1.0,1.0,0.0,0.0,0.0
flow.ndy.feature.Yield.managed.BA,17,170,10,0.0,10000.0,1.0,1.0,0.0,0.0,0.0
flow.ndy.feature.Yield.managed.BA,18,180,10,0.0,10000.0,1.0,1.0,0.0,0.0,0.0
flow.ndy.feature.Yield.managed.BA,19,190,10,0.0,10000.0,1.0,1.0,0.0,0.0,0.0
flow.ndy.feature.Yield.managed.BA,20,200,10,0.0,10000.0,1.0,1.0,0.0,0.0,0.0
flow.ndy.feature.Yield.managed.BA,21,210,10,0.0,10000.0,1.0,1.0,0.0,0.0,0.0
flow.ndy.feature.Yield.managed.BA,22,220,10,0.0,10000.0,1.0,1.0,0.0,0.0,0.0
flow.ndy.feature.Yield.managed.BA,23,230,10,0.0,10000.0,1.0,1.0,0.0,0.0,0.0
flow.ndy.feature.Yield.managed.BA,24,240,10,0.0,10000.0,1.0,1.0,0.0,0.0,0.0
flow.ndy.feature.Yield.managed.BA,25,250,10,0.0,10000.0,1.0,1.0,0.0,0.0,0.0
flow.ndy.feature.Yield.managed.BA,26,260,10,0.0,10000.0,1.0,1.0,0.0,0.0,0.0
flow.ndy.feature.Yield.managed.BA,27,270,10,0.0,10000.0,1.0,1.0,0.0,0.0,0.0
flow.ndy.feature.Yield.managed.BA,28,280,10,0.0,10000.0,1.0,1.0,0.0,0.0,0.0
flow.ndy.feature.Yield.managed.BA,29,290,10,0.0,10000.0,1.0,1.0,0.0,0.0,0.0
flow.ndy.feature.Yield.managed.BA,30,300,10,0.0,10000.0,1.0,1.0,0.0,0.0,0.0
flow.ndy.feature.Yield.managed.CW,0,0,10,0.0,10000.0,1.0,1.0,0.0,0.0,0.0
flow.ndy.feature.Yield.managed.CW,1,10,10,0.0,10000.0,1.0,1.0,0.0,0.0,0.0
flow.ndy.feature.Yield.managed.CW,2,20,10,0.0,10000.0,1.0,1.0,0.0,0.0,0.0
flow.ndy.feature.Yield.managed.CW,3,30,10,0.0,10000.0,1.0,1.0,0.0,0.0,0.0
flow.ndy.feature.Yield.managed.CW,4,40,10,0.0,10000.0,1.0,1.0,0.0,0.0,0.0
flow.ndy.feature.Yield.managed.CW,5,50,10,0.0,10000.0,1.0,1.0,0.0,0.0,0.0
flow.ndy.feature.Yield.managed.CW,6,60,10,0.0,10000.0,1.0,1.0,0.0,0.0,0.0
flow.ndy.feature.Yield.managed.CW,7,70,10,0.0,10000.0,1.0,1.0,0.0,0.0,0.0
flow.ndy.feature.Yield.managed.CW,8,80,10,0.0,10000.0,1.0,1.0,0.0,0.0,0.0
flow.ndy.feature.Yield.managed.CW,9,90,10,0.0,10000.0,1.0,1.0,0.0,0.0,0.0
flow.ndy.feature.Yield.managed.CW,10,100,10,0.0,10000.0,1.0,1.0,0.0,0.0,0.0
flow.ndy.feature.Yield.managed.CW,11,110,10,0.0,10000.0,1.0,1.0,0.0,0.0,0.0
flow.ndy.feature.Yield.managed.CW,12,120,10,0.0,10000.0,1.0,1.0,0.0,0.0,0.0
flow.ndy.feature.Yield.managed.CW,13,130,10,0.0,10000.0,1.0,1.0,0.0,0.0,0.0
flow.ndy.feature.Yield.managed.CW,14,140,10,0.0,10000.0,1.0,1.0,0.0,0.0,0.0
flow.ndy.feature.Yield.managed.CW,15,150,10,0.0,10000.0,1.0,1.0,0.0,0.0,0.0
flow.ndy.feature.Yield.managed.CW,16,160,10,0.0,10000.0,1.0,1.0,0.0,0.0,0.0
flow.ndy.feature.Yield.managed.CW,17,170,10,0.0,10000.0,1.0,1.0,0.0,0.0,0.0
flow.ndy.feature.Yield.managed.CW,18,180,10,0.0,10000.0,1.0,1.0,0.0,0.0,0.0
flow.ndy.feature.Yield.managed.CW,19,190,10,0.0,10000.0,1.0,1.0,0.0,0.0,0.0
flow.ndy.feature.Yield.managed.CW,20,200,10,0.0,10000.0,1.0,1.0,0.0,0.0,0.0
flow.ndy.feature.Yield.managed.CW,21,210,10,0.0,10000.0,1.0,1.0,-0.21799999475479126,0.0,0.0
flow.ndy.feature.Yield.managed.CW,22,220,10,0.0,10000.0,1.0,1.0,-1.5479999780654907,0.0,0.0
flow.ndy.feature.Yield.managed.CW,23,230,10,0.0,10000.0,1.0,1.0,-0.8140000104904175,0.0,0.0
flow.ndy.feature.Yield.managed.CW,24,240,10,0.0,10000.0,1.0,1.0,1.6339999437332153,0.0,0.0
flow.ndy.feature.Yield.managed.CW,25,250,10,0.0,10000.0,1.0,1.0,1.2170000076293945,0.0,0.0
flow.ndy.feature.Yield.managed.CW,26,260,10,0.0,10000.0,1.0,1.0,1.121000051498413,0.0,0.0
flow.ndy.feature.Yield.managed.CW,27,270,10,0.0,10000.0,1.0,1.0,-0.019999999552965164,0.0,0.0
flow.ndy.feature.Yield.managed.CW,28,280,10,0.0,10000.0,1.0,1.0,-0.609000027179718,0.0,0.0
flow.ndy.feature.Yield.managed.CW,29,290,10,0.0,10000.0,1.0,1.0,0.6150000095367432,0.0,0.0
flow.ndy.feature.Yield.managed.CW,30,300,10,0.0,10000.0,1.0,1.0,1.1449999809265137,0.0,0.0
flow.ndy.feature.Yield.managed.FDC,0,0,10,0.0,10000.0,1.0,1.0,0.0,0.0,0.0
flow.ndy.feature.Yield.managed.FDC,1,10,10,0.0,10000.0,1.0,1.0,0.0,0.0,0.0
flow.ndy.feature.Yield.managed.FDC,2,20,10,0.0,10000.0,1.0,1.0,0.0,0.0,0.0
flow.ndy.feature.Yield.managed.FDC,3,30,10,0.0,10000.0,1.0,1.0,0.0,0.0,0.0
flow.ndy.feature.Yield.managed.FDC,4,40,10,0.0,10000.0,1.0,1.0,0.0,0.0,0.0
flow.ndy.feature.Yield.managed.FDC,5,50,10,0.0,10000.0,1.0,1.0,0.0,0.0,0.0
flow.ndy.feature.Yield.managed.FDC,6,60,10,0.0,10000.0,1.0,1.0,0.0,0.0,0.0
flow.ndy.feature.Yield.managed.FDC,7,70,10,0.0,10000.0,1.0,1.0,0.0,0.0,0.0
flow.ndy.feature.Yield.managed.FDC,8,80,10,0.0,10000.0,1.0,1.0,0.0,0.0,0.0
flow.ndy.feature.Yield.managed.FDC,9,90,10,0.0,10000.0,1.0,1.0,0.0,0.0,0.0
flow.ndy.feature.Yield.managed.FDC,10,100,10,0.0,10000.0,1.0,1.0,0.0,0.0,0.0
flow.ndy.feature.Yield.managed.FDC,11,110,10,0.0,10000.0,1.0,1.0,0.0,0.0,0.0
flow.ndy.feature.Yield.managed.FDC,12,120,10,0.0,10000.0,1.0,1.0,0.0,0.0,0.0
flow.ndy.feature.Yield.managed.FDC,13,130,10,0.0,10000.0,1.0,1.0,0.0,0.0,0.0
flow.ndy.feature.Yield.managed.FDC,14,140,10,0.0,10000.0,1.0,1.0,0.0,0.0,0.0
flow.ndy.feature.Yield.managed.FDC,15,150,10,0.0,10000.0,1.0,1.0,0.0,0.0,0.0
flow.ndy.feature.Yield.managed.FDC,16,160,10,0.0,10000.0,1.0,1.0,0.0,0.0,0.0
flow.ndy.feature.Yield.managed.FDC,17,170,10,0.0,10000.0,1.0,1.0,0.0,0.0,0.0
flow.ndy.feature.Yield.managed.FDC,18,180,10,0.0,10000.0,1.0,1.0,0.0,0.0,0.0
flow.ndy.feature.Yield.managed.FDC,19,190,10,0.0,10000.0,1.0,1.0,0.0,0.0,0.0
flow.ndy.feature.Yield.managed.FDC,20,200,10,0.0,10000.0,1.0,1.0,0.0,0.0,0.0
flow.ndy.feature.Yield.managed.FDC,21,210,10,0.0,10000.0,1.0,1.0,0.3089999854564667,0.0,0.0
flow.ndy.feature.Yield.managed.FDC,22,220,10,0.0,10000.0,1.0,1.0,8.661999702453613,0.0,0.0
flow.ndy.feature.Yield.managed.FDC,23,230,10,0.0,10000.0,1.0,1.0,8.949000358581543,0.0,0.0
flow.ndy.feature.Yield.managed.FDC,24,240,10,0.0,10000.0,1.0,1.0,5.732999801635742,0.0,0.0
flow.ndy.feature.Yield.managed.FDC,25,250,10,0.0,10000.0,1.0,1.0,-3.1619999408721924,0.0,0.0
flow.ndy.feature.Yield.managed.FDC,26,260,10,0.0,10000.0,1.0,1.0,-4.688000202178955,0.0,0.0
flow.ndy.feature.Yield.managed.FDC,27,270,10,0.0,10000.0,1.0,1.0,-5.125,0.0,0.0
flow.ndy.feature.Yield.managed.FDC,28,280,10,0.0,10000.0,1.0,1.0,1.0260000228881836,0.0,0.0
flow.ndy.feature.Yield.managed.FDC,29,290,10,0.0,10000.0,1.0,1.0,-5.380000114440918,0.0,0.0
flow.ndy.feature.Yield.managed.FDC,30,300,10,0.0,10000.0,1.0,1.0,-3.9820001125335693,0.0,0.0
flow.ndy.feature.Yield.managed.HW,0,0,10,0.0,10000.0,1.0,1.0,0.0,0.0,0.0
flow.ndy.feature.Yield.managed.HW,1,10,10,0.0,10000.0,1.0,1.0,0.0,0.0,0.0
flow.ndy.feature.Yield.managed.HW,2,20,10,0.0,10000.0,1.0,1.0,0.0,0.0,0.0
flow.ndy.feature.Yield.managed.HW,3,30,10,0.0,10000.0,1.0,1.0,0.0,0.0,0.0
flow.ndy.feature.Yield.managed.HW,4,40,10,0.0,10000.0,1.0,1.0,0.0,0.0,0.0
flow.ndy.feature.Yield.managed.HW,5,50,10,0.0,10000.0,1.0,1.0,0.0,0.0,0.0
flow.ndy.feature.Yield.managed.HW,6,60,10,0.0,10000.0,1.0,1.0,0.0,0.0,0.0
flow.ndy.feature.Yield.managed.HW,7,70,10,0.0,10000.0,1.0,1.0,0.0,0.0,0.0
flow.ndy.feature.Yield.managed.HW,8,80,10,0.0,10000.0,1.0,1.0,0.0,0.0,0.0
flow.ndy.feature.Yield.managed.HW,9,90,10,0.0,10000.0,1.0,1.0,0.0,0.0,0.0
flow.ndy.feature.Yield.managed.HW,10,100,10,0.0,10000.0,1.0,1.0,0.0,0.0,0.0
flow.ndy.feature.Yield.managed.HW,11,110,10,0.0,10000.0,1.0,1.0,0.0,0.0,0.0
flow.ndy.feature.Yield.managed.HW,12,120,10,0.0,10000.0,1.0,1.0,0.0,0.0,0.0
flow.ndy.feature.Yield.managed.HW,13,130,10,0.0,10000.0,1.0,1.0,0.0,0.0,0.0
flow.ndy.feature.Yield.managed.HW,14,140,10,0.0,10000.0,1.0,1.0,0.0,0.0,0.0
flow.ndy.feature.Yield.managed.HW,15,150,10,0.0,10000.0,1.0,1.0,0.0,0.0,0.0
flow.ndy.feature.Yield.managed.HW,16,160,10,0.0,10000.0,1.0,1.0,0.0,0.0,0.0
flow.ndy.feature.Yield.managed.HW,17,170,10,0.0,10000.0,1.0,1.0,0.0,0.0,0.0
flow.ndy.feature.Yield.managed.HW,18,180,10,0.0,10000.0,1.0,1.0,0.0,0.0,0.0
flow.ndy.feature.Yield.managed.HW,19,190,10,0.0,10000.0,1.0,1.0,0.0,0.0,0.0
flow.ndy.feature.Yield.managed.HW,20,200,10,0.0,10000.0,1.0,1.0,0.0,0.0,0.0
flow.ndy.feature.Yield.managed.HW,21,210,10,0.0,10000.0,1.0,1.0,-0.8679999709129333,0.0,0.0
flow.ndy.feature.Yield.managed.HW,22,220,10,0.0,10000.0,1.0,1.0,-3.61899995803833,0.0,0.0
flow.ndy.feature.Yield.managed.HW,23,230,10,0.0,10000.0,1.0,1.0,-3.943000078201294,0.0,0.0
flow.ndy.feature.Yield.managed.HW,24,240,10,0.0,10000.0,1.0,1.0,-1.5670000314712524,0.0,0.0
flow.ndy.feature.Yield.managed.HW,25,250,10,0.0,10000.0,1.0,1.0,1.819000005722046,0.0,0.0
flow.ndy.feature.Yield.managed.HW,26,260,10,0.0,10000.0,1.0,1.0,1.24399995803833,0.0,0.0
flow.ndy.feature.Yield.managed.HW,27,270,10,0.0,10000.0,1.0,1.0,1.4129999876022339,0.0,0.0
flow.ndy.feature.Yield.managed.HW,28,280,10,0.0,10000.0,1.0,1.0,-1.2130000591278076,0.0,0.0
flow.ndy.feature.Yield.managed.HW,29,290,10,0.0,10000.0,1.0,1.0,1.975000023841858,0.0,0.0
flow.ndy.feature.Yield.managed.HW,30,300,10,0.0,10000.0,1.0,1.0,2.4240000247955322,0.0,0.0
flow.ndy.feature.Yield.managed.SS,0,0,10,0.0,10000.0,1.0,1.0,0.0,0.0,0.0
flow.ndy.feature.Yield.managed.SS,1,10,10,0.0,10000.0,1.0,1.0,0.0,0.0,0.0
flow.ndy.feature.Yield.managed.SS,2,20,10,0.0,10000.0,1.0,1.0,0.0,0.0,0.0
flow.ndy.feature.Yield.managed.SS,3,30,10,0.0,10000.0,1.0,1.0,0.0,0.0,0.0
flow.ndy.feature.Yield.managed.SS,4,40,10,0.0,10000.0,1.0,1.0,0.0,0.0,0.0
flow.ndy.feature.Yield.managed.SS,5,50,10,0.0,10000.0,1.0,1.0,0.0,0.0,0.0
flow.ndy.feature.Yield.managed.SS,6,60,10,0.0,10000.0,1.0,1.0,0.0,0.0,0.0
flow.ndy.feature.Yield.managed.SS,7,70,10,0.0,10000.0,1.0,1.0,0.0,0.0,0.0
flow.ndy.feature.Yield.managed.SS,8,80,10,0.0,10000.0,1.0,1.0,0.0,0.0,0.0
flow.ndy.feature.Yield.managed.SS,9,90,10,0.0,10000.0,1.0,1.0,0.0,0.0,0.0
flow.ndy.feature.Yield.managed.SS,10,100,10,0.0,10000.0,1.0,1.0,0.0,0.0,0.0
flow.ndy.feature.Yield.managed.SS,11,110,10,0.0,10000.0,1.0,1.0,0.0,0.0,0.0
flow.ndy.feature.Yield.managed.SS,12,120,10,0.0,10000.0,1.0,1.0,0.0,0.0,0.0
flow.ndy.feature.Yield.managed.SS,13,130,10,0.0,10000.0,1.0,1.0,0.0,0.0,0.0
flow.ndy.feature.Yield.managed.SS,14,140,10,0.0,10000.0,1.0,1.0,0.0,0.0,0.0
flow.ndy.feature.Yield.managed.SS,15,150,10,0.0,10000.0,1.0,1.0,0.0,0.0,0.0
flow.ndy.feature.Yield.managed.SS,16,160,10,0.0,10000.0,1.0,1.0,0.0,0.0,0.0
flow.ndy.feature.Yield.managed.SS,17,170,10,0.0,10000.0,1.0,1.0,0.0,0.0,0.0
flow.ndy.feature.Yield.managed.SS,18,180,10,0.0,10000.0,1.0,1.0,0.0,0.0,0.0
flow.ndy.feature.Yield.managed.SS,19,190,10,0.0,10000.0,1.0,1.0,0.0,0.0,0.0
flow.ndy.feature.Yield.managed.SS,20,200,10,0.0,10000.0,1.0,1.0,0.0,0.0,0.0
flow.ndy.feature.Yield.managed.SS,21,210,10,0.0,10000.0,1.0,1.0,0.0,0.0,0.0
flow.ndy.feature.Yield.managed.SS,22,220,10,0.0,10000.0,1.0,1.0,0.0,0.0,0.0
flow.ndy.feature.Yield.managed.SS,23,230,10,0.0,10000.0,1.0,1.0,0.0,0.0,0.0
flow.ndy.feature.Yield.managed.SS,24,240,10,0.0,10000.0,1.0,1.0,-100.0,0.0,0.0
flow.ndy.feature.Yield.managed.SS,25,250,10,0.0,10000.0,1.0,1.0,0.0,0.0,0.0
flow.ndy.feature.Yield.managed.SS,26,260,10,0.0,10000.0,1.0,1.0,0.0,0.0,0.0
flow.ndy.feature.Yield.managed.SS,27,270,10,0.0,10000.0,1.0,1.0,0.0,0.0,0.0
flow.ndy.feature.Yield.managed.SS,28,280,10,0.0,10000.0,1.0,1.0,0.0,0.0,0.0
flow.ndy.feature.Yield.managed.SS,29,290,10,0.0,10000.0,1.0,1.0,0.0,0.0,0.0
flow.ndy.feature.Yield.managed.SS,30,300,10,0.0,10000.0,1.0,1.0,0.0,0.0,0.0
flow.ndy.feature.Yield.managed.Total,0,0,10,0.0,10000.0,1.0,1.0,0.0,0.0,0.0
flow.ndy.feature.Yield.managed.Total,1,10,10,0.0,10000.0,1.0,1.0,0.0,0.0,0.0
flow.ndy.feature.Yield.managed.Total,2,20,10,0.0,10000.0,1.0,1.0,0.0,0.0,0.0
flow.ndy.feature.Yield.managed.Total,3,30,10,0.0,10000.0,1.0,1.0,0.0,0.0,0.0
flow.ndy.feature.Yield.managed.Total,4,40,10,0.0,10000.0,1.0,1.0,0.0,0.0,0.0
flow.ndy.feature.Yield.managed.Total,5,50,10,0.0,10000.0,1.0,1.0,0.0,0.0,0.0
flow.ndy.feature.Yield.managed.Total,6,60,10,0.0,10000.0,1.0,1.0,0.0,0.0,0.0
flow.ndy.feature.Yield.managed.Total,7,70,10,0.0,10000.0,1.0,1.0,0.0,0.0,0.0
flow.ndy.feature.Yield.managed.Total,8,80,10,0.0,10000.0,1.0,1.0,0.0,0.0,0.0
flow.ndy.feature.Yield.managed.Total,9,90,10,0.0,10000.0,1.0,1.0,0.0,0.0,0.0
flow.ndy.feature.Yield.managed.Total,10,100,10,0.0,10000.0,1.0,1.0,0.0,0.0,0.0
flow.ndy.feature.Yield.managed.Total,11,110,10,0.0,10000.0,1.0,1.0,0.0,0.0,0.0
flow.ndy.feature.Yield.managed.Total,12,120,10,0.0,10000.0,1.0,1.0,0.0,0.0,0.0
flow.ndy.feature.Yield.managed.Total,13,130,10,0.0,10000.0,1.0,1.0,0.0,0.0,0.0
flow.ndy.feature.Yield.managed.Total,14,140,10,0.0,10000.0,1.0,1.0,0.0,0.0,0.0
flow.ndy.feature.Yield.managed.Total,15,150,10,0.0,10000.0,1.0,1.0,0.0,0.0,0.0
flow.ndy.feature.Yield.managed.Total,16,160,10,0.0,10000.0,1.0,1.0,0.0,0.0,0.0
flow.ndy.feature.Yield.managed.Total,17,170,10,0.0,10000.0,1.0,1.0,0.0,0.0,0.0
flow.ndy.feature.Yield.managed.Total,18,180,10,0.0,10000.0,1.0,1.0,0.0,0.0,0.0
flow.ndy.feature.Yield.managed.Total,19,190,10,0.0,10000.0,1.0,1.0,0.0,0.0,0.0
flow.ndy.feature.Yield.managed.Total,20,200,10,0.0,10000.0,1.0,1.0,0.0,0.0,0.0
flow.ndy.feature.Yield.managed.Total,21,210,10,0.0,10000.0,1.0,1.0,-0.4180000126361847,0.0,0.041800000000000004
flow.ndy.feature.Yield.managed.Total,22,220,10,0.0,10000.0,1.0,1.0,0.004999999888241291,0.0,0.0
flow.ndy.feature.Yield.managed.Total,23,230,10,0.0,10000.0,1.0,1.0,0.3569999933242798,0.0,0.0
flow.ndy.feature.Yield.managed.Total,24,240,10,0.0,10000.0,1.0,1.0,0.4350000023841858,0.0,0.0
flow.ndy.feature.Yield.managed.Total,25,250,10,0.0,10000.0,1.0,1.0,0.08900000154972076,0.0,0.0
flow.ndy.feature.Yield.managed.Total,26,260,10,0.0,10000.0,1.0,1.0,-0.6489999890327454,0.0,0.0649
flow.ndy.feature.Yield.managed.Total,27,270,10,0.0,10000.0,1.0,1.0,-0.828000009059906,0.0,0.08280000000000001
flow.ndy.feature.Yield.managed.Total,28,280,10,0.0,10000.0,1.0,1.0,-0.4390000104904175,0.0,0.0439
flow.ndy.feature.Yield.managed.Total,29,290,10,0.0,10000.0,1.0,1.0,-0.43700000643730164,0.0,0.0437
flow.ndy.feature.Yield.managed.Total,30,300,10,0.0,10000.0,1.0,1.0,0.39899998903274536,0.0,0.0
flow.ndy.feature.Yield.managed.YC,0,0,10,0.0,10000.0,1.0,1.0,0.0,0.0,0.0
flow.ndy.feature.Yield.managed.YC,1,10,10,0.0,10000.0,1.0,1.0,0.0,0.0,0.0
flow.ndy.feature.Yield.managed.YC,2,20,10,0.0,10000.0,1.0,1.0,0.0,0.0,0.0
flow.ndy.feature.Yield.managed.YC,3,30,10,0.0,10000.0,1.0,1.0,0.0,0.0,0.0
flow.ndy.feature.Yield.managed.YC,4,40,10,0.0,10000.0,1.0,1.0,0.0,0.0,0.0
flow.ndy.feature.Yield.managed.YC,5,50,10,0.0,10000.0,1.0,1.0,0.0,0.0,0.0
flow.ndy.feature.Yield.managed.YC,6,60,10,0.0,10000.0,1.0,1.0,0.0,0.0,0.0
flow.ndy.feature.Yield.managed.YC,7,70,10,0.0,10000.0,1.0,1.0,0.0,0.0,0.0
flow.ndy.feature.Yield.managed.YC,8,80,10,0.0,10000.0,1.0,1.0,0.0,0.0,0.0
flow.ndy.feature.Yield.managed.YC,9,90,10,0.0,10000.0,1.0,1.0,0.0,0.0,0.0
flow.ndy.feature.Yield.managed.YC,10,100,10,0.0,10000.0,1.0,1.0,0.0,0.0,0.0
flow.ndy.feature.Yield.managed.YC,11,110,10,0.0,10000.0,1.0,1.0,0.0,0.0,0.0
flow.ndy.feature.Yield.managed.YC,12,120,10,0.0,10000.0,1.0,1.0,0.0,0.0,0.0
flow.ndy.feature.Yield.managed.YC,13,130,10,0.0,10000.0,1.0,1.0,0.0,0.0,0.0
flow.ndy.feature.Yield.managed.YC,14,140,10,0.0,10000.0,1.0,1.0,0.0,0.0,0.0
flow.ndy.feature.Yield.managed.YC,15,150,10,0.0,10000.0,1.0,1.0,0.0,0.0,0.0
flow.ndy.feature.Yield.managed.YC,16,160,10,0.0,10000.0,1.0,1.0,0.0,0.0,0.0
flow.ndy.feature.Yield.managed.YC,17,170,10,0.0,10000.0,1.0,1.0,0.0,0.0,0.0
flow.ndy.feature.Yield.managed.YC,18,180,10,0.0,10000.0,1.0,1.0,0.0,0.0,0.0
flow.ndy.feature.Yield.managed.YC,19,190,10,0.0,10000.0,1.0,1.0,0.0,0.0,0.0
flow.ndy.feature.Yield.managed.YC,20,200,10,0.0,10000.0,1.0,1.0,0.0,0.0,0.0
flow.ndy.feature.Yield.managed.YC,21,210,10,0.0,10000.0,1.0,1.0,5.934000015258789,0.0,0.0
flow.ndy.feature.Yield.managed.YC,22,220,10,0.0,10000.0,1.0,1.0,-7.656000137329102,0.0,0.0
flow.ndy.feature.Yield.managed.YC,23,230,10,0.0,10000.0,1.0,1.0,5.24399995803833,0.0,0.0
flow.ndy.feature.Yield.managed.YC,24,240,10,0.0,10000.0,1.0,1.0,-55.345001220703125,0.0,0.0
flow.ndy.feature.Yield.managed.YC,25,250,10,0.0,10000.0,1.0,1.0,8.128000259399414,0.0,0.0
flow.ndy.feature.Yield.managed.YC,26,260,10,0.0,10000.0,1.0,1.0,7.065000057220459,0.0,0.0
flow.ndy.feature.Yield.managed.YC,27,270,10,0.0,10000.0,1.0,1.0,6.53000020980835,0.0,0.0
flow.ndy.feature.Yield.managed.YC,28,280,10,0.0,10000.0,1.0,1.0,6.001999855041504,0.0,0.0
flow.ndy.feature.Yield.managed.YC,29,290,10,0.0,10000.0,1.0,1.0,6.159999847412109,0.0,0.0
flow.ndy.feature.Yield.managed.YC,30,300,10,0.0,10000.0,1.0,1.0,7.406000137329102,0.0,0.0
patch.blocks.area,0,0,10,0.0,1.0,0.0010000000474974513,0.0010000000474974513,0.0,0.0,0.0
patch.blocks.area,1,10,10,0.0,1.0,0.0010000000474974513,0.0010000000474974513,59.069000244140625,0.0,0.0
patch.blocks.area,2,20,10,0.0,1.0,0.0010000000474974513,0.0010000000474974513,70.90699768066406,0.0,0.0
patch.blocks.area,3,30,10,0.0,1.0,0.0010000000474974513,0.0010000000474974513,29.770000457763672,0.0,0.0
patch.blocks.area,4,40,10,0.0,1.0,0.0010000000474974513,0.0010000000474974513,51.90299987792969,0.0,0.0
patch.blocks.area,5,50,10,0.0,1.0,0.0010000000474974513,0.0010000000474974513,29.68600082397461,0.0,0.0
patch.blocks.area,6,60,10,0.0,1.0,0.0010000000474974513,0.0010000000474974513,0.0,0.0,0.0
patch.blocks.area,7,70,10,0.0,1.0,0.0010000000474974513,0.0010000000474974513,97.79000091552734,0.0,0.0
patch.blocks.area,8,80,10,0.0,1.0,0.0010000000474974513,0.0010000000474974513,46.2140007019043,0.0,0.0
patch.blocks.area,9,90,10,0.0,1.0,0.0010000000474974513,0.0010000000474974513,74.31199645996094,0.0,0.0
patch.blocks.area,10,100,10,0.0,1.0,0.0010000000474974513,0.0010000000474974513,124.7239990234375,0.0,0.0
patch.blocks.area,11,110,10,0.0,1.0,0.0010000000474974513,0.0010000000474974513,55.452999114990234,0.0,0.0
patch.blocks.area,12,120,10,0.0,1.0,0.0010000000474974513,0.0010000000474974513,104.8270034790039,0.0,0.0
patch.blocks.area,13,130,10,0.0,1.0,0.0010000000474974513,0.0010000000474974513,85.62799835205078,0.0,0.0
patch.blocks.area,14,140,10,0.0,1.0,0.0010000000474974513,0.0010000000474974513,64.01000213623047,0.0,0.0
patch.blocks.area,15,150,10,0.0,1.0,0.0010000000474974513,0.0010000000474974513,90.197998046875,0.0,0.0
patch.blocks.area,16,160,10,0.0,1.0,0.0010000000474974513,0.0010000000474974513,17.301000595092773,0.0,0.0
patch.blocks.area,17,170,10,0.0,1.0,0.0010000000474974513,0.0010000000474974513,63.2859992980957,0.0,0.0
patch.blocks.area,18,180,10,0.0,1.0,0.0010000000474974513,0.0010000000474974513,147.95599365234375,0.0,0.0
patch.blocks.area,19,190,10,0.0,1.0,0.0010000000474974513,0.0010000000474974513,82.4520034790039,0.0,0.0
patch.blocks.area,20,200,10,0.0,1.0,0.0010000000474974513,0.0010000000474974513,65.96399688720703,0.0,0.0
patch.blocks.area,21,210,10,0.0,1.0,0.0010000000474974513,0.0010000000474974513,54.14099884033203,0.0,0.0
patch.blocks.area,22,220,10,0.0,1.0,0.0010000000474974513,0.0010000000474974513,53.08399963378906,0.0,0.0
patch.blocks.area,23,230,10,0.0,1.0,0.0010000000474974513,0.0010000000474974513,56.762001037597656,0.0,0.0
patch.blocks.area,24,240,10,0.0,1.0,0.0010000000474974513,0.0010000000474974513,63.999000549316406,0.0,0.0
patch.blocks.area,25,250,10,0.0,1.0,0.0010000000474974513,0.0010000000474974513,95.84500122070312,0.0,0.0
patch.blocks.area,26,260,10,0.0,1.0,0.0010000000474974513,0.0010000000474974513,22.246999740600586,0.0,0.0
patch.blocks.area,27,270,10,0.0,1.0,0.0010000000474974513,0.0010000000474974513,16.204999923706055,0.0,0.0
patch.blocks.area,28,280,10,0.0,1.0,0.0010000000474974513,0.0010000000474974513,23.80699920654297,0.0,0.0
patch.blocks.area,29,290,10,0.0,1.0,0.0010000000474974513,0.0010000000474974513,51.10200119018555,0.0,0.0
patch.blocks.area,30,300,10,0.0,1.0,0.0010000000474974513,0.0010000000474974513,90.3219985961914,0.0,0.0
patch.blocks.attractor,0,0,10,0.0,9999999.0,1.0,1.0,0.0,0.0,0.0
patch.blocks.attractor,1,10,10,0.0,9999999.0,1.0,1.0,6.563222408294678,0.0,0.0
patch.blocks.attractor,2,20,10,0.0,9999999.0,1.0,1.0,7.878555774688721,0.0,0.0
patch.blocks.attractor,3,30,10,0.0,9999999.0,1.0,1.0,2.9769999980926514,0.0,0.0
patch.blocks.attractor,4,40,10,0.0,9999999.0,1.0,1.0,12.975749969482422,0.0,0.0
patch.blocks.attractor,5,50,10,0.0,9999999.0,1.0,1.0,7.421500205993652,0.0,0.0
patch.blocks.attractor,6,60,10,0.0,9999999.0,1.0,1.0,0.0,0.0,0.0
patch.blocks.attractor,7,70,10,0.0,9999999.0,1.0,1.0,10.865555763244629,0.0,0.0
patch.blocks.attractor,8,80,10,0.0,9999999.0,1.0,1.0,15.404666900634766,0.0,0.0
patch.blocks.attractor,9,90,10,0.0,9999999.0,1.0,1.0,8.256889343261719,0.0,0.0
patch.blocks.attractor,10,100,10,0.0,9999999.0,1.0,1.0,15.590499877929688,0.0,0.0
patch.blocks.attractor,11,110,10,0.0,9999999.0,1.0,1.0,5.545300006866455,0.0,0.0
patch.blocks.attractor,12,120,10,0.0,9999999.0,1.0,1.0,8.063615798950195,0.0,0.0
patch.blocks.attractor,13,130,10,0.0,9999999.0,1.0,1.0,12.232571601867676,0.0,0.0
patch.blocks.attractor,14,140,10,0.0,9999999.0,1.0,1.0,7.112222194671631,0.0,0.0
patch.blocks.attractor,15,150,10,0.0,9999999.0,1.0,1.0,5.6373748779296875,0.0,0.0
patch.blocks.attractor,16,160,10,0.0,9999999.0,1.0,1.0,17.301000595092773,0.0,0.0
patch.blocks.attractor,17,170,10,0.0,9999999.0,1.0,1.0,7.910749912261963,0.0,0.0
patch.blocks.attractor,18,180,10,0.0,9999999.0,1.0,1.0,12.329667091369629,0.0,0.0
patch.blocks.attractor,19,190,10,0.0,9999999.0,1.0,1.0,11.778857231140137,0.0,0.0
patch.blocks.attractor,20,200,10,0.0,9999999.0,1.0,1.0,6.596399784088135,0.0,0.0
patch.blocks.attractor,21,210,10,0.0,9999999.0,1.0,1.0,10.828200340270996,0.0,0.0
patch.blocks.attractor,22,220,10,0.0,9999999.0,1.0,1.0,6.635499954223633,0.0,0.0
patch.blocks.attractor,23,230,10,0.0,9999999.0,1.0,1.0,8.108857154846191,0.0,0.0
patch.blocks.attractor,24,240,10,0.0,9999999.0,1.0,1.0,5.333250045776367,0.0,0.0
patch.blocks.attractor,25,250,10,0.0,9999999.0,1.0,1.0,8.713181495666504,0.0,0.0
patch.blocks.attractor,26,260,10,0.0,9999999.0,1.0,1.0,2.7808749675750732,0.0,0.0
patch.blocks.attractor,27,270,10,0.0,9999999.0,1.0,1.0,4.051249980926514,0.0,0.0
patch.blocks.attractor,28,280,10,0.0,9999999.0,1.0,1.0,5.951749801635742,0.0,0.0
patch.blocks.attractor,29,290,10,0.0,9999999.0,1.0,1.0,12.775500297546387,0.0,0.0
patch.blocks.attractor,30,300,10,0.0,9999999.0,1.0,1.0,15.053667068481445,0.0,0.0
patch.blocks.blocks,0,0,10,0.0,100.0,1.0,1.0,0.0,0.0,0.0
patch.blocks.blocks,1,10,10,0.0,100.0,1.0,1.0,1.1111111640930176,0.0,0.0
patch.blocks.blocks,2,20,10,0.0,100.0,1.0,1.0,1.3333333730697632,0.0,0.0
patch.blocks.blocks,3,30,10,0.0,100.0,1.0,1.0,1.0,0.0,0.0
patch.blocks.blocks,4,40,10,0.0,100.0,1.0,1.0,1.0,0.0,0.0
patch.blocks.blocks,5,50,10,0.0,100.0,1.0,1.0,1.0,0.0,0.0
patch.blocks.blocks,6,60,10,0.0,100.0,1.0,1.0,0.0,0.0,0.0
patch.blocks.blocks,7,70,10,0.0,100.0,1.0,1.0,1.1111111640930176,0.0,0.0
patch.blocks.blocks,8,80,10,0.0,100.0,1.0,1.0,1.6666666269302368,0.0,0.0
patch.blocks.blocks,9,90,10,0.0,100.0,1.0,1.0,1.3333333730697632,0.0,0.0
patch.blocks.blocks,10,100,10,0.0,100.0,1.0,1.0,1.875,0.0,0.0
patch.blocks.blocks,11,110,10,0.0,100.0,1.0,1.0,1.2999999523162842,0.0,0.0
patch.blocks.blocks,12,120,10,0.0,100.0,1.0,1.0,1.2307692766189575,0.0,0.0
patch.blocks.blocks,13,130,10,0.0,100.0,1.0,1.0,1.1428571939468384,0.0,0.0
patch.blocks.blocks,14,140,10,0.0,100.0,1.0,1.0,1.3333333730697632,0.0,0.0
patch.blocks.blocks,15,150,10,0.0,100.0,1.0,1.0,1.375,0.0,0.0
patch.blocks.blocks,16,160,10,0.0,100.0,1.0,1.0,1.0,0.0,0.0
patch.blocks.blocks,17,170,10,0.0,100.0,1.0,1.0,1.375,0.0,0.0
patch.blocks.blocks,18,180,10,0.0,100.0,1.0,1.0,1.5,0.0,0.0
patch.blocks.blocks,19,190,10,0.0,100.0,1.0,1.0,1.2857142686843872,0.0,0.0
patch.blocks.blocks,20,200,10,0.0,100.0,1.0,1.0,1.600000023841858,0.0,0.0
patch.blocks.blocks,21,210,10,0.0,100.0,1.0,1.0,1.7999999523162842,0.0,0.0
patch.blocks.blocks,22,220,10,0.0,100.0,1.0,1.0,1.125,0.0,0.0
patch.blocks.blocks,23,230,10,0.0,100.0,1.0,1.0,1.2857142686843872,0.0,0.0
patch.blocks.blocks,24,240,10,0.0,100.0,1.0,1.0,1.1666666269302368,0.0,0.0
patch.blocks.blocks,25,250,10,0.0,100.0,1.0,1.0,1.0909091234207153,0.0,0.0
patch.blocks.blocks,26,260,10,0.0,100.0,1.0,1.0,1.0,0.0,0.0
patch.blocks.blocks,27,270,10,0.0,100.0,1.0,1.0,1.0,0.0,0.0
patch.blocks.blocks,28,280,10,0.0,100.0,1.0,1.0,1.25,0.0,0.0
patch.blocks.blocks,29,290,10,0.0,100.0,1.0,1.0,1.0,0.0,0.0
patch.blocks.blocks,30,300,10,0.0,100.0,1.0,1.0,1.8333333730697632,0.0,0.0
patch.blocks.freqpercent,0,0,10,0.0,100.0,1.0,1.0,0.0,0.0,0.0
patch.blocks.freqpercent,1,10,10,0.0,100.0,1.0,1.0,100.0,0.0,0.0
patch.blocks.freqpercent,2,20,10,0.0,100.0,1.0,1.0,100.0,0.0,0.0
patch.blocks.freqpercent,3,30,10,0.0,100.0,1.0,1.0,100.0,0.0,0.0
patch.blocks.freqpercent,4,40,10,0.0,100.0,1.0,1.0,100.0,0.0,0.0
patch.blocks.freqpercent,5,50,10,0.0,100.0,1.0,1.0,100.0,0.0,0.0
patch.blocks.freqpercent,6,60,10,0.0,100.0,1.0,1.0,0.0,0.0,0.0
patch.blocks.freqpercent,7,70,10,0.0,100.0,1.0,1.0,100.0,0.0,0.0
patch.blocks.freqpercent,8,80,10,0.0,100.0,1.0,1.0,100.0,0.0,0.0
patch.blocks.freqpercent,9,90,10,0.0,100.0,1.0,1.0,100.0,0.0,0.0
patch.blocks.freqpercent,10,100,10,0.0,100.0,1.0,1.0,100.0,0.0,0.0
patch.blocks.freqpercent,11,110,10,0.0,100.0,1.0,1.0,100.0,0.0,0.0
patch.blocks.freqpercent,12,120,10,0.0,100.0,1.0,1.0,100.0,0.0,0.0
patch.blocks.freqpercent,13,130,10,0.0,100.0,1.0,1.0,100.0,0.0,0.0
patch.blocks.freqpercent,14,140,10,0.0,100.0,1.0,1.0,100.0,0.0,0.0
patch.blocks.freqpercent,15,150,10,0.0,100.0,1.0,1.0,100.0,0.0,0.0
patch.blocks.freqpercent,16,160,10,0.0,100.0,1.0,1.0,100.0,0.0,0.0
patch.blocks.freqpercent,17,170,10,0.0,100.0,1.0,1.0,100.0,0.0,0.0
patch.blocks.freqpercent,18,180,10,0.0,100.0,1.0,1.0,100.0,0.0,0.0
patch.blocks.freqpercent,19,190,10,0.0,100.0,1.0,1.0,100.0,0.0,0.0
patch.blocks.freqpercent,20,200,10,0.0,100.0,1.0,1.0,100.0,0.0,0.0
patch.blocks.freqpercent,21,210,10,0.0,100.0,1.0,1.0,100.0,0.0,0.0
patch.blocks.freqpercent,22,220,10,0.0,100.0,1.0,1.0,100.0,0.0,0.0
patch.blocks.freqpercent,23,230,10,0.0,100.0,1.0,1.0,100.0,0.0,0.0
patch.blocks.freqpercent,24,240,10,0.0,100.0,1.0,1.0,100.0,0.0,0.0
patch.blocks.freqpercent,25,250,10,0.0,100.0,1.0,1.0,100.0,0.0,0.0
patch.blocks.freqpercent,26,260,10,0.0,100.0,1.0,1.0,100.0,0.0,0.0
patch.blocks.freqpercent,27,270,10,0.0,100.0,1.0,1.0,100.0,0.0,0.0
patch.blocks.freqpercent,28,280,10,0.0,100.0,1.0,1.0,100.0,0.0,0.0
patch.blocks.freqpercent,29,290,10,0.0,100.0,1.0,1.0,100.0,0.0,0.0
patch.blocks.freqpercent,30,300,10,0.0,100.0,1.0,1.0,100.0,0.0,0.0
patch.blocks.frequency,0,0,10,0.0,1000.0,1.0,1.0,0.0,0.0,0.0
patch.blocks.frequency,1,10,10,0.0,1000.0,1.0,1.0,9.0,0.0,0.0
patch.blocks.frequency,2,20,10,0.0,1000.0,1.0,1.0,9.0,0.0,0.0
patch.blocks.frequency,3,30,10,0.0,1000.0,1.0,1.0,10.0,0.0,0.0
patch.blocks.frequency,4,40,10,0.0,1000.0,1.0,1.0,4.0,0.0,0.0
patch.blocks.frequency,5,50,10,0.0,1000.0,1.0,1.0,4.0,0.0,0.0
patch.blocks.frequency,6,60,10,0.0,1000.0,1.0,1.0,0.0,0.0,0.0
patch.blocks.frequency,7,70,10,0.0,1000.0,1.0,1.0,9.0,0.0,0.0
patch.blocks.frequency,8,80,10,0.0,1000.0,1.0,1.0,3.0,0.0,0.0
patch.blocks.frequency,9,90,10,0.0,1000.0,1.0,1.0,9.0,0.0,0.0
patch.blocks.frequency,10,100,10,0.0,1000.0,1.0,1.0,8.0,0.0,0.0
patch.blocks.frequency,11,110,10,0.0,1000.0,1.0,1.0,10.0,0.0,0.0
patch.blocks.frequency,12,120,10,0.0,1000.0,1.0,1.0,13.0,0.0,0.0
patch.blocks.frequency,13,130,10,0.0,1000.0,1.0,1.0,7.0,0.0,0.0
patch.blocks.frequency,14,140,10,0.0,1000.0,1.0,1.0,9.0,0.0,0.0
patch.blocks.frequency,15,150,10,0.0,1000.0,1.0,1.0,16.0,0.0,0.0
patch.blocks.frequency,16,160,10,0.0,1000.0,1.0,1.0,1.0,0.0,0.0
patch.blocks.frequency,17,170,10,0.0,1000.0,1.0,1.0,8.0,0.0,0.0
patch.blocks.frequency,18,180,10,0.0,1000.0,1.0,1.0,12.0,0.0,0.0
patch.blocks.frequency,19,190,10,0.0,1000.0,1.0,1.0,7.0,0.0,0.0
patch.blocks.frequency,20,200,10,0.0,1000.0,1.0,1.0,10.0,0.0,0.0
patch.blocks.frequency,21,210,10,0.0,1000.0,1.0,1.0,5.0,0.0,0.0
patch.blocks.frequency,22,220,10,0.0,1000.0,1.0,1.0,8.0,0.0,0.0
patch.blocks.frequency,23,230,10,0.0,1000.0,1.0,1.0,7.0,0.0,0.0
patch.blocks.frequency,24,240,10,0.0,1000.0,1.0,1.0,12.0,0.0,0.0
patch.blocks.frequency,25,250,10,0.0,1000.0,1.0,1.0,11.0,0.0,0.0
patch.blocks.frequency,26,260,10,0.0,1000.0,1.0,1.0,8.0,0.0,0.0
patch.blocks.frequency,27,270,10,0.0,1000.0,1.0,1.0,4.0,0.0,0.0
patch.blocks.frequency,28,280,10,0.0,1000.0,1.0,1.0,4.0,0.0,0.0
patch.blocks.frequency,29,290,10,0.0,1000.0,1.0,1.0,4.0,0.0,0.0
patch.blocks.frequency,30,300,10,0.0,1000.0,1.0,1.0,6.0,0.0,0.0
patch.blocks.shape,0,0,10,0.0,100.0,1.0,1.0,0.0,0.0,0.0
patch.blocks.shape,1,10,10,0.0,100.0,1.0,1.0,1.8450000286102295,0.0,0.0
patch.blocks.shape,2,20,10,0.0,100.0,1.0,1.0,1.8471111059188843,0.0,0.0
patch.blocks.shape,3,30,10,0.0,100.0,1.0,1.0,1.840399980545044,0.0,0.0
patch.blocks.shape,4,40,10,0.0,100.0,1.0,1.0,2.100250005722046,0.0,0.0
patch.blocks.shape,5,50,10,0.0,100.0,1.0,1.0,1.6545000076293945,0.0,0.0
patch.blocks.shape,6,60,10,0.0,100.0,1.0,1.0,0.0,0.0,0.0
patch.blocks.shape,7,70,10,0.0,100.0,1.0,1.0,2.0390000343322754,0.0,0.0
patch.blocks.shape,8,80,10,0.0,100.0,1.0,1.0,1.9163333177566528,0.0,0.0
patch.blocks.shape,9,90,10,0.0,100.0,1.0,1.0,1.9141111373901367,0.0,0.0
patch.blocks.shape,10,100,10,0.0,100.0,1.0,1.0,2.1328749656677246,0.0,0.0
patch.blocks.shape,11,110,10,0.0,100.0,1.0,1.0,1.5572999715805054,0.0,0.0
patch.blocks.shape,12,120,10,0.0,100.0,1.0,1.0,2.0009231567382812,0.0,0.0
patch.blocks.shape,13,130,10,0.0,100.0,1.0,1.0,1.9422856569290161,0.0,0.0
patch.blocks.shape,14,140,10,0.0,100.0,1.0,1.0,1.8157777786254883,0.0,0.0
patch.blocks.shape,15,150,10,0.0,100.0,1.0,1.0,2.0042500495910645,0.0,0.0
patch.blocks.shape,16,160,10,0.0,100.0,1.0,1.0,2.2039999961853027,0.0,0.0
patch.blocks.shape,17,170,10,0.0,100.0,1.0,1.0,1.9047499895095825,0.0,0.0
patch.blocks.shape,18,180,10,0.0,100.0,1.0,1.0,1.8253333568572998,0.0,0.0
patch.blocks.shape,19,190,10,0.0,100.0,1.0,1.0,1.656000018119812,0.0,0.0
patch.blocks.shape,20,200,10,0.0,100.0,1.0,1.0,2.089099884033203,0.0,0.0
patch.blocks.shape,21,210,10,0.0,100.0,1.0,1.0,2.296799898147583,0.0,0.0
patch.blocks.shape,22,220,10,0.0,100.0,1.0,1.0,1.813249945640564,0.0,0.0
patch.blocks.shape,23,230,10,0.0,100.0,1.0,1.0,1.6937142610549927,0.0,0.0
patch.blocks.shape,24,240,10,0.0,100.0,1.0,1.0,1.9108333587646484,0.0,0.0
patch.blocks.shape,25,250,10,0.0,100.0,1.0,1.0,1.775181770324707,0.0,0.0
patch.blocks.shape,26,260,10,0.0,100.0,1.0,1.0,1.878499984741211,0.0,0.0
patch.blocks.shape,27,270,10,0.0,100.0,1.0,1.0,1.565750002861023,0.0,0.0
patch.blocks.shape,28,280,10,0.0,100.0,1.0,1.0,1.968500018119812,0.0,0.0
patch.blocks.shape,29,290,10,0.0,100.0,1.0,1.0,1.3880000114440918,0.0,0.0
patch.blocks.shape,30,300,10,0.0,100.0,1.0,1.0,1.9924999475479126,0.0,0.0
patch.blocks.size,0,0,10,0.0,100.0,1.0,1.0,0.0,0.0,0.0
patch.blocks.size,1,10,10,0.0,100.0,1.0,1.0,100.0,0.0,0.0
patch.blocks.size,2,20,10,0.0,100.0,1.0,1.0,100.0,0.0,0.0
patch.blocks.size,3,30,10,0.0,100.0,1.0,1.0,100.0,0.0,0.0
patch.blocks.size,4,40,10,0.0,100.0,1.0,1.0,100.0,0.0,0.0
patch.blocks.size,5,50,10,0.0,100.0,1.0,1.0,100.0,0.0,0.0
patch.blocks.size,6,60,10,0.0,100.0,1.0,1.0,0.0,0.0,0.0
patch.blocks.size,7,70,10,0.0,100.0,1.0,1.0,100.0,0.0,0.0
patch.blocks.size,8,80,10,0.0,100.0,1.0,1.0,100.0,0.0,0.0
patch.blocks.size,9,90,10,0.0,100.0,1.0,1.0,100.0,0.0,0.0
patch.blocks.size,10,100,10,0.0,100.0,1.0,1.0,100.0,0.0,0.0
patch.blocks.size,11,110,10,0.0,100.0,1.0,1.0,100.0,0.0,0.0
patch.blocks.size,12,120,10,0.0,100.0,1.0,1.0,100.0,0.0,0.0
patch.blocks.size,13,130,10,0.0,100.0,1.0,1.0,100.0,0.0,0.0
patch.blocks.size,14,140,10,0.0,100.0,1.0,1.0,100.0,0.0,0.0
patch.blocks.size,15,150,10,0.0,100.0,1.0,1.0,100.0,0.0,0.0
patch.blocks.size,16,160,10,0.0,100.0,1.0,1.0,100.0,0.0,0.0
patch.blocks.size,17,170,10,0.0,100.0,1.0,1.0,100.0,0.0,0.0
patch.blocks.size,18,180,10,0.0,100.0,1.0,1.0,100.0,0.0,0.0
patch.blocks.size,19,190,10,0.0,100.0,1.0,1.0,100.0,0.0,0.0
patch.blocks.size,20,200,10,0.0,100.0,1.0,1.0,100.0,0.0,0.0
patch.blocks.size,21,210,10,0.0,100.0,1.0,1.0,100.0,0.0,0.0
patch.blocks.size,22,220,10,0.0,100.0,1.0,1.0,100.0,0.0,0.0
patch.blocks.size,23,230,10,0.0,100.0,1.0,1.0,100.0,0.0,0.0
patch.blocks.size,24,240,10,0.0,100.0,1.0,1.0,100.0,0.0,0.0
patch.blocks.size,25,250,10,0.0,100.0,1.0,1.0,100.0,0.0,0.0
patch.blocks.size,26,260,10,0.0,100.0,1.0,1.0,100.0,0.0,0.0
patch.blocks.size,27,270,10,0.0,100.0,1.0,1.0,100.0,0.0,0.0
patch.blocks.size,28,280,10,0.0,100.0,1.0,1.0,100.0,0.0,0.0
patch.blocks.size,29,290,10,0.0,100.0,1.0,1.0,100.0,0.0,0.0
patch.blocks.size,30,300,10,0.0,100.0,1.0,1.0,100.0,0.0,0.0
patch.regen.0_max.area,0,0,10,0.0,1.0,0.0010000000474974513,0.0010000000474974513,0.0,0.0,0.0
patch.regen.0_max.area,1,10,10,0.0,1.0,0.0010000000474974513,0.0010000000474974513,59.069000244140625,0.0,0.0
patch.regen.0_max.area,2,20,10,0.0,1.0,0.0010000000474974513,0.0010000000474974513,70.90699768066406,0.0,0.0
patch.regen.0_max.area,3,30,10,0.0,1.0,0.0010000000474974513,0.0010000000474974513,29.770000457763672,0.0,0.0
patch.regen.0_max.area,4,40,10,0.0,1.0,0.0010000000474974513,0.0010000000474974513,51.90299987792969,0.0,0.0
patch.regen.0_max.area,5,50,10,0.0,1.0,0.0010000000474974513,0.0010000000474974513,29.68600082397461,0.0,0.0
patch.regen.0_max.area,6,60,10,0.0,1.0,0.0010000000474974513,0.0010000000474974513,0.0,0.0,0.0
patch.regen.0_max.area,7,70,10,0.0,1.0,0.0010000000474974513,0.0010000000474974513,97.79000091552734,0.0,0.0
patch.regen.0_max.area,8,80,10,0.0,1.0,0.0010000000474974513,0.0010000000474974513,46.2140007019043,0.0,0.0
patch.regen.0_max.area,9,90,10,0.0,1.0,0.0010000000474974513,0.0010000000474974513,74.31199645996094,0.0,0.0
patch.regen.0_max.area,10,100,10,0.0,1.0,0.0010000000474974513,0.0010000000474974513,124.7239990234375,0.0,0.0
patch.regen.0_max.area,11,110,10,0.0,1.0,0.0010000000474974513,0.0010000000474974513,55.452999114990234,0.0,0.0
patch.regen.0_max.area,12,120,10,0.0,1.0,0.0010000000474974513,0.0010000000474974513,104.8270034790039,0.0,0.0
patch.regen.0_max.area,13,130,10,0.0,1.0,0.0010000000474974513,0.0010000000474974513,85.62799835205078,0.0,0.0
patch.regen.0_max.area,14,140,10,0.0,1.0,0.0010000000474974513,0.0010000000474974513,64.01000213623047,0.0,0.0
patch.regen.0_max.area,15,150,10,0.0,1.0,0.0010000000474974513,0.0010000000474974513,90.197998046875,0.0,0.0
patch.regen.0_max.area,16,160,10,0.0,1.0,0.0010000000474974513,0.0010000000474974513,17.301000595092773,0.0,0.0
patch.regen.0_max.area,17,170,10,0.0,1.0,0.0010000000474974513,0.0010000000474974513,63.2859992980957,0.0,0.0
patch.regen.0_max.area,18,180,10,0.0,1.0,0.0010000000474974513,0.0010000000474974513,147.95599365234375,0.0,0.0
patch.regen.0_max.area,19,190,10,0.0,1.0,0.0010000000474974513,0.0010000000474974513,82.4520034790039,0.0,0.0
patch.regen.0_max.area,20,200,10,0.0,1.0,0.0010000000474974513,0.0010000000474974513,65.96399688720703,0.0,0.0
patch.regen.0_max.area,21,210,10,0.0,1.0,0.0010000000474974513,0.0010000000474974513,54.14099884033203,0.0,0.0
patch.regen.0_max.area,22,220,10,0.0,1.0,0.0010000000474974513,0.0010000000474974513,53.08399963378906,0.0,0.0
patch.regen.0_max.area,23,230,10,0.0,1.0,0.0010000000474974513,0.0010000000474974513,56.762001037597656,0.0,0.0
patch.regen.0_max.area,24,240,10,0.0,1.0,0.0010000000474974513,0.0010000000474974513,63.999000549316406,0.0,0.0
patch.regen.0_max.area,25,250,10,0.0,1.0,0.0010000000474974513,0.0010000000474974513,95.84500122070312,0.0,0.0
patch.regen.0_max.area,26,260,10,0.0,1.0,0.0010000000474974513,0.0010000000474974513,22.246999740600586,0.0,0.0
patch.regen.0_max.area,27,270,10,0.0,1.0,0.0010000000474974513,0.0010000000474974513,16.204999923706055,0.0,0.0
patch.regen.0_max.area,28,280,10,0.0,1.0,0.0010000000474974513,0.0010000000474974513,23.80699920654297,0.0,0.0
patch.regen.0_max.area,29,290,10,0.0,1.0,0.0010000000474974513,0.0010000000474974513,51.10200119018555,0.0,0.0
patch.regen.0_max.area,30,300,10,0.0,1.0,0.0010000000474974513,0.0010000000474974513,90.3219985961914,0.0,0.0
patch.regen.0_max.attractor,0,0,10,0.0,40.0,1.0,1.0,0.0,0.0,0.0
patch.regen.0_max.attractor,1,10,10,0.0,40.0,1.0,1.0,4.702875137329102,0.0,0.0
patch.regen.0_max.attractor,2,20,10,0.0,40.0,1.0,1.0,7.878555774688721,0.0,0.0
patch.regen.0_max.attractor,3,30,10,0.0,40.0,1.0,1.0,2.9769999980926514,0.0,0.0
patch.regen.0_max.attractor,4,40,10,0.0,40.0,1.0,1.0,9.887999534606934,0.0,0.0
patch.regen.0_max.attractor,5,50,10,0.0,40.0,1.0,1.0,7.421500205993652,0.0,0.0
patch.regen.0_max.attractor,6,60,10,0.0,40.0,1.0,1.0,0.0,0.0,0.0
patch.regen.0_max.attractor,7,70,10,0.0,40.0,1.0,1.0,9.071749687194824,0.0,0.0
patch.regen.0_max.attractor,8,80,10,0.0,40.0,1.0,1.0,3.257499933242798,0.0,0.0
patch.regen.0_max.attractor,9,90,10,0.0,40.0,1.0,1.0,4.300571441650391,0.0,0.0
patch.regen.0_max.attractor,10,100,10,0.0,40.0,1.0,1.0,12.3774995803833,0.0,0.0
patch.regen.0_max.attractor,11,110,10,0.0,40.0,1.0,1.0,5.545300006866455,0.0,0.0
patch.regen.0_max.attractor,12,120,10,0.0,40.0,1.0,1.0,6.829500198364258,0.0,0.0
patch.regen.0_max.attractor,13,130,10,0.0,40.0,1.0,1.0,8.336999893188477,0.0,0.0
patch.regen.0_max.attractor,14,140,10,0.0,40.0,1.0,1.0,4.246250152587891,0.0,0.0
patch.regen.0_max.attractor,15,150,10,0.0,40.0,1.0,1.0,4.677466869354248,0.0,0.0
patch.regen.0_max.attractor,16,160,10,0.0,40.0,1.0,1.0,17.301000595092773,0.0,0.0
patch.regen.0_max.attractor,17,170,10,0.0,40.0,1.0,1.0,4.442714214324951,0.0,0.0
patch.regen.0_max.attractor,18,180,10,0.0,40.0,1.0,1.0,9.507499694824219,0.0,0.0
patch.regen.0_max.attractor,19,190,10,0.0,40.0,1.0,1.0,10.31583309173584,0.0,0.0
patch.regen.0_max.attractor,20,200,10,0.0,40.0,1.0,1.0,6.596399784088135,0.0,0.0
patch.regen.0_max.attractor,21,210,10,0.0,40.0,1.0,1.0,7.816999912261963,0.0,0.0
patch.regen.0_max.attractor,22,220,10,0.0,40.0,1.0,1.0,6.635499954223633,0.0,0.0
patch.regen.0_max.attractor,23,230,10,0.0,40.0,1.0,1.0,6.107833385467529,0.0,0.0
patch.regen.0_max.attractor,24,240,10,0.0,40.0,1.0,1.0,5.333250045776367,0.0,0.0
patch.regen.0_max.attractor,25,250,10,0.0,40.0,1.0,1.0,7.262700080871582,0.0,0.0
patch.regen.0_max.attractor,26,260,10,0.0,40.0,1.0,1.0,2.7808749675750732,0.0,0.0
patch.regen.0_max.attractor,27,270,10,0.0,40.0,1.0,1.0,4.051249980926514,0.0,0.0
patch.regen.0_max.attractor,28,280,10,0.0,40.0,1.0,1.0,5.951749801635742,0.0,0.0
patch.regen.0_max.attractor,29,290,10,0.0,40.0,1.0,1.0,4.410333156585693,0.0,0.0
patch.regen.0_max.attractor,30,300,10,0.0,40.0,1.0,1.0,9.822250366210938,0.0,0.0
patch.regen.0_max.blocks,0,0,10,0.0,100.0,1.0,1.0,0.0,0.0,0.0
patch.regen.0_max.blocks,1,10,10,0.0,100.0,1.0,1.0,1.1111111640930176,0.0,0.0
patch.regen.0_max.blocks,2,20,10,0.0,100.0,1.0,1.0,1.3333333730697632,0.0,0.0
patch.regen.0_max.blocks,3,30,10,0.0,100.0,1.0,1.0,1.0,0.0,0.0
patch.regen.0_max.blocks,4,40,10,0.0,100.0,1.0,1.0,1.0,0.0,0.0
patch.regen.0_max.blocks,5,50,10,0.0,100.0,1.0,1.0,1.0,0.0,0.0
patch.regen.0_max.blocks,6,60,10,0.0,100.0,1.0,1.0,0.0,0.0,0.0
patch.regen.0_max.blocks,7,70,10,0.0,100.0,1.0,1.0,1.1111111640930176,0.0,0.0
patch.regen.0_max.blocks,8,80,10,0.0,100.0,1.0,1.0,1.6666666269302368,0.0,0.0
patch.regen.0_max.blocks,9,90,10,0.0,100.0,1.0,1.0,1.3333333730697632,0.0,0.0
patch.regen.0_max.blocks,10,100,10,0.0,100.0,1.0,1.0,1.875,0.0,0.0
patch.regen.0_max.blocks,11,110,10,0.0,100.0,1.0,1.0,1.2999999523162842,0.0,0.0
patch.regen.0_max.blocks,12,120,10,0.0,100.0,1.0,1.0,1.2307692766189575,0.0,0.0
patch.regen.0_max.blocks,13,130,10,0.0,100.0,1.0,1.0,1.1428571939468384,0.0,0.0
patch.regen.0_max.blocks,14,140,10,0.0,100.0,1.0,1.0,1.3333333730697632,0.0,0.0
patch.regen.0_max.blocks,15,150,10,0.0,100.0,1.0,1.0,1.375,0.0,0.0
patch.regen.0_max.blocks,16,160,10,0.0,100.0,1.0,1.0,1.0,0.0,0.0
patch.regen.0_max.blocks,17,170,10,0.0,100.0,1.0,1.0,1.375,0.0,0.0
patch.regen.0_max.blocks,18,180,10,0.0,100.0,1.0,1.0,1.5,0.0,0.0
patch.regen.0_max.blocks,19,190,10,0.0,100.0,1.0,1.0,1.2857142686843872,0.0,0.0
patch.regen.0_max.blocks,20,200,10,0.0,100.0,1.0,1.0,1.600000023841858,0.0,0.0
patch.regen.0_max.blocks,21,210,10,0.0,100.0,1.0,1.0,1.7999999523162842,0.0,0.0
patch.regen.0_max.blocks,22,220,10,0.0,100.0,1.0,1.0,1.125,0.0,0.0
patch.regen.0_max.blocks,23,230,10,0.0,100.0,1.0,1.0,1.2857142686843872,0.0,0.0
patch.regen.0_max.blocks,24,240,10,0.0,100.0,1.0,1.0,1.1666666269302368,0.0,0.0
patch.regen.0_max.blocks,25,250,10,0.0,100.0,1.0,1.0,1.0909091234207153,0.0,0.0
patch.regen.0_max.blocks,26,260,10,0.0,100.0,1.0,1.0,1.0,0.0,0.0
patch.regen.0_max.blocks,27,270,10,0.0,100.0,1.0,1.0,1.0,0.0,0.0
patch.regen.0_max.blocks,28,280,10,0.0,100.0,1.0,1.0,1.25,0.0,0.0
patch.regen.0_max.blocks,29,290,10,0.0,100.0,1.0,1.0,1.0,0.0,0.0
patch.regen.0_max.blocks,30,300,10,0.0,100.0,1.0,1.0,1.8333333730697632,0.0,0.0
patch.regen.0_max.freqpercent,0,0,10,0.0,100.0,1.0,1.0,0.0,0.0,0.0
patch.regen.0_max.freqpercent,1,10,10,0.0,100.0,1.0,1.0,100.0,0.0,0.0
patch.regen.0_max.freqpercent,2,20,10,0.0,100.0,1.0,1.0,100.0,0.0,0.0
patch.regen.0_max.freqpercent,3,30,10,0.0,100.0,1.0,1.0,100.0,0.0,0.0
patch.regen.0_max.freqpercent,4,40,10,0.0,100.0,1.0,1.0,100.0,0.0,0.0
patch.regen.0_max.freqpercent,5,50,10,0.0,100.0,1.0,1.0,100.0,0.0,0.0
patch.regen.0_max.freqpercent,6,60,10,0.0,100.0,1.0,1.0,0.0,0.0,0.0
patch.regen.0_max.freqpercent,7,70,10,0.0,100.0,1.0,1.0,100.0,0.0,0.0
patch.regen.0_max.freqpercent,8,80,10,0.0,100.0,1.0,1.0,100.0,0.0,0.0
patch.regen.0_max.freqpercent,9,90,10,0.0,100.0,1.0,1.0,100.0,0.0,0.0
patch.regen.0_max.freqpercent,10,100,10,0.0,100.0,1.0,1.0,100.0,0.0,0.0
patch.regen.0_max.freqpercent,11,110,10,0.0,100.0,1.0,1.0,100.0,0.0,0.0
patch.regen.0_max.freqpercent,12,120,10,0.0,100.0,1.0,1.0,100.0,0.0,0.0
patch.regen.0_max.freqpercent,13,130,10,0.0,100.0,1.0,1.0,100.0,0.0,0.0
patch.regen.0_max.freqpercent,14,140,10,0.0,100.0,1.0,1.0,100.0,0.0,0.0
patch.regen.0_max.freqpercent,15,150,10,0.0,100.0,1.0,1.0,100.0,0.0,0.0
patch.regen.0_max.freqpercent,16,160,10,0.0,100.0,1.0,1.0,100.0,0.0,0.0
patch.regen.0_max.freqpercent,17,170,10,0.0,100.0,1.0,1.0,100.0,0.0,0.0
patch.regen.0_max.freqpercent,18,180,10,0.0,100.0,1.0,1.0,100.0,0.0,0.0
patch.regen.0_max.freqpercent,19,190,10,0.0,100.0,1.0,1.0,100.0,0.0,0.0
patch.regen.0_max.freqpercent,20,200,10,0.0,100.0,1.0,1.0,100.0,0.0,0.0
patch.regen.0_max.freqpercent,21,210,10,0.0,100.0,1.0,1.0,100.0,0.0,0.0
patch.regen.0_max.freqpercent,22,220,10,0.0,100.0,1.0,1.0,100.0,0.0,0.0
patch.regen.0_max.freqpercent,23,230,10,0.0,100.0,1.0,1.0,100.0,0.0,0.0
patch.regen.0_max.freqpercent,24,240,10,0.0,100.0,1.0,1.0,100.0,0.0,0.0
patch.regen.0_max.freqpercent,25,250,10,0.0,100.0,1.0,1.0,100.0,0.0,0.0
patch.regen.0_max.freqpercent,26,260,10,0.0,100.0,1.0,1.0,100.0,0.0,0.0
patch.regen.0_max.freqpercent,27,270,10,0.0,100.0,1.0,1.0,100.0,0.0,0.0
patch.regen.0_max.freqpercent,28,280,10,0.0,100.0,1.0,1.0,100.0,0.0,0.0
patch.regen.0_max.freqpercent,29,290,10,0.0,100.0,1.0,1.0,100.0,0.0,0.0
patch.regen.0_max.freqpercent,30,300,10,0.0,100.0,1.0,1.0,100.0,0.0,0.0
patch.regen.0_max.frequency,0,0,10,0.0,1000.0,1.0,1.0,0.0,0.0,0.0
patch.regen.0_max.frequency,1,10,10,0.0,1000.0,1.0,1.0,9.0,0.0,0.0
patch.regen.0_max.frequency,2,20,10,0.0,1000.0,1.0,1.0,9.0,0.0,0.0
patch.regen.0_max.frequency,3,30,10,0.0,1000.0,1.0,1.0,10.0,0.0,0.0
patch.regen.0_max.frequency,4,40,10,0.0,1000.0,1.0,1.0,4.0,0.0,0.0
patch.regen.0_max.frequency,5,50,10,0.0,1000.0,1.0,1.0,4.0,0.0,0.0
patch.regen.0_max.frequency,6,60,10,0.0,1000.0,1.0,1.0,0.0,0.0,0.0
patch.regen.0_max.frequency,7,70,10,0.0,1000.0,1.0,1.0,9.0,0.0,0.0
patch.regen.0_max.frequency,8,80,10,0.0,1000.0,1.0,1.0,3.0,0.0,0.0
patch.regen.0_max.frequency,9,90,10,0.0,1000.0,1.0,1.0,9.0,0.0,0.0
patch.regen.0_max.frequency,10,100,10,0.0,1000.0,1.0,1.0,8.0,0.0,0.0
patch.regen.0_max.frequency,11,110,10,0.0,1000.0,1.0,1.0,10.0,0.0,0.0
patch.regen.0_max.frequency,12,120,10,0.0,1000.0,1.0,1.0,13.0,0.0,0.0
patch.regen.0_max.frequency,13,130,10,0.0,1000.0,1.0,1.0,7.0,0.0,0.0
patch.regen.0_max.frequency,14,140,10,0.0,1000.0,1.0,1.0,9.0,0.0,0.0
patch.regen.0_max.frequency,15,150,10,0.0,1000.0,1.0,1.0,16.0,0.0,0.0
patch.regen.0_max.frequency,16,160,10,0.0,1000.0,1.0,1.0,1.0,0.0,0.0
patch.regen.0_max.frequency,17,170,10,0.0,1000.0,1.0,1.0,8.0,0.0,0.0
patch.regen.0_max.frequency,18,180,10,0.0,1000.0,1.0,1.0,12.0,0.0,0.0
patch.regen.0_max.frequency,19,190,10,0.0,1000.0,1.0,1.0,7.0,0.0,0.0
patch.regen.0_max.frequency,20,200,10,0.0,1000.0,1.0,1.0,10.0,0.0,0.0
patch.regen.0_max.frequency,21,210,10,0.0,1000.0,1.0,1.0,5.0,0.0,0.0
patch.regen.0_max.frequency,22,220,10,0.0,1000.0,1.0,1.0,8.0,0.0,0.0
patch.regen.0_max.frequency,23,230,10,0.0,1000.0,1.0,1.0,7.0,0.0,0.0
patch.regen.0_max.frequency,24,240,10,0.0,1000.0,1.0,1.0,12.0,0.0,0.0
patch.regen.0_max.frequency,25,250,10,0.0,1000.0,1.0,1.0,11.0,0.0,0.0
patch.regen.0_max.frequency,26,260,10,0.0,1000.0,1.0,1.0,8.0,0.0,0.0
patch.regen.0_max.frequency,27,270,10,0.0,1000.0,1.0,1.0,4.0,0.0,0.0
patch.regen.0_max.frequency,28,280,10,0.0,1000.0,1.0,1.0,4.0,0.0,0.0
patch.regen.0_max.frequency,29,290,10,0.0,1000.0,1.0,1.0,4.0,0.0,0.0
patch.regen.0_max.frequency,30,300,10,0.0,1000.0,1.0,1.0,6.0,0.0,0.0
patch.regen.0_max.shape,0,0,10,0.0,100.0,1.0,1.0,0.0,0.0,0.0
patch.regen.0_max.shape,1,10,10,0.0,100.0,1.0,1.0,1.8450000286102295,0.0,0.0
patch.regen.0_max.shape,2,20,10,0.0,100.0,1.0,1.0,1.8471111059188843,0.0,0.0
patch.regen.0_max.shape,3,30,10,0.0,100.0,1.0,1.0,1.840399980545044,0.0,0.0
patch.regen.0_max.shape,4,40,10,0.0,100.0,1.0,1.0,2.100250005722046,0.0,0.0
patch.regen.0_max.shape,5,50,10,0.0,100.0,1.0,1.0,1.6545000076293945,0.0,0.0
patch.regen.0_max.shape,6,60,10,0.0,100.0,1.0,1.0,0.0,0.0,0.0
patch.regen.0_max.shape,7,70,10,0.0,100.0,1.0,1.0,2.0390000343322754,0.0,0.0
patch.regen.0_max.shape,8,80,10,0.0,100.0,1.0,1.0,1.9163333177566528,0.0,0.0
patch.regen.0_max.shape,9,90,10,0.0,100.0,1.0,1.0,1.9141111373901367,0.0,0.0
patch.regen.0_max.shape,10,100,10,0.0,100.0,1.0,1.0,2.1328749656677246,0.0,0.0
patch.regen.0_max.shape,11,110,10,0.0,100.0,1.0,1.0,1.5572999715805054,0.0,0.0
patch.regen.0_max.shape,12,120,10,0.0,100.0,1.0,1.0,2.0009231567382812,0.0,0.0
patch.regen.0_max.shape,13,130,10,0.0,100.0,1.0,1.0,1.9422856569290161,0.0,0.0
patch.regen.0_max.shape,14,140,10,0.0,100.0,1.0,1.0,1.8157777786254883,0.0,0.0
patch.regen.0_max.shape,15,150,10,0.0,100.0,1.0,1.0,2.0042500495910645,0.0,0.0
patch.regen.0_max.shape,16,160,10,0.0,100.0,1.0,1.0,2.2039999961853027,0.0,0.0
patch.regen.0_max.shape,17,170,10,0.0,100.0,1.0,1.0,1.9047499895095825,0.0,0.0
patch.regen.0_max.shape,18,180,10,0.0,100.0,1.0,1.0,1.8253333568572998,0.0,0.0
patch.regen.0_max.shape,19,190,10,0.0,100.0,1.0,1.0,1.656000018119812,0.0,0.0
patch.regen.0_max.shape,20,200,10,0.0,100.0,1.0,1.0,2.089099884033203,0.0,0.0
patch.regen.0_max.shape,21,210,10,0.0,100.0,1.0,1.0,2.296799898147583,0.0,0.0
patch.regen.0_max.shape,22,220,10,0.0,100.0,1.0,1.0,1.813249945640564,0.0,0.0
patch.regen.0_max.shape,23,230,10,0.0,100.0,1.0,1.0,1.6937142610549927,0.0,0.0
patch.regen.0_max.shape,24,240,10,0.0,100.0,1.0,1.0,1.9108333587646484,0.0,0.0
patch.regen.0_max.shape,25,250,10,0.0,100.0,1.0,1.0,1.775181770324707,0.0,0.0
patch.regen.0_max.shape,26,260,10,0.0,100.0,1.0,1.0,1.878499984741211,0.0,0.0
patch.regen.0_max.shape,27,270,10,0.0,100.0,1.0,1.0,1.565750002861023,0.0,0.0
patch.regen.0_max.shape,28,280,10,0.0,100.0,1.0,1.0,1.968500018119812,0.0,0.0
patch.regen.0_max.shape,29,290,10,0.0,100.0,1.0,1.0,1.3880000114440918,0.0,0.0
patch.regen.0_max.shape,30,300,10,0.0,100.0,1.0,1.0,1.9924999475479126,0.0,0.0
patch.regen.0_max.size,0,0,10,0.0,100.0,1.0,1.0,0.0,0.0,0.0
patch.regen.0_max.size,1,10,10,0.0,100.0,1.0,1.0,100.0,0.0,0.0
patch.regen.0_max.size,2,20,10,0.0,100.0,1.0,1.0,100.0,0.0,0.0
patch.regen.0_max.size,3,30,10,0.0,100.0,1.0,1.0,100.0,0.0,0.0
patch.regen.0_max.size,4,40,10,0.0,100.0,1.0,1.0,100.0,0.0,0.0
patch.regen.0_max.size,5,50,10,0.0,100.0,1.0,1.0,100.0,0.0,0.0
patch.regen.0_max.size,6,60,10,0.0,100.0,1.0,1.0,0.0,0.0,0.0
patch.regen.0_max.size,7,70,10,0.0,100.0,1.0,1.0,100.0,0.0,0.0
patch.regen.0_max.size,8,80,10,0.0,100.0,1.0,1.0,100.0,0.0,0.0
patch.regen.0_max.size,9,90,10,0.0,100.0,1.0,1.0,100.0,0.0,0.0
patch.regen.0_max.size,10,100,10,0.0,100.0,1.0,1.0,100.0,0.0,0.0
patch.regen.0_max.size,11,110,10,0.0,100.0,1.0,1.0,100.0,0.0,0.0
patch.regen.0_max.size,12,120,10,0.0,100.0,1.0,1.0,100.0,0.0,0.0
patch.regen.0_max.size,13,130,10,0.0,100.0,1.0,1.0,100.0,0.0,0.0
patch.regen.0_max.size,14,140,10,0.0,100.0,1.0,1.0,100.0,0.0,0.0
patch.regen.0_max.size,15,150,10,0.0,100.0,1.0,1.0,100.0,0.0,0.0
patch.regen.0_max.size,16,160,10,0.0,100.0,1.0,1.0,100.0,0.0,0.0
patch.regen.0_max.size,17,170,10,0.0,100.0,1.0,1.0,100.0,0.0,0.0
patch.regen.0_max.size,18,180,10,0.0,100.0,1.0,1.0,100.0,0.0,0.0
patch.regen.0_max.size,19,190,10,0.0,100.0,1.0,1.0,100.0,0.0,0.0
patch.regen.0_max.size,20,200,10,0.0,100.0,1.0,1.0,100.0,0.0,0.0
patch.regen.0_max.size,21,210,10,0.0,100.0,1.0,1.0,100.0,0.0,0.0
patch.regen.0_max.size,22,220,10,0.0,100.0,1.0,1.0,100.0,0.0,0.0
patch.regen.0_max.size,23,230,10,0.0,100.0,1.0,1.0,100.0,0.0,0.0
patch.regen.0_max.size,24,240,10,0.0,100.0,1.0,1.0,100.0,0.0,0.0
patch.regen.0_max.size,25,250,10,0.0,100.0,1.0,1.0,100.0,0.0,0.0
patch.regen.0_max.size,26,260,10,0.0,100.0,1.0,1.0,100.0,0.0,0.0
patch.regen.0_max.size,27,270,10,0.0,100.0,1.0,1.0,100.0,0.0,0.0
patch.regen.0_max.size,28,280,10,0.0,100.0,1.0,1.0,100.0,0.0,0.0
patch.regen.0_max.size,29,290,10,0.0,100.0,1.0,1.0,100.0,0.0,0.0
patch.regen.0_max.size,30,300,10,0.0,100.0,1.0,1.0,100.0,0.0,0.0
patch.regen.max_plus.area,0,0,10,0.0,0.0,0.0010000000474974513,10.0,0.0,0.0,0.0
patch.regen.max_plus.area,1,10,10,0.0,0.0,0.0010000000474974513,10.0,0.0,0.0,0.0
patch.regen.max_plus.area,2,20,10,0.0,0.0,0.0010000000474974513,10.0,0.0,0.0,0.0
patch.regen.max_plus.area,3,30,10,0.0,0.0,0.0010000000474974513,10.0,0.0,0.0,0.0
patch.regen.max_plus.area,4,40,10,0.0,0.0,0.0010000000474974513,10.0,0.0,0.0,0.0
patch.regen.max_plus.area,5,50,10,0.0,0.0,0.0010000000474974513,10.0,0.0,0.0,0.0
patch.regen.max_plus.area,6,60,10,0.0,0.0,0.0010000000474974513,10.0,0.0,0.0,0.0
patch.regen.max_plus.area,7,70,10,0.0,0.0,0.0010000000474974513,10.0,0.0,0.0,0.0
patch.regen.max_plus.area,8,80,10,0.0,0.0,0.0010000000474974513,10.0,0.0,0.0,0.0
patch.regen.max_plus.area,9,90,10,0.0,0.0,0.0010000000474974513,10.0,0.0,0.0,0.0
patch.regen.max_plus.area,10,100,10,0.0,0.0,0.0010000000474974513,10.0,0.0,0.0,0.0
patch.regen.max_plus.area,11,110,10,0.0,0.0,0.0010000000474974513,10.0,0.0,0.0,0.0
patch.regen.max_plus.area,12,120,10,0.0,0.0,0.0010000000474974513,10.0,0.0,0.0,0.0
patch.regen.max_plus.area,13,130,10,0.0,0.0,0.0010000000474974513,10.0,0.0,0.0,0.0
patch.regen.max_plus.area,14,140,10,0.0,0.0,0.0010000000474974513,10.0,0.0,0.0,0.0
patch.regen.max_plus.area,15,150,10,0.0,0.0,0.0010000000474974513,10.0,0.0,0.0,0.0
patch.regen.max_plus.area,16,160,10,0.0,0.0,0.0010000000474974513,10.0,0.0,0.0,0.0
patch.regen.max_plus.area,17,170,10,0.0,0.0,0.0010000000474974513,10.0,0.0,0.0,0.0
patch.regen.max_plus.area,18,180,10,0.0,0.0,0.0010000000474974513,10.0,0.0,0.0,0.0
patch.regen.max_plus.area,19,190,10,0.0,0.0,0.0010000000474974513,10.0,0.0,0.0,0.0
patch.regen.max_plus.area,20,200,10,0.0,0.0,0.0010000000474974513,10.0,0.0,0.0,0.0
patch.regen.max_plus.area,21,210,10,0.0,0.0,0.0010000000474974513,10.0,0.0,0.0,0.0
patch.regen.max_plus.area,22,220,10,0.0,0.0,0.0010000000474974513,10.0,0.0,0.0,0.0
patch.regen.max_plus.area,23,230,10,0.0,0.0,0.0010000000474974513,10.0,0.0,0.0,0.0
patch.regen.max_plus.area,24,240,10,0.0,0.0,0.0010000000474974513,10.0,0.0,0.0,0.0
patch.regen.max_plus.area,25,250,10,0.0,0.0,0.0010000000474974513,10.0,0.0,0.0,0.0
patch.regen.max_plus.area,26,260,10,0.0,0.0,0.0010000000474974513,10.0,0.0,0.0,0.0
patch.regen.max_plus.area,27,270,10,0.0,0.0,0.0010000000474974513,10.0,0.0,0.0,0.0
patch.regen.max_plus.area,28,280,10,0.0,0.0,0.0010000000474974513,10.0,0.0,0.0,0.0
patch.regen.max_plus.area,29,290,10,0.0,0.0,0.0010000000474974513,10.0,0.0,0.0,0.0
patch.regen.max_plus.area,30,300,10,0.0,0.0,0.0010000000474974513,10.0,0.0,0.0,0.0
patch.regen.max_plus.attractor,0,0,10,40.0,9999999.0,1.0,1.0,0.0,0.0,0.0
patch.regen.max_plus.attractor,1,10,10,40.0,9999999.0,1.0,1.0,6.563222408294678,0.0,0.0
patch.regen.max_plus.attractor,2,20,10,40.0,9999999.0,1.0,1.0,7.878555774688721,0.0,0.0
patch.regen.max_plus.attractor,3,30,10,40.0,9999999.0,1.0,1.0,2.9769999980926514,0.0,0.0
patch.regen.max_plus.attractor,4,40,10,40.0,9999999.0,1.0,1.0,12.975749969482422,0.0,0.0
patch.regen.max_plus.attractor,5,50,10,40.0,9999999.0,1.0,1.0,7.421500205993652,0.0,0.0
patch.regen.max_plus.attractor,6,60,10,40.0,9999999.0,1.0,1.0,0.0,0.0,0.0
patch.regen.max_plus.attractor,7,70,10,40.0,9999999.0,1.0,1.0,10.865555763244629,0.0,0.0
patch.regen.max_plus.attractor,8,80,10,40.0,9999999.0,1.0,1.0,15.404666900634766,0.0,0.0
patch.regen.max_plus.attractor,9,90,10,40.0,9999999.0,1.0,1.0,8.256889343261719,0.0,0.0
patch.regen.max_plus.attractor,10,100,10,40.0,9999999.0,1.0,1.0,15.590499877929688,0.0,0.0
patch.regen.max_plus.attractor,11,110,10,40.0,9999999.0,1.0,1.0,5.545300006866455,0.0,0.0
patch.regen.max_plus.attractor,12,120,10,40.0,9999999.0,1.0,1.0,8.063615798950195,0.0,0.0
patch.regen.max_plus.attractor,13,130,10,40.0,9999999.0,1.0,1.0,12.232571601867676,0.0,0.0
patch.regen.max_plus.attractor,14,140,10,40.0,9999999.0,1.0,1.0,7.112222194671631,0.0,0.0
patch.regen.max_plus.attractor,15,150,10,40.0,9999999.0,1.0,1.0,5.6373748779296875,0.0,0.0
patch.regen.max_plus.attractor,16,160,10,40.0,9999999.0,1.0,1.0,17.301000595092773,0.0,0.0
patch.regen.max_plus.attractor,17,170,10,40.0,9999999.0,1.0,1.0,7.910749912261963,0.0,0.0
patch.regen.max_plus.attractor,18,180,10,40.0,9999999.0,1.0,1.0,12.329667091369629,0.0,0.0
patch.regen.max_plus.attractor,19,190,10,40.0,9999999.0,1.0,1.0,11.778857231140137,0.0,0.0
patch.regen.max_plus.attractor,20,200,10,40.0,9999999.0,1.0,1.0,6.596399784088135,0.0,0.0
patch.regen.max_plus.attractor,21,210,10,40.0,9999999.0,1.0,1.0,10.828200340270996,0.0,0.0
patch.regen.max_plus.attractor,22,220,10,40.0,9999999.0,1.0,1.0,6.635499954223633,0.0,0.0
patch.regen.max_plus.attractor,23,230,10,40.0,9999999.0,1.0,1.0,8.108857154846191,0.0,0.0
patch.regen.max_plus.attractor,24,240,10,40.0,9999999.0,1.0,1.0,5.333250045776367,0.0,0.0
patch.regen.max_plus.attractor,25,250,10,40.0,9999999.0,1.0,1.0,8.713181495666504,0.0,0.0
patch.regen.max_plus.attractor,26,260,10,40.0,9999999.0,1.0,1.0,2.7808749675750732,0.0,0.0
patch.regen.max_plus.attractor,27,270,10,40.0,9999999.0,1.0,1.0,4.051249980926514,0.0,0.0
patch.regen.max_plus.attractor,28,280,10,40.0,9999999.0,1.0,1.0,5.951749801635742,0.0,0.0
patch.regen.max_plus.attractor,29,290,10,40.0,9999999.0,1.0,1.0,12.775500297546387,0.0,0.0
patch.regen.max_plus.attractor,30,300,10,40.0,9999999.0,1.0,1.0,15.053667068481445,0.0,0.0
patch.regen.max_plus.blocks,0,0,10,0.0,100.0,1.0,1.0,0.0,0.0,0.0
patch.regen.max_plus.blocks,1,10,10,0.0,100.0,1.0,1.0,0.0,0.0,0.0
patch.regen.max_plus.blocks,2,20,10,0.0,100.0,1.0,1.0,0.0,0.0,0.0
patch.regen.max_plus.blocks,3,30,10,0.0,100.0,1.0,1.0,0.0,0.0,0.0
patch.regen.max_plus.blocks,4,40,10,0.0,100.0,1.0,1.0,0.0,0.0,0.0
patch.regen.max_plus.blocks,5,50,10,0.0,100.0,1.0,1.0,0.0,0.0,0.0
patch.regen.max_plus.blocks,6,60,10,0.0,100.0,1.0,1.0,0.0,0.0,0.0
patch.regen.max_plus.blocks,7,70,10,0.0,100.0,1.0,1.0,0.0,0.0,0.0
patch.regen.max_plus.blocks,8,80,10,0.0,100.0,1.0,1.0,0.0,0.0,0.0
patch.regen.max_plus.blocks,9,90,10,0.0,100.0,1.0,1.0,0.0,0.0,0.0
patch.regen.max_plus.blocks,10,100,10,0.0,100.0,1.0,1.0,0.0,0.0,0.0
patch.regen.max_plus.blocks,11,110,10,0.0,100.0,1.0,1.0,0.0,0.0,0.0
patch.regen.max_plus.blocks,12,120,10,0.0,100.0,1.0,1.0,0.0,0.0,0.0
patch.regen.max_plus.blocks,13,130,10,0.0,100.0,1.0,1.0,0.0,0.0,0.0
patch.regen.max_plus.blocks,14,140,10,0.0,100.0,1.0,1.0,0.0,0.0,0.0
patch.regen.max_plus.blocks,15,150,10,0.0,100.0,1.0,1.0,0.0,0.0,0.0
patch.regen.max_plus.blocks,16,160,10,0.0,100.0,1.0,1.0,0.0,0.0,0.0
patch.regen.max_plus.blocks,17,170,10,0.0,100.0,1.0,1.0,0.0,0.0,0.0
patch.regen.max_plus.blocks,18,180,10,0.0,100.0,1.0,1.0,0.0,0.0,0.0
patch.regen.max_plus.blocks,19,190,10,0.0,100.0,1.0,1.0,0.0,0.0,0.0
patch.regen.max_plus.blocks,20,200,10,0.0,100.0,1.0,1.0,0.0,0.0,0.0
patch.regen.max_plus.blocks,21,210,10,0.0,100.0,1.0,1.0,0.0,0.0,0.0
patch.regen.max_plus.blocks,22,220,10,0.0,100.0,1.0,1.0,0.0,0.0,0.0
patch.regen.max_plus.blocks,23,230,10,0.0,100.0,1.0,1.0,0.0,0.0,0.0
patch.regen.max_plus.blocks,24,240,10,0.0,100.0,1.0,1.0,0.0,0.0,0.0
patch.regen.max_plus.blocks,25,250,10,0.0,100.0,1.0,1.0,0.0,0.0,0.0
patch.regen.max_plus.blocks,26,260,10,0.0,100.0,1.0,1.0,0.0,0.0,0.0
patch.regen.max_plus.blocks,27,270,10,0.0,100.0,1.0,1.0,0.0,0.0,0.0
patch.regen.max_plus.blocks,28,280,10,0.0,100.0,1.0,1.0,0.0,0.0,0.0
patch.regen.max_plus.blocks,29,290,10,0.0,100.0,1.0,1.0,0.0,0.0,0.0
patch.regen.max_plus.blocks,30,300,10,0.0,100.0,1.0,1.0,0.0,0.0,0.0
patch.regen.max_plus.freqpercent,0,0,10,0.0,100.0,1.0,1.0,0.0,0.0,0.0
patch.regen.max_plus.freqpercent,1,10,10,0.0,100.0,1.0,1.0,0.0,0.0,0.0
patch.regen.max_plus.freqpercent,2,20,10,0.0,100.0,1.0,1.0,0.0,0.0,0.0
patch.regen.max_plus.freqpercent,3,30,10,0.0,100.0,1.0,1.0,0.0,0.0,0.0
patch.regen.max_plus.freqpercent,4,40,10,0.0,100.0,1.0,1.0,0.0,0.0,0.0
patch.regen.max_plus.freqpercent,5,50,10,0.0,100.0,1.0,1.0,0.0,0.0,0.0
patch.regen.max_plus.freqpercent,6,60,10,0.0,100.0,1.0,1.0,0.0,0.0,0.0
patch.regen.max_plus.freqpercent,7,70,10,0.0,100.0,1.0,1.0,0.0,0.0,0.0
patch.regen.max_plus.freqpercent,8,80,10,0.0,100.0,1.0,1.0,0.0,0.0,0.0
patch.regen.max_plus.freqpercent,9,90,10,0.0,100.0,1.0,1.0,0.0,0.0,0.0
patch.regen.max_plus.freqpercent,10,100,10,0.0,100.0,1.0,1.0,0.0,0.0,0.0
patch.regen.max_plus.freqpercent,11,110,10,0.0,100.0,1.0,1.0,0.0,0.0,0.0
patch.regen.max_plus.freqpercent,12,120,10,0.0,100.0,1.0,1.0,0.0,0.0,0.0
patch.regen.max_plus.freqpercent,13,130,10,0.0,100.0,1.0,1.0,0.0,0.0,0.0
patch.regen.max_plus.freqpercent,14,140,10,0.0,100.0,1.0,1.0,0.0,0.0,0.0
patch.regen.max_plus.freqpercent,15,150,10,0.0,100.0,1.0,1.0,0.0,0.0,0.0
patch.regen.max_plus.freqpercent,16,160,10,0.0,100.0,1.0,1.0,0.0,0.0,0.0
patch.regen.max_plus.freqpercent,17,170,10,0.0,100.0,1.0,1.0,0.0,0.0,0.0
patch.regen.max_plus.freqpercent,18,180,10,0.0,100.0,1.0,1.0,0.0,0.0,0.0
patch.regen.max_plus.freqpercent,19,190,10,0.0,100.0,1.0,1.0,0.0,0.0,0.0
patch.regen.max_plus.freqpercent,20,200,10,0.0,100.0,1.0,1.0,0.0,0.0,0.0
patch.regen.max_plus.freqpercent,21,210,10,0.0,100.0,1.0,1.0,0.0,0.0,0.0
patch.regen.max_plus.freqpercent,22,220,10,0.0,100.0,1.0,1.0,0.0,0.0,0.0
patch.regen.max_plus.freqpercent,23,230,10,0.0,100.0,1.0,1.0,0.0,0.0,0.0
patch.regen.max_plus.freqpercent,24,240,10,0.0,100.0,1.0,1.0,0.0,0.0,0.0
patch.regen.max_plus.freqpercent,25,250,10,0.0,100.0,1.0,1.0,0.0,0.0,0.0
patch.regen.max_plus.freqpercent,26,260,10,0.0,100.0,1.0,1.0,0.0,0.0,0.0
patch.regen.max_plus.freqpercent,27,270,10,0.0,100.0,1.0,1.0,0.0,0.0,0.0
patch.regen.max_plus.freqpercent,28,280,10,0.0,100.0,1.0,1.0,0.0,0.0,0.0
patch.regen.max_plus.freqpercent,29,290,10,0.0,100.0,1.0,1.0,0.0,0.0,0.0
patch.regen.max_plus.freqpercent,30,300,10,0.0,100.0,1.0,1.0,0.0,0.0,0.0
patch.regen.max_plus.frequency,0,0,10,0.0,1000.0,1.0,1.0,0.0,0.0,0.0
patch.regen.max_plus.frequency,1,10,10,0.0,1000.0,1.0,1.0,0.0,0.0,0.0
patch.regen.max_plus.frequency,2,20,10,0.0,1000.0,1.0,1.0,0.0,0.0,0.0
patch.regen.max_plus.frequency,3,30,10,0.0,1000.0,1.0,1.0,0.0,0.0,0.0
patch.regen.max_plus.frequency,4,40,10,0.0,1000.0,1.0,1.0,0.0,0.0,0.0
patch.regen.max_plus.frequency,5,50,10,0.0,1000.0,1.0,1.0,0.0,0.0,0.0
patch.regen.max_plus.frequency,6,60,10,0.0,1000.0,1.0,1.0,0.0,0.0,0.0
patch.regen.max_plus.frequency,7,70,10,0.0,1000.0,1.0,1.0,0.0,0.0,0.0
patch.regen.max_plus.frequency,8,80,10,0.0,1000.0,1.0,1.0,0.0,0.0,0.0
patch.regen.max_plus.frequency,9,90,10,0.0,1000.0,1.0,1.0,0.0,0.0,0.0
patch.regen.max_plus.frequency,10,100,10,0.0,1000.0,1.0,1.0,0.0,0.0,0.0
patch.regen.max_plus.frequency,11,110,10,0.0,1000.0,1.0,1.0,0.0,0.0,0.0
patch.regen.max_plus.frequency,12,120,10,0.0,1000.0,1.0,1.0,0.0,0.0,0.0
patch.regen.max_plus.frequency,13,130,10,0.0,1000.0,1.0,1.0,0.0,0.0,0.0
patch.regen.max_plus.frequency,14,140,10,0.0,1000.0,1.0,1.0,0.0,0.0,0.0
patch.regen.max_plus.frequency,15,150,10,0.0,1000.0,1.0,1.0,0.0,0.0,0.0
patch.regen.max_plus.frequency,16,160,10,0.0,1000.0,1.0,1.0,0.0,0.0,0.0
patch.regen.max_plus.frequency,17,170,10,0.0,1000.0,1.0,1.0,0.0,0.0,0.0
patch.regen.max_plus.frequency,18,180,10,0.0,1000.0,1.0,1.0,0.0,0.0,0.0
patch.regen.max_plus.frequency,19,190,10,0.0,1000.0,1.0,1.0,0.0,0.0,0.0
patch.regen.max_plus.frequency,20,200,10,0.0,1000.0,1.0,1.0,0.0,0.0,0.0
patch.regen.max_plus.frequency,21,210,10,0.0,1000.0,1.0,1.0,0.0,0.0,0.0
patch.regen.max_plus.frequency,22,220,10,0.0,1000.0,1.0,1.0,0.0,0.0,0.0
patch.regen.max_plus.frequency,23,230,10,0.0,1000.0,1.0,1.0,0.0,0.0,0.0
patch.regen.max_plus.frequency,24,240,10,0.0,1000.0,1.0,1.0,0.0,0.0,0.0
patch.regen.max_plus.frequency,25,250,10,0.0,1000.0,1.0,1.0,0.0,0.0,0.0
patch.regen.max_plus.frequency,26,260,10,0.0,1000.0,1.0,1.0,0.0,0.0,0.0
patch.regen.max_plus.frequency,27,270,10,0.0,1000.0,1.0,1.0,0.0,0.0,0.0
patch.regen.max_plus.frequency,28,280,10,0.0,1000.0,1.0,1.0,0.0,0.0,0.0
patch.regen.max_plus.frequency,29,290,10,0.0,1000.0,1.0,1.0,0.0,0.0,0.0
patch.regen.max_plus.frequency,30,300,10,0.0,1000.0,1.0,1.0,0.0,0.0,0.0
patch.regen.max_plus.shape,0,0,10,0.0,100.0,1.0,1.0,0.0,0.0,0.0
patch.regen.max_plus.shape,1,10,10,0.0,100.0,1.0,1.0,0.0,0.0,0.0
patch.regen.max_plus.shape,2,20,10,0.0,100.0,1.0,1.0,0.0,0.0,0.0
patch.regen.max_plus.shape,3,30,10,0.0,100.0,1.0,1.0,0.0,0.0,0.0
patch.regen.max_plus.shape,4,40,10,0.0,100.0,1.0,1.0,0.0,0.0,0.0
patch.regen.max_plus.shape,5,50,10,0.0,100.0,1.0,1.0,0.0,0.0,0.0
patch.regen.max_plus.shape,6,60,10,0.0,100.0,1.0,1.0,0.0,0.0,0.0
patch.regen.max_plus.shape,7,70,10,0.0,100.0,1.0,1.0,0.0,0.0,0.0
patch.regen.max_plus.shape,8,80,10,0.0,100.0,1.0,1.0,0.0,0.0,0.0
patch.regen.max_plus.shape,9,90,10,0.0,100.0,1.0,1.0,0.0,0.0,0.0
patch.regen.max_plus.shape,10,100,10,0.0,100.0,1.0,1.0,0.0,0.0,0.0
patch.regen.max_plus.shape,11,110,10,0.0,100.0,1.0,1.0,0.0,0.0,0.0
patch.regen.max_plus.shape,12,120,10,0.0,100.0,1.0,1.0,0.0,0.0,0.0
patch.regen.max_plus.shape,13,130,10,0.0,100.0,1.0,1.0,0.0,0.0,0.0
patch.regen.max_plus.shape,14,140,10,0.0,100.0,1.0,1.0,0.0,0.0,0.0
patch.regen.max_plus.shape,15,150,10,0.0,100.0,1.0,1.0,0.0,0.0,0.0
patch.regen.max_plus.shape,16,160,10,0.0,100.0,1.0,1.0,0.0,0.0,0.0
patch.regen.max_plus.shape,17,170,10,0.0,100.0,1.0,1.0,0.0,0.0,0.0
patch.regen.max_plus.shape,18,180,10,0.0,100.0,1.0,1.0,0.0,0.0,0.0
patch.regen.max_plus.shape,19,190,10,0.0,100.0,1.0,1.0,0.0,0.0,0.0
patch.regen.max_plus.shape,20,200,10,0.0,100.0,1.0,1.0,0.0,0.0,0.0
patch.regen.max_plus.shape,21,210,10,0.0,100.0,1.0,1.0,0.0,0.0,0.0
patch.regen.max_plus.shape,22,220,10,0.0,100.0,1.0,1.0,0.0,0.0,0.0
patch.regen.max_plus.shape,23,230,10,0.0,100.0,1.0,1.0,0.0,0.0,0.0
patch.regen.max_plus.shape,24,240,10,0.0,100.0,1.0,1.0,0.0,0.0,0.0
patch.regen.max_plus.shape,25,250,10,0.0,100.0,1.0,1.0,0.0,0.0,0.0
patch.regen.max_plus.shape,26,260,10,0.0,100.0,1.0,1.0,0.0,0.0,0.0
patch.regen.max_plus.shape,27,270,10,0.0,100.0,1.0,1.0,0.0,0.0,0.0
patch.regen.max_plus.shape,28,280,10,0.0,100.0,1.0,1.0,0.0,0.0,0.0
patch.regen.max_plus.shape,29,290,10,0.0,100.0,1.0,1.0,0.0,0.0,0.0
patch.regen.max_plus.shape,30,300,10,0.0,100.0,1.0,1.0,0.0,0.0,0.0
patch.regen.max_plus.size,0,0,10,0.0,100.0,1.0,1.0,0.0,0.0,0.0
patch.regen.max_plus.size,1,10,10,0.0,100.0,1.0,1.0,0.0,0.0,0.0
patch.regen.max_plus.size,2,20,10,0.0,100.0,1.0,1.0,0.0,0.0,0.0
patch.regen.max_plus.size,3,30,10,0.0,100.0,1.0,1.0,0.0,0.0,0.0
patch.regen.max_plus.size,4,40,10,0.0,100.0,1.0,1.0,0.0,0.0,0.0
patch.regen.max_plus.size,5,50,10,0.0,100.0,1.0,1.0,0.0,0.0,0.0
patch.regen.max_plus.size,6,60,10,0.0,100.0,1.0,1.0,0.0,0.0,0.0
patch.regen.max_plus.size,7,70,10,0.0,100.0,1.0,1.0,0.0,0.0,0.0
patch.regen.max_plus.size,8,80,10,0.0,100.0,1.0,1.0,0.0,0.0,0.0
patch.regen.max_plus.size,9,90,10,0.0,100.0,1.0,1.0,0.0,0.0,0.0
patch.regen.max_plus.size,10,100,10,0.0,100.0,1.0,1.0,0.0,0.0,0.0
patch.regen.max_plus.size,11,110,10,0.0,100.0,1.0,1.0,0.0,0.0,0.0
patch.regen.max_plus.size,12,120,10,0.0,100.0,1.0,1.0,0.0,0.0,0.0
patch.regen.max_plus.size,13,130,10,0.0,100.0,1.0,1.0,0.0,0.0,0.0
patch.regen.max_plus.size,14,140,10,0.0,100.0,1.0,1.0,0.0,0.0,0.0
patch.regen.max_plus.size,15,150,10,0.0,100.0,1.0,1.0,0.0,0.0,0.0
patch.regen.max_plus.size,16,160,10,0.0,100.0,1.0,1.0,0.0,0.0,0.0
patch.regen.max_plus.size,17,170,10,0.0,100.0,1.0,1.0,0.0,0.0,0.0
patch.regen.max_plus.size,18,180,10,0.0,100.0,1.0,1.0,0.0,0.0,0.0
patch.regen.max_plus.size,19,190,10,0.0,100.0,1.0,1.0,0.0,0.0,0.0
patch.regen.max_plus.size,20,200,10,0.0,100.0,1.0,1.0,0.0,0.0,0.0
patch.regen.max_plus.size,21,210,10,0.0,100.0,1.0,1.0,0.0,0.0,0.0
patch.regen.max_plus.size,22,220,10,0.0,100.0,1.0,1.0,0.0,0.0,0.0
patch.regen.max_plus.size,23,230,10,0.0,100.0,1.0,1.0,0.0,0.0,0.0
patch.regen.max_plus.size,24,240,10,0.0,100.0,1.0,1.0,0.0,0.0,0.0
patch.regen.max_plus.size,25,250,10,0.0,100.0,1.0,1.0,0.0,0.0,0.0
patch.regen.max_plus.size,26,260,10,0.0,100.0,1.0,1.0,0.0,0.0,0.0
patch.regen.max_plus.size,27,270,10,0.0,100.0,1.0,1.0,0.0,0.0,0.0
patch.regen.max_plus.size,28,280,10,0.0,100.0,1.0,1.0,0.0,0.0,0.0
patch.regen.max_plus.size,29,290,10,0.0,100.0,1.0,1.0,0.0,0.0,0.0
patch.regen.max_plus.size,30,300,10,0.0,100.0,1.0,1.0,0.0,0.0,0.0
product.HarvestedVolume.managed.BA.CC,0,0,10,0.0,10000.0,1.0,1.0,0.0,0.0,0.0
product.HarvestedVolume.managed.BA.CC,1,10,10,0.0,10000.0,1.0,1.0,898.6699829101562,0.0,0.0
product.HarvestedVolume.managed.BA.CC,2,20,10,0.0,10000.0,1.0,1.0,2030.5250244140625,0.0,0.0
product.HarvestedVolume.managed.BA.CC,3,30,10,0.0,10000.0,1.0,1.0,0.0,0.0,0.0
product.HarvestedVolume.managed.BA.CC,4,40,10,0.0,10000.0,1.0,1.0,0.0,0.0,0.0
product.HarvestedVolume.managed.BA.CC,5,50,10,0.0,10000.0,1.0,1.0,0.0,0.0,0.0
product.HarvestedVolume.managed.BA.CC,6,60,10,0.0,10000.0,1.0,1.0,0.0,0.0,0.0
product.HarvestedVolume.managed.BA.CC,7,70,10,0.0,10000.0,1.0,1.0,0.0,0.0,0.0
product.HarvestedVolume.managed.BA.CC,8,80,10,0.0,10000.0,1.0,1.0,290.96099853515625,0.0,0.0
product.HarvestedVolume.managed.BA.CC,9,90,10,0.0,10000.0,1.0,1.0,0.0,0.0,0.0
product.HarvestedVolume.managed.BA.CC,10,100,10,0.0,10000.0,1.0,1.0,0.0,0.0,0.0
product.HarvestedVolume.managed.BA.CC,11,110,10,0.0,10000.0,1.0,1.0,0.0,0.0,0.0
product.HarvestedVolume.managed.BA.CC,12,120,10,0.0,10000.0,1.0,1.0,0.0,0.0,0.0
product.HarvestedVolume.managed.BA.CC,13,130,10,0.0,10000.0,1.0,1.0,0.0,0.0,0.0
product.HarvestedVolume.managed.BA.CC,14,140,10,0.0,10000.0,1.0,1.0,0.0,0.0,0.0
product.HarvestedVolume.managed.BA.CC,15,150,10,0.0,10000.0,1.0,1.0,0.0,0.0,0.0
product.HarvestedVolume.managed.BA.CC,16,160,10,0.0,10000.0,1.0,1.0,0.0,0.0,0.0
product.HarvestedVolume.managed.BA.CC,17,170,10,0.0,10000.0,1.0,1.0,0.0,0.0,0.0
product.HarvestedVolume.managed.BA.CC,18,180,10,0.0,10000.0,1.0,1.0,0.0,0.0,0.0
product.HarvestedVolume.managed.BA.CC,19,190,10,0.0,10000.0,1.0,1.0,0.0,0.0,0.0
product.HarvestedVolume.managed.BA.CC,20,200,10,0.0,10000.0,1.0,1.0,0.0,0.0,0.0
product.HarvestedVolume.managed.BA.CC,21,210,10,0.0,10000.0,1.0,1.0,0.0,0.0,0.0
product.HarvestedVolume.managed.BA.CC,22,220,10,0.0,10000.0,1.0,1.0,0.0,0.0,0.0
product.HarvestedVolume.managed.BA.CC,23,230,10,0.0,10000.0,1.0,1.0,0.0,0.0,0.0
product.HarvestedVolume.managed.BA.CC,24,240,10,0.0,10000.0,1.0,1.0,0.0,0.0,0.0
product.HarvestedVolume.managed.BA.CC,25,250,10,0.0,10000.0,1.0,1.0,0.0,0.0,0.0
product.HarvestedVolume.managed.BA.CC,26,260,10,0.0,10000.0,1.0,1.0,0.0,0.0,0.0
product.HarvestedVolume.managed.BA.CC,27,270,10,0.0,10000.0,1.0,1.0,0.0,0.0,0.0
product.HarvestedVolume.managed.BA.CC,28,280,10,0.0,10000.0,1.0,1.0,0.0,0.0,0.0
product.HarvestedVolume.managed.BA.CC,29,290,10,0.0,10000.0,1.0,1.0,0.0,0.0,0.0
product.HarvestedVolume.managed.BA.CC,30,300,10,0.0,10000.0,1.0,1.0,0.0,0.0,0.0
product.HarvestedVolume.managed.CW.CC,0,0,10,0.0,10000.0,1.0,1.0,0.0,0.0,0.0
product.HarvestedVolume.managed.CW.CC,1,10,10,0.0,10000.0,1.0,1.0,4317.24609375,0.0,0.0
product.HarvestedVolume.managed.CW.CC,2,20,10,0.0,10000.0,1.0,1.0,11575.0849609375,0.0,0.0
product.HarvestedVolume.managed.CW.CC,3,30,10,0.0,10000.0,1.0,1.0,20950.857421875,0.0,0.0
product.HarvestedVolume.managed.CW.CC,4,40,10,0.0,10000.0,1.0,1.0,15835.947265625,0.0,0.0
product.HarvestedVolume.managed.CW.CC,5,50,10,0.0,10000.0,1.0,1.0,14018.9482421875,0.0,0.0
product.HarvestedVolume.managed.CW.CC,6,60,10,0.0,10000.0,1.0,1.0,17811.099609375,0.0,0.0
product.HarvestedVolume.managed.CW.CC,7,70,10,0.0,10000.0,1.0,1.0,19557.623046875,0.0,0.0
product.HarvestedVolume.managed.CW.CC,8,80,10,0.0,10000.0,1.0,1.0,19206.65625,0.0,0.0
product.HarvestedVolume.managed.CW.CC,9,90,10,0.0,10000.0,1.0,1.0,17792.642578125,0.0,0.0
product.HarvestedVolume.managed.CW.CC,10,100,10,0.0,10000.0,1.0,1.0,19029.806640625,0.0,0.0
product.HarvestedVolume.managed.CW.CC,11,110,10,0.0,10000.0,1.0,1.0,16650.4375,0.0,0.0
product.HarvestedVolume.managed.CW.CC,12,120,10,0.0,10000.0,1.0,1.0,19070.78125,0.0,0.0
product.HarvestedVolume.managed.CW.CC,13,130,10,0.0,10000.0,1.0,1.0,18256.57421875,0.0,0.0
product.HarvestedVolume.managed.CW.CC,14,140,10,0.0,10000.0,1.0,1.0,17133.08984375,0.0,0.0
product.HarvestedVolume.managed.CW.CC,15,150,10,0.0,10000.0,1.0,1.0,18718.466796875,0.0,0.0
product.HarvestedVolume.managed.CW.CC,16,160,10,0.0,10000.0,1.0,1.0,19631.0546875,0.0,0.0
product.HarvestedVolume.managed.CW.CC,17,170,10,0.0,10000.0,1.0,1.0,16337.755859375,0.0,0.0
product.HarvestedVolume.managed.CW.CC,18,180,10,0.0,10000.0,1.0,1.0,18899.90234375,0.0,0.0
product.HarvestedVolume.managed.CW.CC,19,190,10,0.0,10000.0,1.0,1.0,17371.6171875,0.0,0.0
product.HarvestedVolume.managed.CW.CC,20,200,10,0.0,10000.0,1.0,1.0,17497.83984375,0.0,0.0
product.HarvestedVolume.managed.CW.CC,21,210,10,0.0,10000.0,1.0,1.0,18016.56640625,0.0,0.0
product.HarvestedVolume.managed.CW.CC,22,220,10,0.0,10000.0,1.0,1.0,20267.17578125,0.0,0.0
product.HarvestedVolume.managed.CW.CC,23,230,10,0.0,10000.0,1.0,1.0,19697.197265625,0.0,0.0
product.HarvestedVolume.managed.CW.CC,24,240,10,0.0,10000.0,1.0,1.0,16707.88671875,0.0,0.0
product.HarvestedVolume.managed.CW.CC,25,250,10,0.0,10000.0,1.0,1.0,16931.310546875,0.0,0.0
product.HarvestedVolume.managed.CW.CC,26,260,10,0.0,10000.0,1.0,1.0,16354.4599609375,0.0,0.0
product.HarvestedVolume.managed.CW.CC,27,270,10,0.0,10000.0,1.0,1.0,17759.6953125,0.0,0.0
product.HarvestedVolume.managed.CW.CC,28,280,10,0.0,10000.0,1.0,1.0,19024.216796875,0.0,0.0
product.HarvestedVolume.managed.CW.CC,29,290,10,0.0,10000.0,1.0,1.0,17252.3359375,0.0,0.0
product.HarvestedVolume.managed.CW.CC,30,300,10,0.0,10000.0,1.0,1.0,17634.806640625,0.0,0.0
product.HarvestedVolume.managed.FDC.CC,0,0,10,0.0,10000.0,1.0,1.0,0.0,0.0,0.0
product.HarvestedVolume.managed.FDC.CC,1,10,10,0.0,10000.0,1.0,1.0,20229.99609375,0.0,0.0
product.HarvestedVolume.managed.FDC.CC,2,20,10,0.0,10000.0,1.0,1.0,20709.853515625,0.0,0.0
product.HarvestedVolume.managed.FDC.CC,3,30,10,0.0,10000.0,1.0,1.0,9041.40625,0.0,0.0
product.HarvestedVolume.managed.FDC.CC,4,40,10,0.0,10000.0,1.0,1.0,39669.984375,0.0,0.0
product.HarvestedVolume.managed.FDC.CC,5,50,10,0.0,10000.0,1.0,1.0,22350.31640625,0.0,0.0
product.HarvestedVolume.managed.FDC.CC,6,60,10,0.0,10000.0,1.0,1.0,31787.400390625,0.0,0.0
product.HarvestedVolume.managed.FDC.CC,7,70,10,0.0,10000.0,1.0,1.0,24224.62890625,0.0,0.0
product.HarvestedVolume.managed.FDC.CC,8,80,10,0.0,10000.0,1.0,1.0,31201.744140625,0.0,0.0
product.HarvestedVolume.managed.FDC.CC,9,90,10,0.0,10000.0,1.0,1.0,22852.41796875,0.0,0.0
product.HarvestedVolume.managed.FDC.CC,10,100,10,0.0,10000.0,1.0,1.0,22338.525390625,0.0,0.0
product.HarvestedVolume.managed.FDC.CC,11,110,10,0.0,10000.0,1.0,1.0,33276.234375,0.0,0.0
product.HarvestedVolume.managed.FDC.CC,12,120,10,0.0,10000.0,1.0,1.0,27758.00390625,0.0,0.0
product.HarvestedVolume.managed.FDC.CC,13,130,10,0.0,10000.0,1.0,1.0,25238.60546875,0.0,0.0
product.HarvestedVolume.managed.FDC.CC,14,140,10,0.0,10000.0,1.0,1.0,33891.25390625,0.0,0.0
product.HarvestedVolume.managed.FDC.CC,15,150,10,0.0,10000.0,1.0,1.0,31978.060546875,0.0,0.0
product.HarvestedVolume.managed.FDC.CC,16,160,10,0.0,10000.0,1.0,1.0,13700.8212890625,0.0,0.0
product.HarvestedVolume.managed.FDC.CC,17,170,10,0.0,10000.0,1.0,1.0,52995.4921875,0.0,0.0
product.HarvestedVolume.managed.FDC.CC,18,180,10,0.0,10000.0,1.0,1.0,11501.470703125,0.0,0.0
product.HarvestedVolume.managed.FDC.CC,19,190,10,0.0,10000.0,1.0,1.0,36261.875,0.0,0.0
product.HarvestedVolume.managed.FDC.CC,20,200,10,0.0,10000.0,1.0,1.0,27172.3828125,0.0,0.0
product.HarvestedVolume.managed.FDC.CC,21,210,10,0.0,10000.0,1.0,1.0,27363.662109375,0.0,0.0
product.HarvestedVolume.managed.FDC.CC,22,220,10,0.0,10000.0,1.0,1.0,12755.587890625,0.0,0.0
product.HarvestedVolume.managed.FDC.CC,23,230,10,0.0,10000.0,1.0,1.0,11823.970703125,0.0,0.0
product.HarvestedVolume.managed.FDC.CC,24,240,10,0.0,10000.0,1.0,1.0,16286.6669921875,0.0,0.0
product.HarvestedVolume.managed.FDC.CC,25,250,10,0.0,10000.0,1.0,1.0,34708.62109375,0.0,0.0
product.HarvestedVolume.managed.FDC.CC,26,260,10,0.0,10000.0,1.0,1.0,33358.03515625,0.0,0.0
product.HarvestedVolume.managed.FDC.CC,27,270,10,0.0,10000.0,1.0,1.0,32404.427734375,0.0,0.0
product.HarvestedVolume.managed.FDC.CC,28,280,10,0.0,10000.0,1.0,1.0,19765.759765625,0.0,0.0
product.HarvestedVolume.managed.FDC.CC,29,290,10,0.0,10000.0,1.0,1.0,34722.0234375,0.0,0.0
product.HarvestedVolume.managed.FDC.CC,30,300,10,0.0,10000.0,1.0,1.0,33665.53125,0.0,0.0
product.HarvestedVolume.managed.HW.CC,0,0,10,0.0,10000.0,1.0,1.0,0.0,0.0,0.0
product.HarvestedVolume.managed.HW.CC,1,10,10,0.0,10000.0,1.0,1.0,74551.0078125,0.0,0.0
product.HarvestedVolume.managed.HW.CC,2,20,10,0.0,10000.0,1.0,1.0,64298.16796875,0.0,0.0
product.HarvestedVolume.managed.HW.CC,3,30,10,0.0,10000.0,1.0,1.0,70005.6484375,0.0,0.0
product.HarvestedVolume.managed.HW.CC,4,40,10,0.0,10000.0,1.0,1.0,44491.5546875,0.0,0.0
product.HarvestedVolume.managed.HW.CC,5,50,10,0.0,10000.0,1.0,1.0,63629.2421875,0.0,0.0
product.HarvestedVolume.managed.HW.CC,6,60,10,0.0,10000.0,1.0,1.0,50346.265625,0.0,0.0
product.HarvestedVolume.managed.HW.CC,7,70,10,0.0,10000.0,1.0,1.0,55036.76171875,0.0,0.0
product.HarvestedVolume.managed.HW.CC,8,80,10,0.0,10000.0,1.0,1.0,48253.859375,0.0,0.0
product.HarvestedVolume.managed.HW.CC,9,90,10,0.0,10000.0,1.0,1.0,59353.9453125,0.0,0.0
product.HarvestedVolume.managed.HW.CC,10,100,10,0.0,10000.0,1.0,1.0,58624.05859375,0.0,0.0
product.HarvestedVolume.managed.HW.CC,11,110,10,0.0,10000.0,1.0,1.0,50070.66015625,0.0,0.0
product.HarvestedVolume.managed.HW.CC,12,120,10,0.0,10000.0,1.0,1.0,53174.29296875,0.0,0.0
product.HarvestedVolume.managed.HW.CC,13,130,10,0.0,10000.0,1.0,1.0,56500.01171875,0.0,0.0
product.HarvestedVolume.managed.HW.CC,14,140,10,0.0,10000.0,1.0,1.0,48974.66796875,0.0,0.0
product.HarvestedVolume.managed.HW.CC,15,150,10,0.0,10000.0,1.0,1.0,49303.15234375,0.0,0.0
product.HarvestedVolume.managed.HW.CC,16,160,10,0.0,10000.0,1.0,1.0,66667.4609375,0.0,0.0
product.HarvestedVolume.managed.HW.CC,17,170,10,0.0,10000.0,1.0,1.0,30663.818359375,0.0,0.0
product.HarvestedVolume.managed.HW.CC,18,180,10,0.0,10000.0,1.0,1.0,69597.9375,0.0,0.0
product.HarvestedVolume.managed.HW.CC,19,190,10,0.0,10000.0,1.0,1.0,46352.72265625,0.0,0.0
product.HarvestedVolume.managed.HW.CC,20,200,10,0.0,10000.0,1.0,1.0,55328.90625,0.0,0.0
product.HarvestedVolume.managed.HW.CC,21,210,10,0.0,10000.0,1.0,1.0,54619.953125,0.0,0.0
product.HarvestedVolume.managed.HW.CC,22,220,10,0.0,10000.0,1.0,1.0,66702.421875,0.0,0.0
product.HarvestedVolume.managed.HW.CC,23,230,10,0.0,10000.0,1.0,1.0,68478.421875,0.0,0.0
product.HarvestedVolume.managed.HW.CC,24,240,10,0.0,10000.0,1.0,1.0,60546.1484375,0.0,0.0
product.HarvestedVolume.managed.HW.CC,25,250,10,0.0,10000.0,1.0,1.0,48358.76171875,0.0,0.0
product.HarvestedVolume.managed.HW.CC,26,260,10,0.0,10000.0,1.0,1.0,50286.234375,0.0,0.0
product.HarvestedVolume.managed.HW.CC,27,270,10,0.0,10000.0,1.0,1.0,49835.15234375,0.0,0.0
product.HarvestedVolume.managed.HW.CC,28,280,10,0.0,10000.0,1.0,1.0,61205.90625,0.0,0.0
product.HarvestedVolume.managed.HW.CC,29,290,10,0.0,10000.0,1.0,1.0,48023.6953125,0.0,0.0
product.HarvestedVolume.managed.HW.CC,30,300,10,0.0,10000.0,1.0,1.0,48698.93359375,0.0,0.0
product.HarvestedVolume.managed.SS.CC,0,0,10,0.0,10000.0,1.0,1.0,0.0,0.0,0.0
product.HarvestedVolume.managed.SS.CC,1,10,10,0.0,10000.0,1.0,1.0,0.0,0.0,0.0
product.HarvestedVolume.managed.SS.CC,2,20,10,0.0,10000.0,1.0,1.0,0.0,0.0,0.0
product.HarvestedVolume.managed.SS.CC,3,30,10,0.0,10000.0,1.0,1.0,0.0,0.0,0.0
product.HarvestedVolume.managed.SS.CC,4,40,10,0.0,10000.0,1.0,1.0,0.0,0.0,0.0
product.HarvestedVolume.managed.SS.CC,5,50,10,0.0,10000.0,1.0,1.0,0.0,0.0,0.0
product.HarvestedVolume.managed.SS.CC,6,60,10,0.0,10000.0,1.0,1.0,0.0,0.0,0.0
product.HarvestedVolume.managed.SS.CC,7,70,10,0.0,10000.0,1.0,1.0,0.0,0.0,0.0
product.HarvestedVolume.managed.SS.CC,8,80,10,0.0,10000.0,1.0,1.0,0.0,0.0,0.0
product.HarvestedVolume.managed.SS.CC,9,90,10,0.0,10000.0,1.0,1.0,0.0,0.0,0.0
product.HarvestedVolume.managed.SS.CC,10,100,10,0.0,10000.0,1.0,1.0,0.0,0.0,0.0
product.HarvestedVolume.managed.SS.CC,11,110,10,0.0,10000.0,1.0,1.0,0.0,0.0,0.0
product.HarvestedVolume.managed.SS.CC,12,120,10,0.0,10000.0,1.0,1.0,0.0,0.0,0.0
product.HarvestedVolume.managed.SS.CC,13,130,10,0.0,10000.0,1.0,1.0,0.0,0.0,0.0
product.HarvestedVolume.managed.SS.CC,14,140,10,0.0,10000.0,1.0,1.0,0.0,0.0,0.0
product.HarvestedVolume.managed.SS.CC,15,150,10,0.0,10000.0,1.0,1.0,0.0,0.0,0.0
product.HarvestedVolume.managed.SS.CC,16,160,10,0.0,10000.0,1.0,1.0,0.0,0.0,0.0
product.HarvestedVolume.managed.SS.CC,17,170,10,0.0,10000.0,1.0,1.0,0.0,0.0,0.0
product.HarvestedVolume.managed.SS.CC,18,180,10,0.0,10000.0,1.0,1.0,0.0,0.0,0.0
product.HarvestedVolume.managed.SS.CC,19,190,10,0.0,10000.0,1.0,1.0,0.0,0.0,0.0
product.HarvestedVolume.managed.SS.CC,20,200,10,0.0,10000.0,1.0,1.0,0.0,0.0,0.0
product.HarvestedVolume.managed.SS.CC,21,210,10,0.0,10000.0,1.0,1.0,0.0,0.0,0.0
product.HarvestedVolume.managed.SS.CC,22,220,10,0.0,10000.0,1.0,1.0,0.0,0.0,0.0
product.HarvestedVolume.managed.SS.CC,23,230,10,0.0,10000.0,1.0,1.0,0.0,0.0,0.0
product.HarvestedVolume.managed.SS.CC,24,240,10,0.0,10000.0,1.0,1.0,5204.201171875,0.0,0.0
product.HarvestedVolume.managed.SS.CC,25,250,10,0.0,10000.0,1.0,1.0,0.0,0.0,0.0
product.HarvestedVolume.managed.SS.CC,26,260,10,0.0,10000.0,1.0,1.0,0.0,0.0,0.0
product.HarvestedVolume.managed.SS.CC,27,270,10,0.0,10000.0,1.0,1.0,0.0,0.0,0.0
product.HarvestedVolume.managed.SS.CC,28,280,10,0.0,10000.0,1.0,1.0,0.0,0.0,0.0
product.HarvestedVolume.managed.SS.CC,29,290,10,0.0,10000.0,1.0,1.0,0.0,0.0,0.0
product.HarvestedVolume.managed.SS.CC,30,300,10,0.0,10000.0,1.0,1.0,0.0,0.0,0.0
product.HarvestedVolume.managed.Total.CC,0,0,10,0.0,10000.0,1.0,1.0,0.0,0.0,0.0
product.HarvestedVolume.managed.Total.CC,1,10,10,0.0,10000.0,1.0,1.0,99996.921875,0.0,0.0
product.HarvestedVolume.managed.Total.CC,2,20,10,0.0,10000.0,1.0,1.0,99998.4765625,0.0,0.0
product.HarvestedVolume.managed.Total.CC,3,30,10,0.0,10000.0,1.0,1.0,99997.90625,0.0,0.0
product.HarvestedVolume.managed.Total.CC,4,40,10,0.0,10000.0,1.0,1.0,99997.484375,0.0,0.0
product.HarvestedVolume.managed.Total.CC,5,50,10,0.0,10000.0,1.0,1.0,99998.5078125,0.0,0.0
product.HarvestedVolume.managed.Total.CC,6,60,10,0.0,10000.0,1.0,1.0,99944.765625,0.0,0.0
product.HarvestedVolume.managed.Total.CC,7,70,10,0.0,10000.0,1.0,1.0,99982.0390625,0.0,0.0
product.HarvestedVolume.managed.Total.CC,8,80,10,0.0,10000.0,1.0,1.0,99987.7890625,0.0,0.0
product.HarvestedVolume.managed.Total.CC,9,90,10,0.0,10000.0,1.0,1.0,99999.0,0.0,0.0
product.HarvestedVolume.managed.Total.CC,10,100,10,0.0,10000.0,1.0,1.0,99992.390625,0.0,0.0
product.HarvestedVolume.managed.Total.CC,11,110,10,0.0,10000.0,1.0,1.0,99997.328125,0.0,0.0
product.HarvestedVolume.managed.Total.CC,12,120,10,0.0,10000.0,1.0,1.0,100003.078125,0.0,0.0
product.HarvestedVolume.managed.Total.CC,13,130,10,0.0,10000.0,1.0,1.0,99995.1875,0.0,0.0
product.HarvestedVolume.managed.Total.CC,14,140,10,0.0,10000.0,1.0,1.0,99999.0078125,0.0,0.0
product.HarvestedVolume.managed.Total.CC,15,150,10,0.0,10000.0,1.0,1.0,99999.671875,0.0,0.0
product.HarvestedVolume.managed.Total.CC,16,160,10,0.0,10000.0,1.0,1.0,99999.3359375,0.0,0.0
product.HarvestedVolume.managed.Total.CC,17,170,10,0.0,10000.0,1.0,1.0,99997.0703125,0.0,0.0
product.HarvestedVolume.managed.Total.CC,18,180,10,0.0,10000.0,1.0,1.0,99999.3125,0.0,0.0
product.HarvestedVolume.managed.Total.CC,19,190,10,0.0,10000.0,1.0,1.0,99986.21875,0.0,0.0
product.HarvestedVolume.managed.Total.CC,20,200,10,0.0,10000.0,1.0,1.0,99999.125,0.0,0.0
product.HarvestedVolume.managed.Total.CC,21,210,10,0.0,10000.0,1.0,1.0,100000.1796875,0.0,0.0
product.HarvestedVolume.managed.Total.CC,22,220,10,0.0,10000.0,1.0,1.0,100000.4765625,0.0,0.0
product.HarvestedVolume.managed.Total.CC,23,230,10,0.0,10000.0,1.0,1.0,99999.59375,0.0,0.0
product.HarvestedVolume.managed.Total.CC,24,240,10,0.0,10000.0,1.0,1.0,100001.4296875,0.0,0.0
product.HarvestedVolume.managed.Total.CC,25,250,10,0.0,10000.0,1.0,1.0,99998.6953125,0.0,0.0
product.HarvestedVolume.managed.Total.CC,26,260,10,0.0,10000.0,1.0,1.0,99998.7265625,0.0,0.0
product.HarvestedVolume.managed.Total.CC,27,270,10,0.0,10000.0,1.0,1.0,99999.2734375,0.0,0.0
product.HarvestedVolume.managed.Total.CC,28,280,10,0.0,10000.0,1.0,1.0,99995.8828125,0.0,0.0
product.HarvestedVolume.managed.Total.CC,29,290,10,0.0,10000.0,1.0,1.0,99998.0546875,0.0,0.0
product.HarvestedVolume.managed.Total.CC,30,300,10,0.0,10000.0,1.0,1.0,99999.265625,0.0,0.0
product.HarvestedVolume.managed.YC.CC,0,0,10,0.0,10000.0,1.0,1.0,0.0,0.0,0.0
product.HarvestedVolume.managed.YC.CC,1,10,10,0.0,10000.0,1.0,1.0,0.0,0.0,0.0
product.HarvestedVolume.managed.YC.CC,2,20,10,0.0,10000.0,1.0,1.0,1384.843017578125,0.0,0.0
product.HarvestedVolume.managed.YC.CC,3,30,10,0.0,10000.0,1.0,1.0,0.0,0.0,0.0
product.HarvestedVolume.managed.YC.CC,4,40,10,0.0,10000.0,1.0,1.0,0.0,0.0,0.0
product.HarvestedVolume.managed.YC.CC,5,50,10,0.0,10000.0,1.0,1.0,0.0,0.0,0.0
product.HarvestedVolume.managed.YC.CC,6,60,10,0.0,10000.0,1.0,1.0,0.0,0.0,0.0
product.HarvestedVolume.managed.YC.CC,7,70,10,0.0,10000.0,1.0,1.0,1163.0260009765625,0.0,0.0
product.HarvestedVolume.managed.YC.CC,8,80,10,0.0,10000.0,1.0,1.0,1034.56298828125,0.0,0.0
product.HarvestedVolume.managed.YC.CC,9,90,10,0.0,10000.0,1.0,1.0,0.0,0.0,0.0
product.HarvestedVolume.managed.YC.CC,10,100,10,0.0,10000.0,1.0,1.0,0.0,0.0,0.0
product.HarvestedVolume.managed.YC.CC,11,110,10,0.0,10000.0,1.0,1.0,0.0,0.0,0.0
product.HarvestedVolume.managed.YC.CC,12,120,10,0.0,10000.0,1.0,1.0,0.0,0.0,0.0
product.HarvestedVolume.managed.YC.CC,13,130,10,0.0,10000.0,1.0,1.0,0.0,0.0,0.0
product.HarvestedVolume.managed.YC.CC,14,140,10,0.0,10000.0,1.0,1.0,0.0,0.0,0.0
product.HarvestedVolume.managed.YC.CC,15,150,10,0.0,10000.0,1.0,1.0,0.0,0.0,0.0
product.HarvestedVolume.managed.YC.CC,16,160,10,0.0,10000.0,1.0,1.0,0.0,0.0,0.0
product.HarvestedVolume.managed.YC.CC,17,170,10,0.0,10000.0,1.0,1.0,0.0,0.0,0.0
product.HarvestedVolume.managed.YC.CC,18,180,10,0.0,10000.0,1.0,1.0,0.0,0.0,0.0
product.HarvestedVolume.managed.YC.CC,19,190,10,0.0,10000.0,1.0,1.0,0.0,0.0,0.0
product.HarvestedVolume.managed.YC.CC,20,200,10,0.0,10000.0,1.0,1.0,0.0,0.0,0.0
product.HarvestedVolume.managed.YC.CC,21,210,10,0.0,10000.0,1.0,1.0,0.0,0.0,0.0
product.HarvestedVolume.managed.YC.CC,22,220,10,0.0,10000.0,1.0,1.0,275.2919921875,0.0,0.0
product.HarvestedVolume.managed.YC.CC,23,230,10,0.0,10000.0,1.0,1.0,0.0,0.0,0.0
product.HarvestedVolume.managed.YC.CC,24,240,10,0.0,10000.0,1.0,1.0,1256.5260009765625,0.0,0.0
product.HarvestedVolume.managed.YC.CC,25,250,10,0.0,10000.0,1.0,1.0,0.0,0.0,0.0
product.HarvestedVolume.managed.YC.CC,26,260,10,0.0,10000.0,1.0,1.0,0.0,0.0,0.0
product.HarvestedVolume.managed.YC.CC,27,270,10,0.0,10000.0,1.0,1.0,0.0,0.0,0.0
product.HarvestedVolume.managed.YC.CC,28,280,10,0.0,10000.0,1.0,1.0,0.0,0.0,0.0
product.HarvestedVolume.managed.YC.CC,29,290,10,0.0,10000.0,1.0,1.0,0.0,0.0,0.0
product.HarvestedVolume.managed.YC.CC,30,300,10,0.0,10000.0,1.0,1.0,0.0,0.0,0.0
product.Seral.area.immature.CWHvm_CW_HW_M.CC,0,0,10,0.0,10000.0,1.0,1.0,0.0,0.0,0.0
product.Seral.area.immature.CWHvm_CW_HW_M.CC,1,10,10,0.0,10000.0,1.0,1.0,0.0,0.0,0.0
product.Seral.area.immature.CWHvm_CW_HW_M.CC,2,20,10,0.0,10000.0,1.0,1.0,0.0,0.0,0.0
product.Seral.area.immature.CWHvm_CW_HW_M.CC,3,30,10,0.0,10000.0,1.0,1.0,0.0,0.0,0.0
product.Seral.area.immature.CWHvm_CW_HW_M.CC,4,40,10,0.0,10000.0,1.0,1.0,0.0,0.0,0.0
product.Seral.area.immature.CWHvm_CW_HW_M.CC,5,50,10,0.0,10000.0,1.0,1.0,0.0,0.0,0.0
product.Seral.area.immature.CWHvm_CW_HW_M.CC,6,60,10,0.0,10000.0,1.0,1.0,0.0,0.0,0.0
product.Seral.area.immature.CWHvm_CW_HW_M.CC,7,70,10,0.0,10000.0,1.0,1.0,38.5629997253418,0.0,0.0
product.Seral.area.immature.CWHvm_CW_HW_M.CC,8,80,10,0.0,10000.0,1.0,1.0,0.0,0.0,0.0
product.Seral.area.immature.CWHvm_CW_HW_M.CC,9,90,10,0.0,10000.0,1.0,1.0,0.0,0.0,0.0
product.Seral.area.immature.CWHvm_CW_HW_M.CC,10,100,10,0.0,10000.0,1.0,1.0,0.0,0.0,0.0
product.Seral.area.immature.CWHvm_CW_HW_M.CC,11,110,10,0.0,10000.0,1.0,1.0,0.597000002861023,0.0,0.0
product.Seral.area.immature.CWHvm_CW_HW_M.CC,12,120,10,0.0,10000.0,1.0,1.0,6.901000022888184,0.0,0.0
product.Seral.area.immature.CWHvm_CW_HW_M.CC,13,130,10,0.0,10000.0,1.0,1.0,0.777999997138977,0.0,0.0
product.Seral.area.immature.CWHvm_CW_HW_M.CC,14,140,10,0.0,10000.0,1.0,1.0,13.07800006866455,0.0,0.0
product.Seral.area.immature.CWHvm_CW_HW_M.CC,15,150,10,0.0,10000.0,1.0,1.0,4.119999885559082,0.0,0.0
product.Seral.area.immature.CWHvm_CW_HW_M.CC,16,160,10,0.0,10000.0,1.0,1.0,0.0,0.0,0.0
product.Seral.area.immature.CWHvm_CW_HW_M.CC,17,170,10,0.0,10000.0,1.0,1.0,0.0,0.0,0.0
product.Seral.area.immature.CWHvm_CW_HW_M.CC,18,180,10,0.0,10000.0,1.0,1.0,74.22000122070312,0.0,0.0
product.Seral.area.immature.CWHvm_CW_HW_M.CC,19,190,10,0.0,10000.0,1.0,1.0,0.0,0.0,0.0
product.Seral.area.immature.CWHvm_CW_HW_M.CC,20,200,10,0.0,10000.0,1.0,1.0,0.0,0.0,0.0
product.Seral.area.immature.CWHvm_CW_HW_M.CC,21,210,10,0.0,10000.0,1.0,1.0,0.0,0.0,0.0
product.Seral.area.immature.CWHvm_CW_HW_M.CC,22,220,10,0.0,10000.0,1.0,1.0,0.597000002861023,0.0,0.0
product.Seral.area.immature.CWHvm_CW_HW_M.CC,23,230,10,0.0,10000.0,1.0,1.0,0.0,0.0,0.0
product.Seral.area.immature.CWHvm_CW_HW_M.CC,24,240,10,0.0,10000.0,1.0,1.0,1.559000015258789,0.0,0.0
product.Seral.area.immature.CWHvm_CW_HW_M.CC,25,250,10,0.0,10000.0,1.0,1.0,10.482000350952148,0.0,0.0
product.Seral.area.immature.CWHvm_CW_HW_M.CC,26,260,10,0.0,10000.0,1.0,1.0,18.025999069213867,0.0,0.0
product.Seral.area.immature.CWHvm_CW_HW_M.CC,27,270,10,0.0,10000.0,1.0,1.0,0.0,0.0,0.0
product.Seral.area.immature.CWHvm_CW_HW_M.CC,28,280,10,0.0,10000.0,1.0,1.0,0.0,0.0,0.0
product.Seral.area.immature.CWHvm_CW_HW_M.CC,29,290,10,0.0,10000.0,1.0,1.0,0.0,0.0,0.0
product.Seral.area.immature.CWHvm_CW_HW_M.CC,30,300,10,0.0,10000.0,1.0,1.0,16.399999618530273,0.0,0.0
product.Seral.area.immature.CWHvm_CW_PLC_M.CC,0,0,10,0.0,10000.0,1.0,1.0,0.0,0.0,0.0
product.Seral.area.immature.CWHvm_CW_PLC_M.CC,1,10,10,0.0,10000.0,1.0,1.0,0.0,0.0,0.0
product.Seral.area.immature.CWHvm_CW_PLC_M.CC,2,20,10,0.0,10000.0,1.0,1.0,0.0,0.0,0.0
product.Seral.area.immature.CWHvm_CW_PLC_M.CC,3,30,10,0.0,10000.0,1.0,1.0,0.0,0.0,0.0
product.Seral.area.immature.CWHvm_CW_PLC_M.CC,4,40,10,0.0,10000.0,1.0,1.0,0.0,0.0,0.0
product.Seral.area.immature.CWHvm_CW_PLC_M.CC,5,50,10,0.0,10000.0,1.0,1.0,0.0,0.0,0.0
product.Seral.area.immature.CWHvm_CW_PLC_M.CC,6,60,10,0.0,10000.0,1.0,1.0,0.0,0.0,0.0
product.Seral.area.immature.CWHvm_CW_PLC_M.CC,7,70,10,0.0,10000.0,1.0,1.0,0.0,0.0,0.0
product.Seral.area.immature.CWHvm_CW_PLC_M.CC,8,80,10,0.0,10000.0,1.0,1.0,0.0,0.0,0.0
product.Seral.area.immature.CWHvm_CW_PLC_M.CC,9,90,10,0.0,10000.0,1.0,1.0,0.0,0.0,0.0
product.Seral.area.immature.CWHvm_CW_PLC_M.CC,10,100,10,0.0,10000.0,1.0,1.0,0.0,0.0,0.0
product.Seral.area.immature.CWHvm_CW_PLC_M.CC,11,110,10,0.0,10000.0,1.0,1.0,0.0,0.0,0.0
product.Seral.area.immature.CWHvm_CW_PLC_M.CC,12,120,10,0.0,10000.0,1.0,1.0,0.0,0.0,0.0
product.Seral.area.immature.CWHvm_CW_PLC_M.CC,13,130,10,0.0,10000.0,1.0,1.0,0.0,0.0,0.0
product.Seral.area.immature.CWHvm_CW_PLC_M.CC,14,140,10,0.0,10000.0,1.0,1.0,0.0,0.0,0.0
product.Seral.area.immature.CWHvm_CW_PLC_M.CC,15,150,10,0.0,10000.0,1.0,1.0,0.0,0.0,0.0
product.Seral.area.immature.CWHvm_CW_PLC_M.CC,16,160,10,0.0,10000.0,1.0,1.0,0.0,0.0,0.0
product.Seral.area.immature.CWHvm_CW_PLC_M.CC,17,170,10,0.0,10000.0,1.0,1.0,0.0,0.0,0.0
product.Seral.area.immature.CWHvm_CW_PLC_M.CC,18,180,10,0.0,10000.0,1.0,1.0,0.0,0.0,0.0
product.Seral.area.immature.CWHvm_CW_PLC_M.CC,19,190,10,0.0,10000.0,1.0,1.0,0.0,0.0,0.0
product.Seral.area.immature.CWHvm_CW_PLC_M.CC,20,200,10,0.0,10000.0,1.0,1.0,0.0,0.0,0.0
product.Seral.area.immature.CWHvm_CW_PLC_M.CC,21,210,10,0.0,10000.0,1.0,1.0,0.0,0.0,0.0
product.Seral.area.immature.CWHvm_CW_PLC_M.CC,22,220,10,0.0,10000.0,1.0,1.0,0.0,0.0,0.0
product.Seral.area.immature.CWHvm_CW_PLC_M.CC,23,230,10,0.0,10000.0,1.0,1.0,0.0,0.0,0.0
product.Seral.area.immature.CWHvm_CW_PLC_M.CC,24,240,10,0.0,10000.0,1.0,1.0,0.0,0.0,0.0
product.Seral.area.immature.CWHvm_CW_PLC_M.CC,25,250,10,0.0,10000.0,1.0,1.0,0.0,0.0,0.0
product.Seral.area.immature.CWHvm_CW_PLC_M.CC,26,260,10,0.0,10000.0,1.0,1.0,0.0,0.0,0.0
product.Seral.area.immature.CWHvm_CW_PLC_M.CC,27,270,10,0.0,10000.0,1.0,1.0,0.0,0.0,0.0
product.Seral.area.immature.CWHvm_CW_PLC_M.CC,28,280,10,0.0,10000.0,1.0,1.0,0.0,0.0,0.0
product.Seral.area.immature.CWHvm_CW_PLC_M.CC,29,290,10,0.0,10000.0,1.0,1.0,0.0,0.0,0.0
product.Seral.area.immature.CWHvm_CW_PLC_M.CC,30,300,10,0.0,10000.0,1.0,1.0,0.0,0.0,0.0
product.Seral.area.immature.CWHvm_CW_YC_M.CC,0,0,10,0.0,10000.0,1.0,1.0,0.0,0.0,0.0
product.Seral.area.immature.CWHvm_CW_YC_M.CC,1,10,10,0.0,10000.0,1.0,1.0,0.0,0.0,0.0
product.Seral.area.immature.CWHvm_CW_YC_M.CC,2,20,10,0.0,10000.0,1.0,1.0,0.0,0.0,0.0
product.Seral.area.immature.CWHvm_CW_YC_M.CC,3,30,10,0.0,10000.0,1.0,1.0,0.0,0.0,0.0
product.Seral.area.immature.CWHvm_CW_YC_M.CC,4,40,10,0.0,10000.0,1.0,1.0,0.0,0.0,0.0
product.Seral.area.immature.CWHvm_CW_YC_M.CC,5,50,10,0.0,10000.0,1.0,1.0,0.0,0.0,0.0
product.Seral.area.immature.CWHvm_CW_YC_M.CC,6,60,10,0.0,10000.0,1.0,1.0,0.0,0.0,0.0
product.Seral.area.immature.CWHvm_CW_YC_M.CC,7,70,10,0.0,10000.0,1.0,1.0,0.0,0.0,0.0
product.Seral.area.immature.CWHvm_CW_YC_M.CC,8,80,10,0.0,10000.0,1.0,1.0,0.0,0.0,0.0
product.Seral.area.immature.CWHvm_CW_YC_M.CC,9,90,10,0.0,10000.0,1.0,1.0,0.0,0.0,0.0
product.Seral.area.immature.CWHvm_CW_YC_M.CC,10,100,10,0.0,10000.0,1.0,1.0,0.0,0.0,0.0
product.Seral.area.immature.CWHvm_CW_YC_M.CC,11,110,10,0.0,10000.0,1.0,1.0,0.0,0.0,0.0
product.Seral.area.immature.CWHvm_CW_YC_M.CC,12,120,10,0.0,10000.0,1.0,1.0,0.0,0.0,0.0
product.Seral.area.immature.CWHvm_CW_YC_M.CC,13,130,10,0.0,10000.0,1.0,1.0,0.0,0.0,0.0
product.Seral.area.immature.CWHvm_CW_YC_M.CC,14,140,10,0.0,10000.0,1.0,1.0,0.0,0.0,0.0
product.Seral.area.immature.CWHvm_CW_YC_M.CC,15,150,10,0.0,10000.0,1.0,1.0,0.0,0.0,0.0
product.Seral.area.immature.CWHvm_CW_YC_M.CC,16,160,10,0.0,10000.0,1.0,1.0,0.0,0.0,0.0
product.Seral.area.immature.CWHvm_CW_YC_M.CC,17,170,10,0.0,10000.0,1.0,1.0,0.0,0.0,0.0
product.Seral.area.immature.CWHvm_CW_YC_M.CC,18,180,10,0.0,10000.0,1.0,1.0,0.0,0.0,0.0
product.Seral.area.immature.CWHvm_CW_YC_M.CC,19,190,10,0.0,10000.0,1.0,1.0,0.0,0.0,0.0
product.Seral.area.immature.CWHvm_CW_YC_M.CC,20,200,10,0.0,10000.0,1.0,1.0,0.0,0.0,0.0
product.Seral.area.immature.CWHvm_CW_YC_M.CC,21,210,10,0.0,10000.0,1.0,1.0,0.0,0.0,0.0
product.Seral.area.immature.CWHvm_CW_YC_M.CC,22,220,10,0.0,10000.0,1.0,1.0,4.978000164031982,0.0,0.0
product.Seral.area.immature.CWHvm_CW_YC_M.CC,23,230,10,0.0,10000.0,1.0,1.0,0.0,0.0,0.0
product.Seral.area.immature.CWHvm_CW_YC_M.CC,24,240,10,0.0,10000.0,1.0,1.0,0.0,0.0,0.0
product.Seral.area.immature.CWHvm_CW_YC_M.CC,25,250,10,0.0,10000.0,1.0,1.0,0.0,0.0,0.0
product.Seral.area.immature.CWHvm_CW_YC_M.CC,26,260,10,0.0,10000.0,1.0,1.0,0.0,0.0,0.0
product.Seral.area.immature.CWHvm_CW_YC_M.CC,27,270,10,0.0,10000.0,1.0,1.0,0.0,0.0,0.0
product.Seral.area.immature.CWHvm_CW_YC_M.CC,28,280,10,0.0,10000.0,1.0,1.0,0.0,0.0,0.0
product.Seral.area.immature.CWHvm_CW_YC_M.CC,29,290,10,0.0,10000.0,1.0,1.0,0.0,0.0,0.0
product.Seral.area.immature.CWHvm_CW_YC_M.CC,30,300,10,0.0,10000.0,1.0,1.0,0.0,0.0,0.0
product.Seral.area.immature.CWHvm_DR_HW_M.CC,0,0,10,0.0,10000.0,1.0,1.0,0.0,0.0,0.0
product.Seral.area.immature.CWHvm_DR_HW_M.CC,1,10,10,0.0,10000.0,1.0,1.0,0.0,0.0,0.0
product.Seral.area.immature.CWHvm_DR_HW_M.CC,2,20,10,0.0,10000.0,1.0,1.0,0.0,0.0,0.0
product.Seral.area.immature.CWHvm_DR_HW_M.CC,3,30,10,0.0,10000.0,1.0,1.0,0.0,0.0,0.0
product.Seral.area.immature.CWHvm_DR_HW_M.CC,4,40,10,0.0,10000.0,1.0,1.0,0.0,0.0,0.0
product.Seral.area.immature.CWHvm_DR_HW_M.CC,5,50,10,0.0,10000.0,1.0,1.0,1.093000054359436,0.0,0.0
product.Seral.area.immature.CWHvm_DR_HW_M.CC,6,60,10,0.0,10000.0,1.0,1.0,0.0,0.0,0.0
product.Seral.area.immature.CWHvm_DR_HW_M.CC,7,70,10,0.0,10000.0,1.0,1.0,0.0,0.0,0.0
product.Seral.area.immature.CWHvm_DR_HW_M.CC,8,80,10,0.0,10000.0,1.0,1.0,0.0,0.0,0.0
product.Seral.area.immature.CWHvm_DR_HW_M.CC,9,90,10,0.0,10000.0,1.0,1.0,0.0,0.0,0.0
product.Seral.area.immature.CWHvm_DR_HW_M.CC,10,100,10,0.0,10000.0,1.0,1.0,0.0,0.0,0.0
product.Seral.area.immature.CWHvm_DR_HW_M.CC,11,110,10,0.0,10000.0,1.0,1.0,0.0,0.0,0.0
product.Seral.area.immature.CWHvm_DR_HW_M.CC,12,120,10,0.0,10000.0,1.0,1.0,0.0,0.0,0.0
product.Seral.area.immature.CWHvm_DR_HW_M.CC,13,130,10,0.0,10000.0,1.0,1.0,0.0,0.0,0.0
product.Seral.area.immature.CWHvm_DR_HW_M.CC,14,140,10,0.0,10000.0,1.0,1.0,0.0,0.0,0.0
product.Seral.area.immature.CWHvm_DR_HW_M.CC,15,150,10,0.0,10000.0,1.0,1.0,0.0,0.0,0.0
product.Seral.area.immature.CWHvm_DR_HW_M.CC,16,160,10,0.0,10000.0,1.0,1.0,0.0,0.0,0.0
product.Seral.area.immature.CWHvm_DR_HW_M.CC,17,170,10,0.0,10000.0,1.0,1.0,0.0,0.0,0.0
product.Seral.area.immature.CWHvm_DR_HW_M.CC,18,180,10,0.0,10000.0,1.0,1.0,0.0,0.0,0.0
product.Seral.area.immature.CWHvm_DR_HW_M.CC,19,190,10,0.0,10000.0,1.0,1.0,0.0,0.0,0.0
product.Seral.area.immature.CWHvm_DR_HW_M.CC,20,200,10,0.0,10000.0,1.0,1.0,0.0,0.0,0.0
product.Seral.area.immature.CWHvm_DR_HW_M.CC,21,210,10,0.0,10000.0,1.0,1.0,0.0,0.0,0.0
product.Seral.area.immature.CWHvm_DR_HW_M.CC,22,220,10,0.0,10000.0,1.0,1.0,0.0,0.0,0.0
product.Seral.area.immature.CWHvm_DR_HW_M.CC,23,230,10,0.0,10000.0,1.0,1.0,0.0,0.0,0.0
product.Seral.area.immature.CWHvm_DR_HW_M.CC,24,240,10,0.0,10000.0,1.0,1.0,0.0,0.0,0.0
product.Seral.area.immature.CWHvm_DR_HW_M.CC,25,250,10,0.0,10000.0,1.0,1.0,13.381999969482422,0.0,0.0
product.Seral.area.immature.CWHvm_DR_HW_M.CC,26,260,10,0.0,10000.0,1.0,1.0,0.0,0.0,0.0
product.Seral.area.immature.CWHvm_DR_HW_M.CC,27,270,10,0.0,10000.0,1.0,1.0,0.0,0.0,0.0
product.Seral.area.immature.CWHvm_DR_HW_M.CC,28,280,10,0.0,10000.0,1.0,1.0,0.0,0.0,0.0
product.Seral.area.immature.CWHvm_DR_HW_M.CC,29,290,10,0.0,10000.0,1.0,1.0,1.093000054359436,0.0,0.0
product.Seral.area.immature.CWHvm_DR_HW_M.CC,30,300,10,0.0,10000.0,1.0,1.0,0.0,0.0,0.0
product.Seral.area.immature.CWHvm_FDC_HW_H.CC,0,0,10,0.0,10000.0,1.0,1.0,0.0,0.0,0.0
product.Seral.area.immature.CWHvm_FDC_HW_H.CC,1,10,10,0.0,10000.0,1.0,1.0,0.0,0.0,0.0
product.Seral.area.immature.CWHvm_FDC_HW_H.CC,2,20,10,0.0,10000.0,1.0,1.0,0.0,0.0,0.0
product.Seral.area.immature.CWHvm_FDC_HW_H.CC,3,30,10,0.0,10000.0,1.0,1.0,0.0,0.0,0.0
product.Seral.area.immature.CWHvm_FDC_HW_H.CC,4,40,10,0.0,10000.0,1.0,1.0,0.0,0.0,0.0
product.Seral.area.immature.CWHvm_FDC_HW_H.CC,5,50,10,0.0,10000.0,1.0,1.0,0.0,0.0,0.0
product.Seral.area.immature.CWHvm_FDC_HW_H.CC,6,60,10,0.0,10000.0,1.0,1.0,0.0,0.0,0.0
product.Seral.area.immature.CWHvm_FDC_HW_H.CC,7,70,10,0.0,10000.0,1.0,1.0,0.0,0.0,0.0
product.Seral.area.immature.CWHvm_FDC_HW_H.CC,8,80,10,0.0,10000.0,1.0,1.0,0.0,0.0,0.0
product.Seral.area.immature.CWHvm_FDC_HW_H.CC,9,90,10,0.0,10000.0,1.0,1.0,0.0,0.0,0.0
product.Seral.area.immature.CWHvm_FDC_HW_H.CC,10,100,10,0.0,10000.0,1.0,1.0,0.0,0.0,0.0
product.Seral.area.immature.CWHvm_FDC_HW_H.CC,11,110,10,0.0,10000.0,1.0,1.0,0.0,0.0,0.0
product.Seral.area.immature.CWHvm_FDC_HW_H.CC,12,120,10,0.0,10000.0,1.0,1.0,7.822000026702881,0.0,0.0
product.Seral.area.immature.CWHvm_FDC_HW_H.CC,13,130,10,0.0,10000.0,1.0,1.0,0.0,0.0,0.0
product.Seral.area.immature.CWHvm_FDC_HW_H.CC,14,140,10,0.0,10000.0,1.0,1.0,0.0,0.0,0.0
product.Seral.area.immature.CWHvm_FDC_HW_H.CC,15,150,10,0.0,10000.0,1.0,1.0,0.0,0.0,0.0
product.Seral.area.immature.CWHvm_FDC_HW_H.CC,16,160,10,0.0,10000.0,1.0,1.0,0.0,0.0,0.0
product.Seral.area.immature.CWHvm_FDC_HW_H.CC,17,170,10,0.0,10000.0,1.0,1.0,28.33799934387207,0.0,0.0
product.Seral.area.immature.CWHvm_FDC_HW_H.CC,18,180,10,0.0,10000.0,1.0,1.0,0.0,0.0,0.0
product.Seral.area.immature.CWHvm_FDC_HW_H.CC,19,190,10,0.0,10000.0,1.0,1.0,7.822000026702881,0.0,0.0
product.Seral.area.immature.CWHvm_FDC_HW_H.CC,20,200,10,0.0,10000.0,1.0,1.0,5.8979997634887695,0.0,0.0
product.Seral.area.immature.CWHvm_FDC_HW_H.CC,21,210,10,0.0,10000.0,1.0,1.0,13.862000465393066,0.0,0.0
product.Seral.area.immature.CWHvm_FDC_HW_H.CC,22,220,10,0.0,10000.0,1.0,1.0,0.0,0.0,0.0
product.Seral.area.immature.CWHvm_FDC_HW_H.CC,23,230,10,0.0,10000.0,1.0,1.0,0.0,0.0,0.0
product.Seral.area.immature.CWHvm_FDC_HW_H.CC,24,240,10,0.0,10000.0,1.0,1.0,0.0,0.0,0.0
product.Seral.area.immature.CWHvm_FDC_HW_H.CC,25,250,10,0.0,10000.0,1.0,1.0,7.993000030517578,0.0,0.0
product.Seral.area.immature.CWHvm_FDC_HW_H.CC,26,260,10,0.0,10000.0,1.0,1.0,0.0,0.0,0.0
product.Seral.area.immature.CWHvm_FDC_HW_H.CC,27,270,10,0.0,10000.0,1.0,1.0,0.0,0.0,0.0
product.Seral.area.immature.CWHvm_FDC_HW_H.CC,28,280,10,0.0,10000.0,1.0,1.0,21.68400001525879,0.0,0.0
product.Seral.area.immature.CWHvm_FDC_HW_H.CC,29,290,10,0.0,10000.0,1.0,1.0,0.0,0.0,0.0
product.Seral.area.immature.CWHvm_FDC_HW_H.CC,30,300,10,0.0,10000.0,1.0,1.0,0.0,0.0,0.0
product.Seral.area.immature.CWHvm_FDC_HW_L.CC,0,0,10,0.0,10000.0,1.0,1.0,0.0,0.0,0.0
product.Seral.area.immature.CWHvm_FDC_HW_L.CC,1,10,10,0.0,10000.0,1.0,1.0,0.0,0.0,0.0
product.Seral.area.immature.CWHvm_FDC_HW_L.CC,2,20,10,0.0,10000.0,1.0,1.0,0.0,0.0,0.0
product.Seral.area.immature.CWHvm_FDC_HW_L.CC,3,30,10,0.0,10000.0,1.0,1.0,0.0,0.0,0.0
product.Seral.area.immature.CWHvm_FDC_HW_L.CC,4,40,10,0.0,10000.0,1.0,1.0,0.0,0.0,0.0
product.Seral.area.immature.CWHvm_FDC_HW_L.CC,5,50,10,0.0,10000.0,1.0,1.0,2.6070001125335693,0.0,0.0
product.Seral.area.immature.CWHvm_FDC_HW_L.CC,6,60,10,0.0,10000.0,1.0,1.0,79.14600372314453,0.0,0.0
product.Seral.area.immature.CWHvm_FDC_HW_L.CC,7,70,10,0.0,10000.0,1.0,1.0,0.0,0.0,0.0
product.Seral.area.immature.CWHvm_FDC_HW_L.CC,8,80,10,0.0,10000.0,1.0,1.0,0.0,0.0,0.0
product.Seral.area.immature.CWHvm_FDC_HW_L.CC,9,90,10,0.0,10000.0,1.0,1.0,0.0,0.0,0.0
product.Seral.area.immature.CWHvm_FDC_HW_L.CC,10,100,10,0.0,10000.0,1.0,1.0,13.623000144958496,0.0,0.0
product.Seral.area.immature.CWHvm_FDC_HW_L.CC,11,110,10,0.0,10000.0,1.0,1.0,0.0,0.0,0.0
product.Seral.area.immature.CWHvm_FDC_HW_L.CC,12,120,10,0.0,10000.0,1.0,1.0,0.0,0.0,0.0
product.Seral.area.immature.CWHvm_FDC_HW_L.CC,13,130,10,0.0,10000.0,1.0,1.0,0.0,0.0,0.0
product.Seral.area.immature.CWHvm_FDC_HW_L.CC,14,140,10,0.0,10000.0,1.0,1.0,2.6070001125335693,0.0,0.0
product.Seral.area.immature.CWHvm_FDC_HW_L.CC,15,150,10,0.0,10000.0,1.0,1.0,0.0,0.0,0.0
product.Seral.area.immature.CWHvm_FDC_HW_L.CC,16,160,10,0.0,10000.0,1.0,1.0,0.0,0.0,0.0
product.Seral.area.immature.CWHvm_FDC_HW_L.CC,17,170,10,0.0,10000.0,1.0,1.0,84.24400329589844,0.0,0.0
product.Seral.area.immature.CWHvm_FDC_HW_L.CC,18,180,10,0.0,10000.0,1.0,1.0,7.51200008392334,0.0,0.0
product.Seral.area.immature.CWHvm_FDC_HW_L.CC,19,190,10,0.0,10000.0,1.0,1.0,0.0,0.0,0.0
product.Seral.area.immature.CWHvm_FDC_HW_L.CC,20,200,10,0.0,10000.0,1.0,1.0,0.0,0.0,0.0
product.Seral.area.immature.CWHvm_FDC_HW_L.CC,21,210,10,0.0,10000.0,1.0,1.0,0.6340000033378601,0.0,0.0
product.Seral.area.immature.CWHvm_FDC_HW_L.CC,22,220,10,0.0,10000.0,1.0,1.0,0.0,0.0,0.0
product.Seral.area.immature.CWHvm_FDC_HW_L.CC,23,230,10,0.0,10000.0,1.0,1.0,0.0,0.0,0.0
product.Seral.area.immature.CWHvm_FDC_HW_L.CC,24,240,10,0.0,10000.0,1.0,1.0,0.0,0.0,0.0
product.Seral.area.immature.CWHvm_FDC_HW_L.CC,25,250,10,0.0,10000.0,1.0,1.0,9.522000312805176,0.0,0.0
product.Seral.area.immature.CWHvm_FDC_HW_L.CC,26,260,10,0.0,10000.0,1.0,1.0,79.14600372314453,0.0,0.0
product.Seral.area.immature.CWHvm_FDC_HW_L.CC,27,270,10,0.0,10000.0,1.0,1.0,5.0980000495910645,0.0,0.0
product.Seral.area.immature.CWHvm_FDC_HW_L.CC,28,280,10,0.0,10000.0,1.0,1.0,0.0,0.0,0.0
product.Seral.area.immature.CWHvm_FDC_HW_L.CC,29,290,10,0.0,10000.0,1.0,1.0,0.0,0.0,0.0
product.Seral.area.immature.CWHvm_FDC_HW_L.CC,30,300,10,0.0,10000.0,1.0,1.0,0.6340000033378601,0.0,0.0
product.Seral.area.immature.CWHvm_FDC_HW_M.CC,0,0,10,0.0,10000.0,1.0,1.0,0.0,0.0,0.0
product.Seral.area.immature.CWHvm_FDC_HW_M.CC,1,10,10,0.0,10000.0,1.0,1.0,0.0,0.0,0.0
product.Seral.area.immature.CWHvm_FDC_HW_M.CC,2,20,10,0.0,10000.0,1.0,1.0,7.443999767303467,0.0,0.0
product.Seral.area.immature.CWHvm_FDC_HW_M.CC,3,30,10,0.0,10000.0,1.0,1.0,5.546999931335449,0.0,0.0
product.Seral.area.immature.CWHvm_FDC_HW_M.CC,4,40,10,0.0,10000.0,1.0,1.0,50.24700164794922,0.0,0.0
product.Seral.area.immature.CWHvm_FDC_HW_M.CC,5,50,10,0.0,10000.0,1.0,1.0,0.0,0.0,0.0
product.Seral.area.immature.CWHvm_FDC_HW_M.CC,6,60,10,0.0,10000.0,1.0,1.0,0.0,0.0,0.0
product.Seral.area.immature.CWHvm_FDC_HW_M.CC,7,70,10,0.0,10000.0,1.0,1.0,0.0,0.0,0.0
product.Seral.area.immature.CWHvm_FDC_HW_M.CC,8,80,10,0.0,10000.0,1.0,1.0,0.0,0.0,0.0
product.Seral.area.immature.CWHvm_FDC_HW_M.CC,9,90,10,0.0,10000.0,1.0,1.0,0.0,0.0,0.0
product.Seral.area.immature.CWHvm_FDC_HW_M.CC,10,100,10,0.0,10000.0,1.0,1.0,0.0,0.0,0.0
product.Seral.area.immature.CWHvm_FDC_HW_M.CC,11,110,10,0.0,10000.0,1.0,1.0,30.27199935913086,0.0,0.0
product.Seral.area.immature.CWHvm_FDC_HW_M.CC,12,120,10,0.0,10000.0,1.0,1.0,22.23900032043457,0.0,0.0
product.Seral.area.immature.CWHvm_FDC_HW_M.CC,13,130,10,0.0,10000.0,1.0,1.0,0.0,0.0,0.0
product.Seral.area.immature.CWHvm_FDC_HW_M.CC,14,140,10,0.0,10000.0,1.0,1.0,0.0,0.0,0.0
product.Seral.area.immature.CWHvm_FDC_HW_M.CC,15,150,10,0.0,10000.0,1.0,1.0,0.0,0.0,0.0
product.Seral.area.immature.CWHvm_FDC_HW_M.CC,16,160,10,0.0,10000.0,1.0,1.0,8.784000396728516,0.0,0.0
product.Seral.area.immature.CWHvm_FDC_HW_M.CC,17,170,10,0.0,10000.0,1.0,1.0,11.842000007629395,0.0,0.0
product.Seral.area.immature.CWHvm_FDC_HW_M.CC,18,180,10,0.0,10000.0,1.0,1.0,2.2639999389648438,0.0,0.0
product.Seral.area.immature.CWHvm_FDC_HW_M.CC,19,190,10,0.0,10000.0,1.0,1.0,7.443999767303467,0.0,0.0
product.Seral.area.immature.CWHvm_FDC_HW_M.CC,20,200,10,0.0,10000.0,1.0,1.0,28.007999420166016,0.0,0.0
product.Seral.area.immature.CWHvm_FDC_HW_M.CC,21,210,10,0.0,10000.0,1.0,1.0,0.0,0.0,0.0
product.Seral.area.immature.CWHvm_FDC_HW_M.CC,22,220,10,0.0,10000.0,1.0,1.0,0.0,0.0,0.0
product.Seral.area.immature.CWHvm_FDC_HW_M.CC,23,230,10,0.0,10000.0,1.0,1.0,0.0,0.0,0.0
product.Seral.area.immature.CWHvm_FDC_HW_M.CC,24,240,10,0.0,10000.0,1.0,1.0,0.0,0.0,0.0
product.Seral.area.immature.CWHvm_FDC_HW_M.CC,25,250,10,0.0,10000.0,1.0,1.0,2.2639999389648438,0.0,0.0
product.Seral.area.immature.CWHvm_FDC_HW_M.CC,26,260,10,0.0,10000.0,1.0,1.0,7.443999767303467,0.0,0.0
product.Seral.area.immature.CWHvm_FDC_HW_M.CC,27,270,10,0.0,10000.0,1.0,1.0,28.007999420166016,0.0,0.0
product.Seral.area.immature.CWHvm_FDC_HW_M.CC,28,280,10,0.0,10000.0,1.0,1.0,0.0,0.0,0.0
product.Seral.area.immature.CWHvm_FDC_HW_M.CC,29,290,10,0.0,10000.0,1.0,1.0,0.0,0.0,0.0
product.Seral.area.immature.CWHvm_FDC_HW_M.CC,30,300,10,0.0,10000.0,1.0,1.0,0.0,0.0,0.0
product.Seral.area.immature.CWHvm_HW_BA_M.CC,0,0,10,0.0,10000.0,1.0,1.0,0.0,0.0,0.0
product.Seral.area.immature.CWHvm_HW_BA_M.CC,1,10,10,0.0,10000.0,1.0,1.0,0.0,0.0,0.0
product.Seral.area.immature.CWHvm_HW_BA_M.CC,2,20,10,0.0,10000.0,1.0,1.0,0.0,0.0,0.0
product.Seral.area.immature.CWHvm_HW_BA_M.CC,3,30,10,0.0,10000.0,1.0,1.0,0.0,0.0,0.0
product.Seral.area.immature.CWHvm_HW_BA_M.CC,4,40,10,0.0,10000.0,1.0,1.0,0.0,0.0,0.0
product.Seral.area.immature.CWHvm_HW_BA_M.CC,5,50,10,0.0,10000.0,1.0,1.0,0.0,0.0,0.0
product.Seral.area.immature.CWHvm_HW_BA_M.CC,6,60,10,0.0,10000.0,1.0,1.0,0.0,0.0,0.0
product.Seral.area.immature.CWHvm_HW_BA_M.CC,7,70,10,0.0,10000.0,1.0,1.0,0.0,0.0,0.0
product.Seral.area.immature.CWHvm_HW_BA_M.CC,8,80,10,0.0,10000.0,1.0,1.0,0.0,0.0,0.0
product.Seral.area.immature.CWHvm_HW_BA_M.CC,9,90,10,0.0,10000.0,1.0,1.0,3.0280001163482666,0.0,0.0
product.Seral.area.immature.CWHvm_HW_BA_M.CC,10,100,10,0.0,10000.0,1.0,1.0,0.0,0.0,0.0
product.Seral.area.immature.CWHvm_HW_BA_M.CC,11,110,10,0.0,10000.0,1.0,1.0,0.0,0.0,0.0
product.Seral.area.immature.CWHvm_HW_BA_M.CC,12,120,10,0.0,10000.0,1.0,1.0,0.0,0.0,0.0
product.Seral.area.immature.CWHvm_HW_BA_M.CC,13,130,10,0.0,10000.0,1.0,1.0,0.0,0.0,0.0
product.Seral.area.immature.CWHvm_HW_BA_M.CC,14,140,10,0.0,10000.0,1.0,1.0,0.0,0.0,0.0
product.Seral.area.immature.CWHvm_HW_BA_M.CC,15,150,10,0.0,10000.0,1.0,1.0,0.0,0.0,0.0
product.Seral.area.immature.CWHvm_HW_BA_M.CC,16,160,10,0.0,10000.0,1.0,1.0,0.0,0.0,0.0
product.Seral.area.immature.CWHvm_HW_BA_M.CC,17,170,10,0.0,10000.0,1.0,1.0,0.0,0.0,0.0
product.Seral.area.immature.CWHvm_HW_BA_M.CC,18,180,10,0.0,10000.0,1.0,1.0,0.0,0.0,0.0
product.Seral.area.immature.CWHvm_HW_BA_M.CC,19,190,10,0.0,10000.0,1.0,1.0,0.0,0.0,0.0
product.Seral.area.immature.CWHvm_HW_BA_M.CC,20,200,10,0.0,10000.0,1.0,1.0,0.0,0.0,0.0
product.Seral.area.immature.CWHvm_HW_BA_M.CC,21,210,10,0.0,10000.0,1.0,1.0,0.0,0.0,0.0
product.Seral.area.immature.CWHvm_HW_BA_M.CC,22,220,10,0.0,10000.0,1.0,1.0,0.0,0.0,0.0
product.Seral.area.immature.CWHvm_HW_BA_M.CC,23,230,10,0.0,10000.0,1.0,1.0,0.0,0.0,0.0
product.Seral.area.immature.CWHvm_HW_BA_M.CC,24,240,10,0.0,10000.0,1.0,1.0,0.0,0.0,0.0
product.Seral.area.immature.CWHvm_HW_BA_M.CC,25,250,10,0.0,10000.0,1.0,1.0,0.0,0.0,0.0
product.Seral.area.immature.CWHvm_HW_BA_M.CC,26,260,10,0.0,10000.0,1.0,1.0,2.2660000324249268,0.0,0.0
product.Seral.area.immature.CWHvm_HW_BA_M.CC,27,270,10,0.0,10000.0,1.0,1.0,0.0,0.0,0.0
product.Seral.area.immature.CWHvm_HW_BA_M.CC,28,280,10,0.0,10000.0,1.0,1.0,0.0,0.0,0.0
product.Seral.area.immature.CWHvm_HW_BA_M.CC,29,290,10,0.0,10000.0,1.0,1.0,0.0,0.0,0.0
product.Seral.area.immature.CWHvm_HW_BA_M.CC,30,300,10,0.0,10000.0,1.0,1.0,0.0,0.0,0.0
product.Seral.area.immature.CWHvm_HW_CW_H.CC,0,0,10,0.0,10000.0,1.0,1.0,0.0,0.0,0.0
product.Seral.area.immature.CWHvm_HW_CW_H.CC,1,10,10,0.0,10000.0,1.0,1.0,0.0,0.0,0.0
product.Seral.area.immature.CWHvm_HW_CW_H.CC,2,20,10,0.0,10000.0,1.0,1.0,0.0,0.0,0.0
product.Seral.area.immature.CWHvm_HW_CW_H.CC,3,30,10,0.0,10000.0,1.0,1.0,0.0,0.0,0.0
product.Seral.area.immature.CWHvm_HW_CW_H.CC,4,40,10,0.0,10000.0,1.0,1.0,0.0,0.0,0.0
product.Seral.area.immature.CWHvm_HW_CW_H.CC,5,50,10,0.0,10000.0,1.0,1.0,0.0,0.0,0.0
product.Seral.area.immature.CWHvm_HW_CW_H.CC,6,60,10,0.0,10000.0,1.0,1.0,0.0,0.0,0.0
product.Seral.area.immature.CWHvm_HW_CW_H.CC,7,70,10,0.0,10000.0,1.0,1.0,0.0,0.0,0.0
product.Seral.area.immature.CWHvm_HW_CW_H.CC,8,80,10,0.0,10000.0,1.0,1.0,0.0,0.0,0.0
product.Seral.area.immature.CWHvm_HW_CW_H.CC,9,90,10,0.0,10000.0,1.0,1.0,2.813999891281128,0.0,0.0
product.Seral.area.immature.CWHvm_HW_CW_H.CC,10,100,10,0.0,10000.0,1.0,1.0,0.0,0.0,0.0
product.Seral.area.immature.CWHvm_HW_CW_H.CC,11,110,10,0.0,10000.0,1.0,1.0,0.0,0.0,0.0
product.Seral.area.immature.CWHvm_HW_CW_H.CC,12,120,10,0.0,10000.0,1.0,1.0,14.854000091552734,0.0,0.0
product.Seral.area.immature.CWHvm_HW_CW_H.CC,13,130,10,0.0,10000.0,1.0,1.0,0.0,0.0,0.0
product.Seral.area.immature.CWHvm_HW_CW_H.CC,14,140,10,0.0,10000.0,1.0,1.0,0.0,0.0,0.0
product.Seral.area.immature.CWHvm_HW_CW_H.CC,15,150,10,0.0,10000.0,1.0,1.0,0.0,0.0,0.0
product.Seral.area.immature.CWHvm_HW_CW_H.CC,16,160,10,0.0,10000.0,1.0,1.0,0.0,0.0,0.0
product.Seral.area.immature.CWHvm_HW_CW_H.CC,17,170,10,0.0,10000.0,1.0,1.0,0.0,0.0,0.0
product.Seral.area.immature.CWHvm_HW_CW_H.CC,18,180,10,0.0,10000.0,1.0,1.0,0.0,0.0,0.0
product.Seral.area.immature.CWHvm_HW_CW_H.CC,19,190,10,0.0,10000.0,1.0,1.0,0.0,0.0,0.0
product.Seral.area.immature.CWHvm_HW_CW_H.CC,20,200,10,0.0,10000.0,1.0,1.0,0.0,0.0,0.0
product.Seral.area.immature.CWHvm_HW_CW_H.CC,21,210,10,0.0,10000.0,1.0,1.0,14.854000091552734,0.0,0.0
product.Seral.area.immature.CWHvm_HW_CW_H.CC,22,220,10,0.0,10000.0,1.0,1.0,0.0,0.0,0.0
product.Seral.area.immature.CWHvm_HW_CW_H.CC,23,230,10,0.0,10000.0,1.0,1.0,0.0,0.0,0.0
product.Seral.area.immature.CWHvm_HW_CW_H.CC,24,240,10,0.0,10000.0,1.0,1.0,3.3499999046325684,0.0,0.0
product.Seral.area.immature.CWHvm_HW_CW_H.CC,25,250,10,0.0,10000.0,1.0,1.0,0.0,0.0,0.0
product.Seral.area.immature.CWHvm_HW_CW_H.CC,26,260,10,0.0,10000.0,1.0,1.0,0.0,0.0,0.0
product.Seral.area.immature.CWHvm_HW_CW_H.CC,27,270,10,0.0,10000.0,1.0,1.0,0.0,0.0,0.0
product.Seral.area.immature.CWHvm_HW_CW_H.CC,28,280,10,0.0,10000.0,1.0,1.0,0.0,0.0,0.0
product.Seral.area.immature.CWHvm_HW_CW_H.CC,29,290,10,0.0,10000.0,1.0,1.0,0.0,0.0,0.0
product.Seral.area.immature.CWHvm_HW_CW_H.CC,30,300,10,0.0,10000.0,1.0,1.0,14.854000091552734,0.0,0.0
product.Seral.area.immature.CWHvm_HW_CW_L.CC,0,0,10,0.0,10000.0,1.0,1.0,0.0,0.0,0.0
product.Seral.area.immature.CWHvm_HW_CW_L.CC,1,10,10,0.0,10000.0,1.0,1.0,0.0,0.0,0.0
product.Seral.area.immature.CWHvm_HW_CW_L.CC,2,20,10,0.0,10000.0,1.0,1.0,0.0,0.0,0.0
product.Seral.area.immature.CWHvm_HW_CW_L.CC,3,30,10,0.0,10000.0,1.0,1.0,0.0,0.0,0.0
product.Seral.area.immature.CWHvm_HW_CW_L.CC,4,40,10,0.0,10000.0,1.0,1.0,0.0,0.0,0.0
product.Seral.area.immature.CWHvm_HW_CW_L.CC,5,50,10,0.0,10000.0,1.0,1.0,0.0,0.0,0.0
product.Seral.area.immature.CWHvm_HW_CW_L.CC,6,60,10,0.0,10000.0,1.0,1.0,0.0,0.0,0.0
product.Seral.area.immature.CWHvm_HW_CW_L.CC,7,70,10,0.0,10000.0,1.0,1.0,0.0,0.0,0.0
product.Seral.area.immature.CWHvm_HW_CW_L.CC,8,80,10,0.0,10000.0,1.0,1.0,0.0,0.0,0.0
product.Seral.area.immature.CWHvm_HW_CW_L.CC,9,90,10,0.0,10000.0,1.0,1.0,0.0,0.0,0.0
product.Seral.area.immature.CWHvm_HW_CW_L.CC,10,100,10,0.0,10000.0,1.0,1.0,0.0,0.0,0.0
product.Seral.area.immature.CWHvm_HW_CW_L.CC,11,110,10,0.0,10000.0,1.0,1.0,0.0,0.0,0.0
product.Seral.area.immature.CWHvm_HW_CW_L.CC,12,120,10,0.0,10000.0,1.0,1.0,3.433000087738037,0.0,0.0
product.Seral.area.immature.CWHvm_HW_CW_L.CC,13,130,10,0.0,10000.0,1.0,1.0,0.0,0.0,0.0
product.Seral.area.immature.CWHvm_HW_CW_L.CC,14,140,10,0.0,10000.0,1.0,1.0,0.0,0.0,0.0
product.Seral.area.immature.CWHvm_HW_CW_L.CC,15,150,10,0.0,10000.0,1.0,1.0,2.5450000762939453,0.0,0.0
product.Seral.area.immature.CWHvm_HW_CW_L.CC,16,160,10,0.0,10000.0,1.0,1.0,0.0,0.0,0.0
product.Seral.area.immature.CWHvm_HW_CW_L.CC,17,170,10,0.0,10000.0,1.0,1.0,0.0,0.0,0.0
product.Seral.area.immature.CWHvm_HW_CW_L.CC,18,180,10,0.0,10000.0,1.0,1.0,0.0,0.0,0.0
product.Seral.area.immature.CWHvm_HW_CW_L.CC,19,190,10,0.0,10000.0,1.0,1.0,0.0,0.0,0.0
product.Seral.area.immature.CWHvm_HW_CW_L.CC,20,200,10,0.0,10000.0,1.0,1.0,8.47700023651123,0.0,0.0
product.Seral.area.immature.CWHvm_HW_CW_L.CC,21,210,10,0.0,10000.0,1.0,1.0,0.0,0.0,0.0
product.Seral.area.immature.CWHvm_HW_CW_L.CC,22,220,10,0.0,10000.0,1.0,1.0,0.0,0.0,0.0
product.Seral.area.immature.CWHvm_HW_CW_L.CC,23,230,10,0.0,10000.0,1.0,1.0,1.7400000095367432,0.0,0.0
product.Seral.area.immature.CWHvm_HW_CW_L.CC,24,240,10,0.0,10000.0,1.0,1.0,1.6929999589920044,0.0,0.0
product.Seral.area.immature.CWHvm_HW_CW_L.CC,25,250,10,0.0,10000.0,1.0,1.0,0.0,0.0,0.0
product.Seral.area.immature.CWHvm_HW_CW_L.CC,26,260,10,0.0,10000.0,1.0,1.0,0.7239999771118164,0.0,0.0
product.Seral.area.immature.CWHvm_HW_CW_L.CC,27,270,10,0.0,10000.0,1.0,1.0,2.5450000762939453,0.0,0.0
product.Seral.area.immature.CWHvm_HW_CW_L.CC,28,280,10,0.0,10000.0,1.0,1.0,0.0,0.0,0.0
product.Seral.area.immature.CWHvm_HW_CW_L.CC,29,290,10,0.0,10000.0,1.0,1.0,0.0,0.0,0.0
product.Seral.area.immature.CWHvm_HW_CW_L.CC,30,300,10,0.0,10000.0,1.0,1.0,0.0,0.0,0.0
product.Seral.area.immature.CWHvm_HW_CW_M.CC,0,0,10,0.0,10000.0,1.0,1.0,0.0,0.0,0.0
product.Seral.area.immature.CWHvm_HW_CW_M.CC,1,10,10,0.0,10000.0,1.0,1.0,0.0,0.0,0.0
product.Seral.area.immature.CWHvm_HW_CW_M.CC,2,20,10,0.0,10000.0,1.0,1.0,0.0,0.0,0.0
product.Seral.area.immature.CWHvm_HW_CW_M.CC,3,30,10,0.0,10000.0,1.0,1.0,0.0,0.0,0.0
product.Seral.area.immature.CWHvm_HW_CW_M.CC,4,40,10,0.0,10000.0,1.0,1.0,1.9329999685287476,0.0,0.0
product.Seral.area.immature.CWHvm_HW_CW_M.CC,5,50,10,0.0,10000.0,1.0,1.0,0.5649999976158142,0.0,0.0
product.Seral.area.immature.CWHvm_HW_CW_M.CC,6,60,10,0.0,10000.0,1.0,1.0,0.0,0.0,0.0
product.Seral.area.immature.CWHvm_HW_CW_M.CC,7,70,10,0.0,10000.0,1.0,1.0,0.0,0.0,0.0
product.Seral.area.immature.CWHvm_HW_CW_M.CC,8,80,10,0.0,10000.0,1.0,1.0,0.0,0.0,0.0
product.Seral.area.immature.CWHvm_HW_CW_M.CC,9,90,10,0.0,10000.0,1.0,1.0,0.0,0.0,0.0
product.Seral.area.immature.CWHvm_HW_CW_M.CC,10,100,10,0.0,10000.0,1.0,1.0,5.671000003814697,0.0,0.0
product.Seral.area.immature.CWHvm_HW_CW_M.CC,11,110,10,0.0,10000.0,1.0,1.0,0.0,0.0,0.0
product.Seral.area.immature.CWHvm_HW_CW_M.CC,12,120,10,0.0,10000.0,1.0,1.0,6.947000026702881,0.0,0.0
product.Seral.area.immature.CWHvm_HW_CW_M.CC,13,130,10,0.0,10000.0,1.0,1.0,1.9329999685287476,0.0,0.0
product.Seral.area.immature.CWHvm_HW_CW_M.CC,14,140,10,0.0,10000.0,1.0,1.0,0.0,0.0,0.0
product.Seral.area.immature.CWHvm_HW_CW_M.CC,15,150,10,0.0,10000.0,1.0,1.0,0.5649999976158142,0.0,0.0
product.Seral.area.immature.CWHvm_HW_CW_M.CC,16,160,10,0.0,10000.0,1.0,1.0,0.0,0.0,0.0
product.Seral.area.immature.CWHvm_HW_CW_M.CC,17,170,10,0.0,10000.0,1.0,1.0,0.0,0.0,0.0
product.Seral.area.immature.CWHvm_HW_CW_M.CC,18,180,10,0.0,10000.0,1.0,1.0,0.0,0.0,0.0
product.Seral.area.immature.CWHvm_HW_CW_M.CC,19,190,10,0.0,10000.0,1.0,1.0,5.671000003814697,0.0,0.0
product.Seral.area.immature.CWHvm_HW_CW_M.CC,20,200,10,0.0,10000.0,1.0,1.0,0.0,0.0,0.0
product.Seral.area.immature.CWHvm_HW_CW_M.CC,21,210,10,0.0,10000.0,1.0,1.0,1.6740000247955322,0.0,0.0
product.Seral.area.immature.CWHvm_HW_CW_M.CC,22,220,10,0.0,10000.0,1.0,1.0,1.9329999685287476,0.0,0.0
product.Seral.area.immature.CWHvm_HW_CW_M.CC,23,230,10,0.0,10000.0,1.0,1.0,4.410999774932861,0.0,0.0
product.Seral.area.immature.CWHvm_HW_CW_M.CC,24,240,10,0.0,10000.0,1.0,1.0,0.0,0.0,0.0
product.Seral.area.immature.CWHvm_HW_CW_M.CC,25,250,10,0.0,10000.0,1.0,1.0,1.065999984741211,0.0,0.0
product.Seral.area.immature.CWHvm_HW_CW_M.CC,26,260,10,0.0,10000.0,1.0,1.0,0.0,0.0,0.0
product.Seral.area.immature.CWHvm_HW_CW_M.CC,27,270,10,0.0,10000.0,1.0,1.0,0.0,0.0,0.0
product.Seral.area.immature.CWHvm_HW_CW_M.CC,28,280,10,0.0,10000.0,1.0,1.0,0.0,0.0,0.0
product.Seral.area.immature.CWHvm_HW_CW_M.CC,29,290,10,0.0,10000.0,1.0,1.0,0.0,0.0,0.0
product.Seral.area.immature.CWHvm_HW_CW_M.CC,30,300,10,0.0,10000.0,1.0,1.0,7.34499979019165,0.0,0.0
product.Seral.area.immature.CWHvm_HW_FDC_H.CC,0,0,10,0.0,10000.0,1.0,1.0,0.0,0.0,0.0
product.Seral.area.immature.CWHvm_HW_FDC_H.CC,1,10,10,0.0,10000.0,1.0,1.0,0.0,0.0,0.0
product.Seral.area.immature.CWHvm_HW_FDC_H.CC,2,20,10,0.0,10000.0,1.0,1.0,0.0,0.0,0.0
product.Seral.area.immature.CWHvm_HW_FDC_H.CC,3,30,10,0.0,10000.0,1.0,1.0,50.715999603271484,0.0,0.0
product.Seral.area.immature.CWHvm_HW_FDC_H.CC,4,40,10,0.0,10000.0,1.0,1.0,15.781000137329102,0.0,0.0
product.Seral.area.immature.CWHvm_HW_FDC_H.CC,5,50,10,0.0,10000.0,1.0,1.0,30.145000457763672,0.0,0.0
product.Seral.area.immature.CWHvm_HW_FDC_H.CC,6,60,10,0.0,10000.0,1.0,1.0,0.0,0.0,0.0
product.Seral.area.immature.CWHvm_HW_FDC_H.CC,7,70,10,0.0,10000.0,1.0,1.0,0.0,0.0,0.0
product.Seral.area.immature.CWHvm_HW_FDC_H.CC,8,80,10,0.0,10000.0,1.0,1.0,15.62399959564209,0.0,0.0
product.Seral.area.immature.CWHvm_HW_FDC_H.CC,9,90,10,0.0,10000.0,1.0,1.0,17.301000595092773,0.0,0.0
product.Seral.area.immature.CWHvm_HW_FDC_H.CC,10,100,10,0.0,10000.0,1.0,1.0,27.545000076293945,0.0,0.0
product.Seral.area.immature.CWHvm_HW_FDC_H.CC,11,110,10,0.0,10000.0,1.0,1.0,26.61199951171875,0.0,0.0
product.Seral.area.immature.CWHvm_HW_FDC_H.CC,12,120,10,0.0,10000.0,1.0,1.0,13.413000106811523,0.0,0.0
product.Seral.area.immature.CWHvm_HW_FDC_H.CC,13,130,10,0.0,10000.0,1.0,1.0,0.0,0.0,0.0
product.Seral.area.immature.CWHvm_HW_FDC_H.CC,14,140,10,0.0,10000.0,1.0,1.0,10.565999984741211,0.0,0.0
product.Seral.area.immature.CWHvm_HW_FDC_H.CC,15,150,10,0.0,10000.0,1.0,1.0,6.394999980926514,0.0,0.0
product.Seral.area.immature.CWHvm_HW_FDC_H.CC,16,160,10,0.0,10000.0,1.0,1.0,28.22599983215332,0.0,0.0
product.Seral.area.immature.CWHvm_HW_FDC_H.CC,17,170,10,0.0,10000.0,1.0,1.0,2.6040000915527344,0.0,0.0
product.Seral.area.immature.CWHvm_HW_FDC_H.CC,18,180,10,0.0,10000.0,1.0,1.0,19.297000885009766,0.0,0.0
product.Seral.area.immature.CWHvm_HW_FDC_H.CC,19,190,10,0.0,10000.0,1.0,1.0,24.170000076293945,0.0,0.0
product.Seral.area.immature.CWHvm_HW_FDC_H.CC,20,200,10,0.0,10000.0,1.0,1.0,9.484000205993652,0.0,0.0
product.Seral.area.immature.CWHvm_HW_FDC_H.CC,21,210,10,0.0,10000.0,1.0,1.0,0.0,0.0,0.0
product.Seral.area.immature.CWHvm_HW_FDC_H.CC,22,220,10,0.0,10000.0,1.0,1.0,30.145000457763672,0.0,0.0
product.Seral.area.immature.CWHvm_HW_FDC_H.CC,23,230,10,0.0,10000.0,1.0,1.0,28.22599983215332,0.0,0.0
product.Seral.area.immature.CWHvm_HW_FDC_H.CC,24,240,10,0.0,10000.0,1.0,1.0,0.0,0.0,0.0
product.Seral.area.immature.CWHvm_HW_FDC_H.CC,25,250,10,0.0,10000.0,1.0,1.0,19.08799934387207,0.0,0.0
product.Seral.area.immature.CWHvm_HW_FDC_H.CC,26,260,10,0.0,10000.0,1.0,1.0,13.809000015258789,0.0,0.0
product.Seral.area.immature.CWHvm_HW_FDC_H.CC,27,270,10,0.0,10000.0,1.0,1.0,12.3149995803833,0.0,0.0
product.Seral.area.immature.CWHvm_HW_FDC_H.CC,28,280,10,0.0,10000.0,1.0,1.0,4.019999980926514,0.0,0.0
product.Seral.area.immature.CWHvm_HW_FDC_H.CC,29,290,10,0.0,10000.0,1.0,1.0,29.0049991607666,0.0,0.0
product.Seral.area.immature.CWHvm_HW_FDC_H.CC,30,300,10,0.0,10000.0,1.0,1.0,10.565999984741211,0.0,0.0
product.Seral.area.immature.CWHvm_HW_FDC_L.CC,0,0,10,0.0,10000.0,1.0,1.0,0.0,0.0,0.0
product.Seral.area.immature.CWHvm_HW_FDC_L.CC,1,10,10,0.0,10000.0,1.0,1.0,0.0,0.0,0.0
product.Seral.area.immature.CWHvm_HW_FDC_L.CC,2,20,10,0.0,10000.0,1.0,1.0,0.0,0.0,0.0
product.Seral.area.immature.CWHvm_HW_FDC_L.CC,3,30,10,0.0,10000.0,1.0,1.0,0.0,0.0,0.0
product.Seral.area.immature.CWHvm_HW_FDC_L.CC,4,40,10,0.0,10000.0,1.0,1.0,7.8470001220703125,0.0,0.0
product.Seral.area.immature.CWHvm_HW_FDC_L.CC,5,50,10,0.0,10000.0,1.0,1.0,18.479999542236328,0.0,0.0
product.Seral.area.immature.CWHvm_HW_FDC_L.CC,6,60,10,0.0,10000.0,1.0,1.0,0.0,0.0,0.0
product.Seral.area.immature.CWHvm_HW_FDC_L.CC,7,70,10,0.0,10000.0,1.0,1.0,0.0,0.0,0.0
product.Seral.area.immature.CWHvm_HW_FDC_L.CC,8,80,10,0.0,10000.0,1.0,1.0,0.0,0.0,0.0
product.Seral.area.immature.CWHvm_HW_FDC_L.CC,9,90,10,0.0,10000.0,1.0,1.0,5.298999786376953,0.0,0.0
product.Seral.area.immature.CWHvm_HW_FDC_L.CC,10,100,10,0.0,10000.0,1.0,1.0,20.13800048828125,0.0,0.0
product.Seral.area.immature.CWHvm_HW_FDC_L.CC,11,110,10,0.0,10000.0,1.0,1.0,0.0,0.0,0.0
product.Seral.area.immature.CWHvm_HW_FDC_L.CC,12,120,10,0.0,10000.0,1.0,1.0,0.0,0.0,0.0
product.Seral.area.immature.CWHvm_HW_FDC_L.CC,13,130,10,0.0,10000.0,1.0,1.0,20.577999114990234,0.0,0.0
product.Seral.area.immature.CWHvm_HW_FDC_L.CC,14,140,10,0.0,10000.0,1.0,1.0,0.9480000138282776,0.0,0.0
product.Seral.area.immature.CWHvm_HW_FDC_L.CC,15,150,10,0.0,10000.0,1.0,1.0,0.0,0.0,0.0
product.Seral.area.immature.CWHvm_HW_FDC_L.CC,16,160,10,0.0,10000.0,1.0,1.0,0.0,0.0,0.0
product.Seral.area.immature.CWHvm_HW_FDC_L.CC,17,170,10,0.0,10000.0,1.0,1.0,0.0,0.0,0.0
product.Seral.area.immature.CWHvm_HW_FDC_L.CC,18,180,10,0.0,10000.0,1.0,1.0,0.0,0.0,0.0
product.Seral.area.immature.CWHvm_HW_FDC_L.CC,19,190,10,0.0,10000.0,1.0,1.0,0.0,0.0,0.0
product.Seral.area.immature.CWHvm_HW_FDC_L.CC,20,200,10,0.0,10000.0,1.0,1.0,8.123000144958496,0.0,0.0
product.Seral.area.immature.CWHvm_HW_FDC_L.CC,21,210,10,0.0,10000.0,1.0,1.0,0.0,0.0,0.0
product.Seral.area.immature.CWHvm_HW_FDC_L.CC,22,220,10,0.0,10000.0,1.0,1.0,20.577999114990234,0.0,0.0
product.Seral.area.immature.CWHvm_HW_FDC_L.CC,23,230,10,0.0,10000.0,1.0,1.0,0.0,0.0,0.0
product.Seral.area.immature.CWHvm_HW_FDC_L.CC,24,240,10,0.0,10000.0,1.0,1.0,4.4670000076293945,0.0,0.0
product.Seral.area.immature.CWHvm_HW_FDC_L.CC,25,250,10,0.0,10000.0,1.0,1.0,0.0,0.0,0.0
product.Seral.area.immature.CWHvm_HW_FDC_L.CC,26,260,10,0.0,10000.0,1.0,1.0,0.0,0.0,0.0
product.Seral.area.immature.CWHvm_HW_FDC_L.CC,27,270,10,0.0,10000.0,1.0,1.0,0.0,0.0,0.0
product.Seral.area.immature.CWHvm_HW_FDC_L.CC,28,280,10,0.0,10000.0,1.0,1.0,0.0,0.0,0.0
product.Seral.area.immature.CWHvm_HW_FDC_L.CC,29,290,10,0.0,10000.0,1.0,1.0,0.0,0.0,0.0
product.Seral.area.immature.CWHvm_HW_FDC_L.CC,30,300,10,0.0,10000.0,1.0,1.0,3.309999942779541,0.0,0.0
product.Seral.area.immature.CWHvm_HW_SS_M.CC,0,0,10,0.0,10000.0,1.0,1.0,0.0,0.0,0.0
product.Seral.area.immature.CWHvm_HW_SS_M.CC,1,10,10,0.0,10000.0,1.0,1.0,0.0,0.0,0.0
product.Seral.area.immature.CWHvm_HW_SS_M.CC,2,20,10,0.0,10000.0,1.0,1.0,0.0,0.0,0.0
product.Seral.area.immature.CWHvm_HW_SS_M.CC,3,30,10,0.0,10000.0,1.0,1.0,0.0,0.0,0.0
product.Seral.area.immature.CWHvm_HW_SS_M.CC,4,40,10,0.0,10000.0,1.0,1.0,0.0,0.0,0.0
product.Seral.area.immature.CWHvm_HW_SS_M.CC,5,50,10,0.0,10000.0,1.0,1.0,3.578000068664551,0.0,0.0
product.Seral.area.immature.CWHvm_HW_SS_M.CC,6,60,10,0.0,10000.0,1.0,1.0,0.0,0.0,0.0
product.Seral.area.immature.CWHvm_HW_SS_M.CC,7,70,10,0.0,10000.0,1.0,1.0,0.0,0.0,0.0
product.Seral.area.immature.CWHvm_HW_SS_M.CC,8,80,10,0.0,10000.0,1.0,1.0,0.0,0.0,0.0
product.Seral.area.immature.CWHvm_HW_SS_M.CC,9,90,10,0.0,10000.0,1.0,1.0,0.0,0.0,0.0
product.Seral.area.immature.CWHvm_HW_SS_M.CC,10,100,10,0.0,10000.0,1.0,1.0,0.0,0.0,0.0
product.Seral.area.immature.CWHvm_HW_SS_M.CC,11,110,10,0.0,10000.0,1.0,1.0,0.0,0.0,0.0
product.Seral.area.immature.CWHvm_HW_SS_M.CC,12,120,10,0.0,10000.0,1.0,1.0,0.0,0.0,0.0
product.Seral.area.immature.CWHvm_HW_SS_M.CC,13,130,10,0.0,10000.0,1.0,1.0,0.0,0.0,0.0
product.Seral.area.immature.CWHvm_HW_SS_M.CC,14,140,10,0.0,10000.0,1.0,1.0,0.0,0.0,0.0
product.Seral.area.immature.CWHvm_HW_SS_M.CC,15,150,10,0.0,10000.0,1.0,1.0,0.0,0.0,0.0
product.Seral.area.immature.CWHvm_HW_SS_M.CC,16,160,10,0.0,10000.0,1.0,1.0,0.0,0.0,0.0
product.Seral.area.immature.CWHvm_HW_SS_M.CC,17,170,10,0.0,10000.0,1.0,1.0,0.0,0.0,0.0
product.Seral.area.immature.CWHvm_HW_SS_M.CC,18,180,10,0.0,10000.0,1.0,1.0,0.0,0.0,0.0
product.Seral.area.immature.CWHvm_HW_SS_M.CC,19,190,10,0.0,10000.0,1.0,1.0,0.0,0.0,0.0
product.Seral.area.immature.CWHvm_HW_SS_M.CC,20,200,10,0.0,10000.0,1.0,1.0,0.0,0.0,0.0
product.Seral.area.immature.CWHvm_HW_SS_M.CC,21,210,10,0.0,10000.0,1.0,1.0,0.0,0.0,0.0
product.Seral.area.immature.CWHvm_HW_SS_M.CC,22,220,10,0.0,10000.0,1.0,1.0,0.0,0.0,0.0
product.Seral.area.immature.CWHvm_HW_SS_M.CC,23,230,10,0.0,10000.0,1.0,1.0,0.0,0.0,0.0
product.Seral.area.immature.CWHvm_HW_SS_M.CC,24,240,10,0.0,10000.0,1.0,1.0,3.578000068664551,0.0,0.0
product.Seral.area.immature.CWHvm_HW_SS_M.CC,25,250,10,0.0,10000.0,1.0,1.0,0.0,0.0,0.0
product.Seral.area.immature.CWHvm_HW_SS_M.CC,26,260,10,0.0,10000.0,1.0,1.0,0.0,0.0,0.0
product.Seral.area.immature.CWHvm_HW_SS_M.CC,27,270,10,0.0,10000.0,1.0,1.0,0.0,0.0,0.0
product.Seral.area.immature.CWHvm_HW_SS_M.CC,28,280,10,0.0,10000.0,1.0,1.0,0.0,0.0,0.0
product.Seral.area.immature.CWHvm_HW_SS_M.CC,29,290,10,0.0,10000.0,1.0,1.0,0.0,0.0,0.0
product.Seral.area.immature.CWHvm_HW_SS_M.CC,30,300,10,0.0,10000.0,1.0,1.0,0.0,0.0,0.0
product.Seral.area.mature.CWHvm_CW_HW_M.CC,0,0,10,0.0,10000.0,1.0,1.0,0.0,0.0,0.0
product.Seral.area.mature.CWHvm_CW_HW_M.CC,1,10,10,0.0,10000.0,1.0,1.0,0.0,0.0,0.0
product.Seral.area.mature.CWHvm_CW_HW_M.CC,2,20,10,0.0,10000.0,1.0,1.0,0.8209999799728394,0.0,0.0
product.Seral.area.mature.CWHvm_CW_HW_M.CC,3,30,10,0.0,10000.0,1.0,1.0,0.0,0.0,0.0
product.Seral.area.mature.CWHvm_CW_HW_M.CC,4,40,10,0.0,10000.0,1.0,1.0,0.0,0.0,0.0
product.Seral.area.mature.CWHvm_CW_HW_M.CC,5,50,10,0.0,10000.0,1.0,1.0,0.0,0.0,0.0
product.Seral.area.mature.CWHvm_CW_HW_M.CC,6,60,10,0.0,10000.0,1.0,1.0,0.0,0.0,0.0
product.Seral.area.mature.CWHvm_CW_HW_M.CC,7,70,10,0.0,10000.0,1.0,1.0,7.992000102996826,0.0,0.0
product.Seral.area.mature.CWHvm_CW_HW_M.CC,8,80,10,0.0,10000.0,1.0,1.0,19.410999298095703,0.0,0.0
product.Seral.area.mature.CWHvm_CW_HW_M.CC,9,90,10,0.0,10000.0,1.0,1.0,0.0,0.0,0.0
product.Seral.area.mature.CWHvm_CW_HW_M.CC,10,100,10,0.0,10000.0,1.0,1.0,0.0,0.0,0.0
product.Seral.area.mature.CWHvm_CW_HW_M.CC,11,110,10,0.0,10000.0,1.0,1.0,6.922999858856201,0.0,0.0
product.Seral.area.mature.CWHvm_CW_HW_M.CC,12,120,10,0.0,10000.0,1.0,1.0,0.0,0.0,0.0
product.Seral.area.mature.CWHvm_CW_HW_M.CC,13,130,10,0.0,10000.0,1.0,1.0,0.0,0.0,0.0
product.Seral.area.mature.CWHvm_CW_HW_M.CC,14,140,10,0.0,10000.0,1.0,1.0,0.0,0.0,0.0
product.Seral.area.mature.CWHvm_CW_HW_M.CC,15,150,10,0.0,10000.0,1.0,1.0,9.697999954223633,0.0,0.0
product.Seral.area.mature.CWHvm_CW_HW_M.CC,16,160,10,0.0,10000.0,1.0,1.0,0.0,0.0,0.0
product.Seral.area.mature.CWHvm_CW_HW_M.CC,17,170,10,0.0,10000.0,1.0,1.0,0.0,0.0,0.0
product.Seral.area.mature.CWHvm_CW_HW_M.CC,18,180,10,0.0,10000.0,1.0,1.0,0.0,0.0,0.0
product.Seral.area.mature.CWHvm_CW_HW_M.CC,19,190,10,0.0,10000.0,1.0,1.0,0.0,0.0,0.0
product.Seral.area.mature.CWHvm_CW_HW_M.CC,20,200,10,0.0,10000.0,1.0,1.0,12.348999977111816,0.0,0.0
product.Seral.area.mature.CWHvm_CW_HW_M.CC,21,210,10,0.0,10000.0,1.0,1.0,0.0,0.0,0.0
product.Seral.area.mature.CWHvm_CW_HW_M.CC,22,220,10,0.0,10000.0,1.0,1.0,9.25100040435791,0.0,0.0
product.Seral.area.mature.CWHvm_CW_HW_M.CC,23,230,10,0.0,10000.0,1.0,1.0,0.0,0.0,0.0
product.Seral.area.mature.CWHvm_CW_HW_M.CC,24,240,10,0.0,10000.0,1.0,1.0,5.8470001220703125,0.0,0.0
product.Seral.area.mature.CWHvm_CW_HW_M.CC,25,250,10,0.0,10000.0,1.0,1.0,32.95100021362305,0.0,0.0
product.Seral.area.mature.CWHvm_CW_HW_M.CC,26,260,10,0.0,10000.0,1.0,1.0,29.599000930786133,0.0,0.0
product.Seral.area.mature.CWHvm_CW_HW_M.CC,27,270,10,0.0,10000.0,1.0,1.0,0.6690000295639038,0.0,0.0
product.Seral.area.mature.CWHvm_CW_HW_M.CC,28,280,10,0.0,10000.0,1.0,1.0,0.0,0.0,0.0
product.Seral.area.mature.CWHvm_CW_HW_M.CC,29,290,10,0.0,10000.0,1.0,1.0,0.0,0.0,0.0
product.Seral.area.mature.CWHvm_CW_HW_M.CC,30,300,10,0.0,10000.0,1.0,1.0,18.01300048828125,0.0,0.0
product.Seral.area.mature.CWHvm_CW_PLC_M.CC,0,0,10,0.0,10000.0,1.0,1.0,0.0,0.0,0.0
product.Seral.area.mature.CWHvm_CW_PLC_M.CC,1,10,10,0.0,10000.0,1.0,1.0,0.0,0.0,0.0
product.Seral.area.mature.CWHvm_CW_PLC_M.CC,2,20,10,0.0,10000.0,1.0,1.0,0.0,0.0,0.0
product.Seral.area.mature.CWHvm_CW_PLC_M.CC,3,30,10,0.0,10000.0,1.0,1.0,0.0,0.0,0.0
product.Seral.area.mature.CWHvm_CW_PLC_M.CC,4,40,10,0.0,10000.0,1.0,1.0,0.0,0.0,0.0
product.Seral.area.mature.CWHvm_CW_PLC_M.CC,5,50,10,0.0,10000.0,1.0,1.0,0.0,0.0,0.0
product.Seral.area.mature.CWHvm_CW_PLC_M.CC,6,60,10,0.0,10000.0,1.0,1.0,0.0,0.0,0.0
product.Seral.area.mature.CWHvm_CW_PLC_M.CC,7,70,10,0.0,10000.0,1.0,1.0,0.0,0.0,0.0
product.Seral.area.mature.CWHvm_CW_PLC_M.CC,8,80,10,0.0,10000.0,1.0,1.0,0.0,0.0,0.0
product.Seral.area.mature.CWHvm_CW_PLC_M.CC,9,90,10,0.0,10000.0,1.0,1.0,0.0,0.0,0.0
product.Seral.area.mature.CWHvm_CW_PLC_M.CC,10,100,10,0.0,10000.0,1.0,1.0,0.0,0.0,0.0
product.Seral.area.mature.CWHvm_CW_PLC_M.CC,11,110,10,0.0,10000.0,1.0,1.0,0.0,0.0,0.0
product.Seral.area.mature.CWHvm_CW_PLC_M.CC,12,120,10,0.0,10000.0,1.0,1.0,0.0,0.0,0.0
product.Seral.area.mature.CWHvm_CW_PLC_M.CC,13,130,10,0.0,10000.0,1.0,1.0,0.0,0.0,0.0
product.Seral.area.mature.CWHvm_CW_PLC_M.CC,14,140,10,0.0,10000.0,1.0,1.0,0.0,0.0,0.0
product.Seral.area.mature.CWHvm_CW_PLC_M.CC,15,150,10,0.0,10000.0,1.0,1.0,0.0,0.0,0.0
product.Seral.area.mature.CWHvm_CW_PLC_M.CC,16,160,10,0.0,10000.0,1.0,1.0,0.0,0.0,0.0
product.Seral.area.mature.CWHvm_CW_PLC_M.CC,17,170,10,0.0,10000.0,1.0,1.0,0.0,0.0,0.0
product.Seral.area.mature.CWHvm_CW_PLC_M.CC,18,180,10,0.0,10000.0,1.0,1.0,0.0,0.0,0.0
product.Seral.area.mature.CWHvm_CW_PLC_M.CC,19,190,10,0.0,10000.0,1.0,1.0,0.0,0.0,0.0
product.Seral.area.mature.CWHvm_CW_PLC_M.CC,20,200,10,0.0,10000.0,1.0,1.0,0.0,0.0,0.0
product.Seral.area.mature.CWHvm_CW_PLC_M.CC,21,210,10,0.0,10000.0,1.0,1.0,0.0,0.0,0.0
product.Seral.area.mature.CWHvm_CW_PLC_M.CC,22,220,10,0.0,10000.0,1.0,1.0,0.0,0.0,0.0
product.Seral.area.mature.CWHvm_CW_PLC_M.CC,23,230,10,0.0,10000.0,1.0,1.0,0.0,0.0,0.0
product.Seral.area.mature.CWHvm_CW_PLC_M.CC,24,240,10,0.0,10000.0,1.0,1.0,0.0,0.0,0.0
product.Seral.area.mature.CWHvm_CW_PLC_M.CC,25,250,10,0.0,10000.0,1.0,1.0,0.0,0.0,0.0
product.Seral.area.mature.CWHvm_CW_PLC_M.CC,26,260,10,0.0,10000.0,1.0,1.0,0.0,0.0,0.0
product.Seral.area.mature.CWHvm_CW_PLC_M.CC,27,270,10,0.0,10000.0,1.0,1.0,0.0,0.0,0.0
product.Seral.area.mature.CWHvm_CW_PLC_M.CC,28,280,10,0.0,10000.0,1.0,1.0,0.0,0.0,0.0
product.Seral.area.mature.CWHvm_CW_PLC_M.CC,29,290,10,0.0,10000.0,1.0,1.0,0.0,0.0,0.0
product.Seral.area.mature.CWHvm_CW_PLC_M.CC,30,300,10,0.0,10000.0,1.0,1.0,0.0,0.0,0.0
product.Seral.area.mature.CWHvm_CW_YC_M.CC,0,0,10,0.0,10000.0,1.0,1.0,0.0,0.0,0.0
product.Seral.area.mature.CWHvm_CW_YC_M.CC,1,10,10,0.0,10000.0,1.0,1.0,0.0,0.0,0.0
product.Seral.area.mature.CWHvm_CW_YC_M.CC,2,20,10,0.0,10000.0,1.0,1.0,0.0,0.0,0.0
product.Seral.area.mature.CWHvm_CW_YC_M.CC,3,30,10,0.0,10000.0,1.0,1.0,0.0,0.0,0.0
product.Seral.area.mature.CWHvm_CW_YC_M.CC,4,40,10,0.0,10000.0,1.0,1.0,0.0,0.0,0.0
product.Seral.area.mature.CWHvm_CW_YC_M.CC,5,50,10,0.0,10000.0,1.0,1.0,0.0,0.0,0.0
product.Seral.area.mature.CWHvm_CW_YC_M.CC,6,60,10,0.0,10000.0,1.0,1.0,0.0,0.0,0.0
product.Seral.area.mature.CWHvm_CW_YC_M.CC,7,70,10,0.0,10000.0,1.0,1.0,0.0,0.0,0.0
product.Seral.area.mature.CWHvm_CW_YC_M.CC,8,80,10,0.0,10000.0,1.0,1.0,0.0,0.0,0.0
product.Seral.area.mature.CWHvm_CW_YC_M.CC,9,90,10,0.0,10000.0,1.0,1.0,0.0,0.0,0.0
product.Seral.area.mature.CWHvm_CW_YC_M.CC,10,100,10,0.0,10000.0,1.0,1.0,0.0,0.0,0.0
product.Seral.area.mature.CWHvm_CW_YC_M.CC,11,110,10,0.0,10000.0,1.0,1.0,0.0,0.0,0.0
product.Seral.area.mature.CWHvm_CW_YC_M.CC,12,120,10,0.0,10000.0,1.0,1.0,0.0,0.0,0.0
product.Seral.area.mature.CWHvm_CW_YC_M.CC,13,130,10,0.0,10000.0,1.0,1.0,0.0,0.0,0.0
product.Seral.area.mature.CWHvm_CW_YC_M.CC,14,140,10,0.0,10000.0,1.0,1.0,0.0,0.0,0.0
product.Seral.area.mature.CWHvm_CW_YC_M.CC,15,150,10,0.0,10000.0,1.0,1.0,0.0,0.0,0.0
product.Seral.area.mature.CWHvm_CW_YC_M.CC,16,160,10,0.0,10000.0,1.0,1.0,0.0,0.0,0.0
product.Seral.area.mature.CWHvm_CW_YC_M.CC,17,170,10,0.0,10000.0,1.0,1.0,0.0,0.0,0.0
product.Seral.area.mature.CWHvm_CW_YC_M.CC,18,180,10,0.0,10000.0,1.0,1.0,0.0,0.0,0.0
product.Seral.area.mature.CWHvm_CW_YC_M.CC,19,190,10,0.0,10000.0,1.0,1.0,0.0,0.0,0.0
product.Seral.area.mature.CWHvm_CW_YC_M.CC,20,200,10,0.0,10000.0,1.0,1.0,0.0,0.0,0.0
product.Seral.area.mature.CWHvm_CW_YC_M.CC,21,210,10,0.0,10000.0,1.0,1.0,0.0,0.0,0.0
product.Seral.area.mature.CWHvm_CW_YC_M.CC,22,220,10,0.0,10000.0,1.0,1.0,0.0,0.0,0.0
product.Seral.area.mature.CWHvm_CW_YC_M.CC,23,230,10,0.0,10000.0,1.0,1.0,0.0,0.0,0.0
product.Seral.area.mature.CWHvm_CW_YC_M.CC,24,240,10,0.0,10000.0,1.0,1.0,0.0,0.0,0.0
product.Seral.area.mature.CWHvm_CW_YC_M.CC,25,250,10,0.0,10000.0,1.0,1.0,0.0,0.0,0.0
product.Seral.area.mature.CWHvm_CW_YC_M.CC,26,260,10,0.0,10000.0,1.0,1.0,0.0,0.0,0.0
product.Seral.area.mature.CWHvm_CW_YC_M.CC,27,270,10,0.0,10000.0,1.0,1.0,0.0,0.0,0.0
product.Seral.area.mature.CWHvm_CW_YC_M.CC,28,280,10,0.0,10000.0,1.0,1.0,0.0,0.0,0.0
product.Seral.area.mature.CWHvm_CW_YC_M.CC,29,290,10,0.0,10000.0,1.0,1.0,0.0,0.0,0.0
product.Seral.area.mature.CWHvm_CW_YC_M.CC,30,300,10,0.0,10000.0,1.0,1.0,0.0,0.0,0.0
product.Seral.area.mature.CWHvm_DR_HW_M.CC,0,0,10,0.0,10000.0,1.0,1.0,0.0,0.0,0.0
product.Seral.area.mature.CWHvm_DR_HW_M.CC,1,10,10,0.0,10000.0,1.0,1.0,0.0,0.0,0.0
product.Seral.area.mature.CWHvm_DR_HW_M.CC,2,20,10,0.0,10000.0,1.0,1.0,0.0,0.0,0.0
product.Seral.area.mature.CWHvm_DR_HW_M.CC,3,30,10,0.0,10000.0,1.0,1.0,0.0,0.0,0.0
product.Seral.area.mature.CWHvm_DR_HW_M.CC,4,40,10,0.0,10000.0,1.0,1.0,0.0,0.0,0.0
product.Seral.area.mature.CWHvm_DR_HW_M.CC,5,50,10,0.0,10000.0,1.0,1.0,0.0,0.0,0.0
product.Seral.area.mature.CWHvm_DR_HW_M.CC,6,60,10,0.0,10000.0,1.0,1.0,0.0,0.0,0.0
product.Seral.area.mature.CWHvm_DR_HW_M.CC,7,70,10,0.0,10000.0,1.0,1.0,0.0,0.0,0.0
product.Seral.area.mature.CWHvm_DR_HW_M.CC,8,80,10,0.0,10000.0,1.0,1.0,0.0,0.0,0.0
product.Seral.area.mature.CWHvm_DR_HW_M.CC,9,90,10,0.0,10000.0,1.0,1.0,0.0,0.0,0.0
product.Seral.area.mature.CWHvm_DR_HW_M.CC,10,100,10,0.0,10000.0,1.0,1.0,0.0,0.0,0.0
product.Seral.area.mature.CWHvm_DR_HW_M.CC,11,110,10,0.0,10000.0,1.0,1.0,0.0,0.0,0.0
product.Seral.area.mature.CWHvm_DR_HW_M.CC,12,120,10,0.0,10000.0,1.0,1.0,0.0,0.0,0.0
product.Seral.area.mature.CWHvm_DR_HW_M.CC,13,130,10,0.0,10000.0,1.0,1.0,0.0,0.0,0.0
product.Seral.area.mature.CWHvm_DR_HW_M.CC,14,140,10,0.0,10000.0,1.0,1.0,0.0,0.0,0.0
product.Seral.area.mature.CWHvm_DR_HW_M.CC,15,150,10,0.0,10000.0,1.0,1.0,0.0,0.0,0.0
product.Seral.area.mature.CWHvm_DR_HW_M.CC,16,160,10,0.0,10000.0,1.0,1.0,0.0,0.0,0.0
product.Seral.area.mature.CWHvm_DR_HW_M.CC,17,170,10,0.0,10000.0,1.0,1.0,1.093000054359436,0.0,0.0
product.Seral.area.mature.CWHvm_DR_HW_M.CC,18,180,10,0.0,10000.0,1.0,1.0,0.0,0.0,0.0
product.Seral.area.mature.CWHvm_DR_HW_M.CC,19,190,10,0.0,10000.0,1.0,1.0,0.0,0.0,0.0
product.Seral.area.mature.CWHvm_DR_HW_M.CC,20,200,10,0.0,10000.0,1.0,1.0,0.0,0.0,0.0
product.Seral.area.mature.CWHvm_DR_HW_M.CC,21,210,10,0.0,10000.0,1.0,1.0,1.3289999961853027,0.0,0.0
product.Seral.area.mature.CWHvm_DR_HW_M.CC,22,220,10,0.0,10000.0,1.0,1.0,0.0,0.0,0.0
product.Seral.area.mature.CWHvm_DR_HW_M.CC,23,230,10,0.0,10000.0,1.0,1.0,3.6700000762939453,0.0,0.0
product.Seral.area.mature.CWHvm_DR_HW_M.CC,24,240,10,0.0,10000.0,1.0,1.0,2.4240000247955322,0.0,0.0
product.Seral.area.mature.CWHvm_DR_HW_M.CC,25,250,10,0.0,10000.0,1.0,1.0,6.1539998054504395,0.0,0.0
product.Seral.area.mature.CWHvm_DR_HW_M.CC,26,260,10,0.0,10000.0,1.0,1.0,0.0,0.0,0.0
product.Seral.area.mature.CWHvm_DR_HW_M.CC,27,270,10,0.0,10000.0,1.0,1.0,0.0,0.0,0.0
product.Seral.area.mature.CWHvm_DR_HW_M.CC,28,280,10,0.0,10000.0,1.0,1.0,0.0,0.0,0.0
product.Seral.area.mature.CWHvm_DR_HW_M.CC,29,290,10,0.0,10000.0,1.0,1.0,0.0,0.0,0.0
product.Seral.area.mature.CWHvm_DR_HW_M.CC,30,300,10,0.0,10000.0,1.0,1.0,0.0,0.0,0.0
product.Seral.area.mature.CWHvm_FDC_HW_H.CC,0,0,10,0.0,10000.0,1.0,1.0,0.0,0.0,0.0
product.Seral.area.mature.CWHvm_FDC_HW_H.CC,1,10,10,0.0,10000.0,1.0,1.0,0.0,0.0,0.0
product.Seral.area.mature.CWHvm_FDC_HW_H.CC,2,20,10,0.0,10000.0,1.0,1.0,0.0,0.0,0.0
product.Seral.area.mature.CWHvm_FDC_HW_H.CC,3,30,10,0.0,10000.0,1.0,1.0,0.0,0.0,0.0
product.Seral.area.mature.CWHvm_FDC_HW_H.CC,4,40,10,0.0,10000.0,1.0,1.0,0.0,0.0,0.0
product.Seral.area.mature.CWHvm_FDC_HW_H.CC,5,50,10,0.0,10000.0,1.0,1.0,0.0,0.0,0.0
product.Seral.area.mature.CWHvm_FDC_HW_H.CC,6,60,10,0.0,10000.0,1.0,1.0,0.0,0.0,0.0
product.Seral.area.mature.CWHvm_FDC_HW_H.CC,7,70,10,0.0,10000.0,1.0,1.0,0.0,0.0,0.0
product.Seral.area.mature.CWHvm_FDC_HW_H.CC,8,80,10,0.0,10000.0,1.0,1.0,0.0,0.0,0.0
product.Seral.area.mature.CWHvm_FDC_HW_H.CC,9,90,10,0.0,10000.0,1.0,1.0,0.0,0.0,0.0
product.Seral.area.mature.CWHvm_FDC_HW_H.CC,10,100,10,0.0,10000.0,1.0,1.0,0.0,0.0,0.0
product.Seral.area.mature.CWHvm_FDC_HW_H.CC,11,110,10,0.0,10000.0,1.0,1.0,0.0,0.0,0.0
product.Seral.area.mature.CWHvm_FDC_HW_H.CC,12,120,10,0.0,10000.0,1.0,1.0,0.0,0.0,0.0
product.Seral.area.mature.CWHvm_FDC_HW_H.CC,13,130,10,0.0,10000.0,1.0,1.0,0.0,0.0,0.0
product.Seral.area.mature.CWHvm_FDC_HW_H.CC,14,140,10,0.0,10000.0,1.0,1.0,0.0,0.0,0.0
product.Seral.area.mature.CWHvm_FDC_HW_H.CC,15,150,10,0.0,10000.0,1.0,1.0,0.0,0.0,0.0
product.Seral.area.mature.CWHvm_FDC_HW_H.CC,16,160,10,0.0,10000.0,1.0,1.0,0.0,0.0,0.0
product.Seral.area.mature.CWHvm_FDC_HW_H.CC,17,170,10,0.0,10000.0,1.0,1.0,0.0,0.0,0.0
product.Seral.area.mature.CWHvm_FDC_HW_H.CC,18,180,10,0.0,10000.0,1.0,1.0,0.0,0.0,0.0
product.Seral.area.mature.CWHvm_FDC_HW_H.CC,19,190,10,0.0,10000.0,1.0,1.0,0.0,0.0,0.0
product.Seral.area.mature.CWHvm_FDC_HW_H.CC,20,200,10,0.0,10000.0,1.0,1.0,0.0,0.0,0.0
product.Seral.area.mature.CWHvm_FDC_HW_H.CC,21,210,10,0.0,10000.0,1.0,1.0,0.0,0.0,0.0
product.Seral.area.mature.CWHvm_FDC_HW_H.CC,22,220,10,0.0,10000.0,1.0,1.0,0.0,0.0,0.0
product.Seral.area.mature.CWHvm_FDC_HW_H.CC,23,230,10,0.0,10000.0,1.0,1.0,0.0,0.0,0.0
product.Seral.area.mature.CWHvm_FDC_HW_H.CC,24,240,10,0.0,10000.0,1.0,1.0,0.0,0.0,0.0
product.Seral.area.mature.CWHvm_FDC_HW_H.CC,25,250,10,0.0,10000.0,1.0,1.0,0.0,0.0,0.0
product.Seral.area.mature.CWHvm_FDC_HW_H.CC,26,260,10,0.0,10000.0,1.0,1.0,0.0,0.0,0.0
product.Seral.area.mature.CWHvm_FDC_HW_H.CC,27,270,10,0.0,10000.0,1.0,1.0,0.0,0.0,0.0
product.Seral.area.mature.CWHvm_FDC_HW_H.CC,28,280,10,0.0,10000.0,1.0,1.0,0.0,0.0,0.0
product.Seral.area.mature.CWHvm_FDC_HW_H.CC,29,290,10,0.0,10000.0,1.0,1.0,0.0,0.0,0.0
product.Seral.area.mature.CWHvm_FDC_HW_H.CC,30,300,10,0.0,10000.0,1.0,1.0,0.0,0.0,0.0
product.Seral.area.mature.CWHvm_FDC_HW_L.CC,0,0,10,0.0,10000.0,1.0,1.0,0.0,0.0,0.0
product.Seral.area.mature.CWHvm_FDC_HW_L.CC,1,10,10,0.0,10000.0,1.0,1.0,12.5,0.0,0.0
product.Seral.area.mature.CWHvm_FDC_HW_L.CC,2,20,10,0.0,10000.0,1.0,1.0,10.138999938964844,0.0,0.0
product.Seral.area.mature.CWHvm_FDC_HW_L.CC,3,30,10,0.0,10000.0,1.0,1.0,0.0,0.0,0.0
product.Seral.area.mature.CWHvm_FDC_HW_L.CC,4,40,10,0.0,10000.0,1.0,1.0,0.0,0.0,0.0
product.Seral.area.mature.CWHvm_FDC_HW_L.CC,5,50,10,0.0,10000.0,1.0,1.0,0.0,0.0,0.0
product.Seral.area.mature.CWHvm_FDC_HW_L.CC,6,60,10,0.0,10000.0,1.0,1.0,0.0,0.0,0.0
product.Seral.area.mature.CWHvm_FDC_HW_L.CC,7,70,10,0.0,10000.0,1.0,1.0,5.0980000495910645,0.0,0.0
product.Seral.area.mature.CWHvm_FDC_HW_L.CC,8,80,10,0.0,10000.0,1.0,1.0,7.51200008392334,0.0,0.0
product.Seral.area.mature.CWHvm_FDC_HW_L.CC,9,90,10,0.0,10000.0,1.0,1.0,3.5950000286102295,0.0,0.0
product.Seral.area.mature.CWHvm_FDC_HW_L.CC,10,100,10,0.0,10000.0,1.0,1.0,0.0,0.0,0.0
product.Seral.area.mature.CWHvm_FDC_HW_L.CC,11,110,10,0.0,10000.0,1.0,1.0,0.0,0.0,0.0
product.Seral.area.mature.CWHvm_FDC_HW_L.CC,12,120,10,0.0,10000.0,1.0,1.0,0.0,0.0,0.0
product.Seral.area.mature.CWHvm_FDC_HW_L.CC,13,130,10,0.0,10000.0,1.0,1.0,0.0,0.0,0.0
product.Seral.area.mature.CWHvm_FDC_HW_L.CC,14,140,10,0.0,10000.0,1.0,1.0,9.522000312805176,0.0,0.0
product.Seral.area.mature.CWHvm_FDC_HW_L.CC,15,150,10,0.0,10000.0,1.0,1.0,10.138999938964844,0.0,0.0
product.Seral.area.mature.CWHvm_FDC_HW_L.CC,16,160,10,0.0,10000.0,1.0,1.0,0.0,0.0,0.0
product.Seral.area.mature.CWHvm_FDC_HW_L.CC,17,170,10,0.0,10000.0,1.0,1.0,0.0,0.0,0.0
product.Seral.area.mature.CWHvm_FDC_HW_L.CC,18,180,10,0.0,10000.0,1.0,1.0,0.0,0.0,0.0
product.Seral.area.mature.CWHvm_FDC_HW_L.CC,19,190,10,0.0,10000.0,1.0,1.0,0.0,0.0,0.0
product.Seral.area.mature.CWHvm_FDC_HW_L.CC,20,200,10,0.0,10000.0,1.0,1.0,0.0,0.0,0.0
product.Seral.area.mature.CWHvm_FDC_HW_L.CC,21,210,10,0.0,10000.0,1.0,1.0,0.0,0.0,0.0
product.Seral.area.mature.CWHvm_FDC_HW_L.CC,22,220,10,0.0,10000.0,1.0,1.0,1.1230000257492065,0.0,0.0
product.Seral.area.mature.CWHvm_FDC_HW_L.CC,23,230,10,0.0,10000.0,1.0,1.0,0.0,0.0,0.0
product.Seral.area.mature.CWHvm_FDC_HW_L.CC,24,240,10,0.0,10000.0,1.0,1.0,12.5,0.0,0.0
product.Seral.area.mature.CWHvm_FDC_HW_L.CC,25,250,10,0.0,10000.0,1.0,1.0,2.6070001125335693,0.0,0.0
product.Seral.area.mature.CWHvm_FDC_HW_L.CC,26,260,10,0.0,10000.0,1.0,1.0,0.0,0.0,0.0
product.Seral.area.mature.CWHvm_FDC_HW_L.CC,27,270,10,0.0,10000.0,1.0,1.0,0.0,0.0,0.0
product.Seral.area.mature.CWHvm_FDC_HW_L.CC,28,280,10,0.0,10000.0,1.0,1.0,0.0,0.0,0.0
product.Seral.area.mature.CWHvm_FDC_HW_L.CC,29,290,10,0.0,10000.0,1.0,1.0,0.0,0.0,0.0
product.Seral.area.mature.CWHvm_FDC_HW_L.CC,30,300,10,0.0,10000.0,1.0,1.0,7.51200008392334,0.0,0.0
product.Seral.area.mature.CWHvm_FDC_HW_M.CC,0,0,10,0.0,10000.0,1.0,1.0,0.0,0.0,0.0
product.Seral.area.mature.CWHvm_FDC_HW_M.CC,1,10,10,0.0,10000.0,1.0,1.0,0.0,0.0,0.0
product.Seral.area.mature.CWHvm_FDC_HW_M.CC,2,20,10,0.0,10000.0,1.0,1.0,0.0,0.0,0.0
product.Seral.area.mature.CWHvm_FDC_HW_M.CC,3,30,10,0.0,10000.0,1.0,1.0,0.0,0.0,0.0
product.Seral.area.mature.CWHvm_FDC_HW_M.CC,4,40,10,0.0,10000.0,1.0,1.0,0.0,0.0,0.0
product.Seral.area.mature.CWHvm_FDC_HW_M.CC,5,50,10,0.0,10000.0,1.0,1.0,0.0,0.0,0.0
product.Seral.area.mature.CWHvm_FDC_HW_M.CC,6,60,10,0.0,10000.0,1.0,1.0,0.0,0.0,0.0
product.Seral.area.mature.CWHvm_FDC_HW_M.CC,7,70,10,0.0,10000.0,1.0,1.0,0.0,0.0,0.0
product.Seral.area.mature.CWHvm_FDC_HW_M.CC,8,80,10,0.0,10000.0,1.0,1.0,0.0,0.0,0.0
product.Seral.area.mature.CWHvm_FDC_HW_M.CC,9,90,10,0.0,10000.0,1.0,1.0,0.0,0.0,0.0
product.Seral.area.mature.CWHvm_FDC_HW_M.CC,10,100,10,0.0,10000.0,1.0,1.0,0.0,0.0,0.0
product.Seral.area.mature.CWHvm_FDC_HW_M.CC,11,110,10,0.0,10000.0,1.0,1.0,0.0,0.0,0.0
product.Seral.area.mature.CWHvm_FDC_HW_M.CC,12,120,10,0.0,10000.0,1.0,1.0,0.0,0.0,0.0
product.Seral.area.mature.CWHvm_FDC_HW_M.CC,13,130,10,0.0,10000.0,1.0,1.0,0.0,0.0,0.0
product.Seral.area.mature.CWHvm_FDC_HW_M.CC,14,140,10,0.0,10000.0,1.0,1.0,0.0,0.0,0.0
product.Seral.area.mature.CWHvm_FDC_HW_M.CC,15,150,10,0.0,10000.0,1.0,1.0,0.0,0.0,0.0
product.Seral.area.mature.CWHvm_FDC_HW_M.CC,16,160,10,0.0,10000.0,1.0,1.0,0.0,0.0,0.0
product.Seral.area.mature.CWHvm_FDC_HW_M.CC,17,170,10,0.0,10000.0,1.0,1.0,0.0,0.0,0.0
product.Seral.area.mature.CWHvm_FDC_HW_M.CC,18,180,10,0.0,10000.0,1.0,1.0,0.0,0.0,0.0
product.Seral.area.mature.CWHvm_FDC_HW_M.CC,19,190,10,0.0,10000.0,1.0,1.0,0.0,0.0,0.0
product.Seral.area.mature.CWHvm_FDC_HW_M.CC,20,200,10,0.0,10000.0,1.0,1.0,0.0,0.0,0.0
product.Seral.area.mature.CWHvm_FDC_HW_M.CC,21,210,10,0.0,10000.0,1.0,1.0,0.0,0.0,0.0
product.Seral.area.mature.CWHvm_FDC_HW_M.CC,22,220,10,0.0,10000.0,1.0,1.0,0.0,0.0,0.0
product.Seral.area.mature.CWHvm_FDC_HW_M.CC,23,230,10,0.0,10000.0,1.0,1.0,0.0,0.0,0.0
product.Seral.area.mature.CWHvm_FDC_HW_M.CC,24,240,10,0.0,10000.0,1.0,1.0,0.0,0.0,0.0
product.Seral.area.mature.CWHvm_FDC_HW_M.CC,25,250,10,0.0,10000.0,1.0,1.0,0.0,0.0,0.0
product.Seral.area.mature.CWHvm_FDC_HW_M.CC,26,260,10,0.0,10000.0,1.0,1.0,0.0,0.0,0.0
product.Seral.area.mature.CWHvm_FDC_HW_M.CC,27,270,10,0.0,10000.0,1.0,1.0,0.0,0.0,0.0
product.Seral.area.mature.CWHvm_FDC_HW_M.CC,28,280,10,0.0,10000.0,1.0,1.0,0.0,0.0,0.0
product.Seral.area.mature.CWHvm_FDC_HW_M.CC,29,290,10,0.0,10000.0,1.0,1.0,0.0,0.0,0.0
product.Seral.area.mature.CWHvm_FDC_HW_M.CC,30,300,10,0.0,10000.0,1.0,1.0,22.23900032043457,0.0,0.0
product.Seral.area.mature.CWHvm_HW_BA_M.CC,0,0,10,0.0,10000.0,1.0,1.0,0.0,0.0,0.0
product.Seral.area.mature.CWHvm_HW_BA_M.CC,1,10,10,0.0,10000.0,1.0,1.0,4.1539998054504395,0.0,0.0
product.Seral.area.mature.CWHvm_HW_BA_M.CC,2,20,10,0.0,10000.0,1.0,1.0,17.753999710083008,0.0,0.0
product.Seral.area.mature.CWHvm_HW_BA_M.CC,3,30,10,0.0,10000.0,1.0,1.0,0.0,0.0,0.0
product.Seral.area.mature.CWHvm_HW_BA_M.CC,4,40,10,0.0,10000.0,1.0,1.0,0.0,0.0,0.0
product.Seral.area.mature.CWHvm_HW_BA_M.CC,5,50,10,0.0,10000.0,1.0,1.0,0.0,0.0,0.0
product.Seral.area.mature.CWHvm_HW_BA_M.CC,6,60,10,0.0,10000.0,1.0,1.0,0.0,0.0,0.0
product.Seral.area.mature.CWHvm_HW_BA_M.CC,7,70,10,0.0,10000.0,1.0,1.0,0.0,0.0,0.0
product.Seral.area.mature.CWHvm_HW_BA_M.CC,8,80,10,0.0,10000.0,1.0,1.0,0.0,0.0,0.0
product.Seral.area.mature.CWHvm_HW_BA_M.CC,9,90,10,0.0,10000.0,1.0,1.0,0.0,0.0,0.0
product.Seral.area.mature.CWHvm_HW_BA_M.CC,10,100,10,0.0,10000.0,1.0,1.0,0.0,0.0,0.0
product.Seral.area.mature.CWHvm_HW_BA_M.CC,11,110,10,0.0,10000.0,1.0,1.0,4.1539998054504395,0.0,0.0
product.Seral.area.mature.CWHvm_HW_BA_M.CC,12,120,10,0.0,10000.0,1.0,1.0,0.0,0.0,0.0
product.Seral.area.mature.CWHvm_HW_BA_M.CC,13,130,10,0.0,10000.0,1.0,1.0,0.0,0.0,0.0
product.Seral.area.mature.CWHvm_HW_BA_M.CC,14,140,10,0.0,10000.0,1.0,1.0,0.0,0.0,0.0
product.Seral.area.mature.CWHvm_HW_BA_M.CC,15,150,10,0.0,10000.0,1.0,1.0,0.0,0.0,0.0
product.Seral.area.mature.CWHvm_HW_BA_M.CC,16,160,10,0.0,10000.0,1.0,1.0,0.0,0.0,0.0
product.Seral.area.mature.CWHvm_HW_BA_M.CC,17,170,10,0.0,10000.0,1.0,1.0,0.0,0.0,0.0
product.Seral.area.mature.CWHvm_HW_BA_M.CC,18,180,10,0.0,10000.0,1.0,1.0,2.2660000324249268,0.0,0.0
product.Seral.area.mature.CWHvm_HW_BA_M.CC,19,190,10,0.0,10000.0,1.0,1.0,0.0,0.0,0.0
product.Seral.area.mature.CWHvm_HW_BA_M.CC,20,200,10,0.0,10000.0,1.0,1.0,0.0,0.0,0.0
product.Seral.area.mature.CWHvm_HW_BA_M.CC,21,210,10,0.0,10000.0,1.0,1.0,4.1539998054504395,0.0,0.0
product.Seral.area.mature.CWHvm_HW_BA_M.CC,22,220,10,0.0,10000.0,1.0,1.0,3.0280001163482666,0.0,0.0
product.Seral.area.mature.CWHvm_HW_BA_M.CC,23,230,10,0.0,10000.0,1.0,1.0,0.0,0.0,0.0
product.Seral.area.mature.CWHvm_HW_BA_M.CC,24,240,10,0.0,10000.0,1.0,1.0,0.0,0.0,0.0
product.Seral.area.mature.CWHvm_HW_BA_M.CC,25,250,10,0.0,10000.0,1.0,1.0,0.0,0.0,0.0
product.Seral.area.mature.CWHvm_HW_BA_M.CC,26,260,10,0.0,10000.0,1.0,1.0,0.0,0.0,0.0
product.Seral.area.mature.CWHvm_HW_BA_M.CC,27,270,10,0.0,10000.0,1.0,1.0,0.0,0.0,0.0
product.Seral.area.mature.CWHvm_HW_BA_M.CC,28,280,10,0.0,10000.0,1.0,1.0,0.0,0.0,0.0
product.Seral.area.mature.CWHvm_HW_BA_M.CC,29,290,10,0.0,10000.0,1.0,1.0,0.0,0.0,0.0
product.Seral.area.mature.CWHvm_HW_BA_M.CC,30,300,10,0.0,10000.0,1.0,1.0,0.0,0.0,0.0
product.Seral.area.mature.CWHvm_HW_CW_H.CC,0,0,10,0.0,10000.0,1.0,1.0,0.0,0.0,0.0
product.Seral.area.mature.CWHvm_HW_CW_H.CC,1,10,10,0.0,10000.0,1.0,1.0,2.813999891281128,0.0,0.0
product.Seral.area.mature.CWHvm_HW_CW_H.CC,2,20,10,0.0,10000.0,1.0,1.0,0.0,0.0,0.0
product.Seral.area.mature.CWHvm_HW_CW_H.CC,3,30,10,0.0,10000.0,1.0,1.0,14.854000091552734,0.0,0.0
product.Seral.area.mature.CWHvm_HW_CW_H.CC,4,40,10,0.0,10000.0,1.0,1.0,0.0,0.0,0.0
product.Seral.area.mature.CWHvm_HW_CW_H.CC,5,50,10,0.0,10000.0,1.0,1.0,0.0,0.0,0.0
product.Seral.area.mature.CWHvm_HW_CW_H.CC,6,60,10,0.0,10000.0,1.0,1.0,0.0,0.0,0.0
product.Seral.area.mature.CWHvm_HW_CW_H.CC,7,70,10,0.0,10000.0,1.0,1.0,0.0,0.0,0.0
product.Seral.area.mature.CWHvm_HW_CW_H.CC,8,80,10,0.0,10000.0,1.0,1.0,0.0,0.0,0.0
product.Seral.area.mature.CWHvm_HW_CW_H.CC,9,90,10,0.0,10000.0,1.0,1.0,0.0,0.0,0.0
product.Seral.area.mature.CWHvm_HW_CW_H.CC,10,100,10,0.0,10000.0,1.0,1.0,0.0,0.0,0.0
product.Seral.area.mature.CWHvm_HW_CW_H.CC,11,110,10,0.0,10000.0,1.0,1.0,0.0,0.0,0.0
product.Seral.area.mature.CWHvm_HW_CW_H.CC,12,120,10,0.0,10000.0,1.0,1.0,0.0,0.0,0.0
product.Seral.area.mature.CWHvm_HW_CW_H.CC,13,130,10,0.0,10000.0,1.0,1.0,0.0,0.0,0.0
product.Seral.area.mature.CWHvm_HW_CW_H.CC,14,140,10,0.0,10000.0,1.0,1.0,2.309000015258789,0.0,0.0
product.Seral.area.mature.CWHvm_HW_CW_H.CC,15,150,10,0.0,10000.0,1.0,1.0,16.992000579833984,0.0,0.0
product.Seral.area.mature.CWHvm_HW_CW_H.CC,16,160,10,0.0,10000.0,1.0,1.0,0.0,0.0,0.0
product.Seral.area.mature.CWHvm_HW_CW_H.CC,17,170,10,0.0,10000.0,1.0,1.0,0.0,0.0,0.0
product.Seral.area.mature.CWHvm_HW_CW_H.CC,18,180,10,0.0,10000.0,1.0,1.0,0.0,0.0,0.0
product.Seral.area.mature.CWHvm_HW_CW_H.CC,19,190,10,0.0,10000.0,1.0,1.0,0.0,0.0,0.0
product.Seral.area.mature.CWHvm_HW_CW_H.CC,20,200,10,0.0,10000.0,1.0,1.0,6.263999938964844,0.0,0.0
product.Seral.area.mature.CWHvm_HW_CW_H.CC,21,210,10,0.0,10000.0,1.0,1.0,0.0,0.0,0.0
product.Seral.area.mature.CWHvm_HW_CW_H.CC,22,220,10,0.0,10000.0,1.0,1.0,0.0,0.0,0.0
product.Seral.area.mature.CWHvm_HW_CW_H.CC,23,230,10,0.0,10000.0,1.0,1.0,0.0,0.0,0.0
product.Seral.area.mature.CWHvm_HW_CW_H.CC,24,240,10,0.0,10000.0,1.0,1.0,0.0,0.0,0.0
product.Seral.area.mature.CWHvm_HW_CW_H.CC,25,250,10,0.0,10000.0,1.0,1.0,0.0,0.0,0.0
product.Seral.area.mature.CWHvm_HW_CW_H.CC,26,260,10,0.0,10000.0,1.0,1.0,0.0,0.0,0.0
product.Seral.area.mature.CWHvm_HW_CW_H.CC,27,270,10,0.0,10000.0,1.0,1.0,13.642000198364258,0.0,0.0
product.Seral.area.mature.CWHvm_HW_CW_H.CC,28,280,10,0.0,10000.0,1.0,1.0,0.0,0.0,0.0
product.Seral.area.mature.CWHvm_HW_CW_H.CC,29,290,10,0.0,10000.0,1.0,1.0,0.0,0.0,0.0
product.Seral.area.mature.CWHvm_HW_CW_H.CC,30,300,10,0.0,10000.0,1.0,1.0,0.0,0.0,0.0
product.Seral.area.mature.CWHvm_HW_CW_L.CC,0,0,10,0.0,10000.0,1.0,1.0,0.0,0.0,0.0
product.Seral.area.mature.CWHvm_HW_CW_L.CC,1,10,10,0.0,10000.0,1.0,1.0,0.0,0.0,0.0
product.Seral.area.mature.CWHvm_HW_CW_L.CC,2,20,10,0.0,10000.0,1.0,1.0,0.0,0.0,0.0
product.Seral.area.mature.CWHvm_HW_CW_L.CC,3,30,10,0.0,10000.0,1.0,1.0,0.0,0.0,0.0
product.Seral.area.mature.CWHvm_HW_CW_L.CC,4,40,10,0.0,10000.0,1.0,1.0,0.0,0.0,0.0
product.Seral.area.mature.CWHvm_HW_CW_L.CC,5,50,10,0.0,10000.0,1.0,1.0,0.0,0.0,0.0
product.Seral.area.mature.CWHvm_HW_CW_L.CC,6,60,10,0.0,10000.0,1.0,1.0,0.0,0.0,0.0
product.Seral.area.mature.CWHvm_HW_CW_L.CC,7,70,10,0.0,10000.0,1.0,1.0,0.0,0.0,0.0
product.Seral.area.mature.CWHvm_HW_CW_L.CC,8,80,10,0.0,10000.0,1.0,1.0,0.0,0.0,0.0
product.Seral.area.mature.CWHvm_HW_CW_L.CC,9,90,10,0.0,10000.0,1.0,1.0,0.0,0.0,0.0
product.Seral.area.mature.CWHvm_HW_CW_L.CC,10,100,10,0.0,10000.0,1.0,1.0,0.0,0.0,0.0
product.Seral.area.mature.CWHvm_HW_CW_L.CC,11,110,10,0.0,10000.0,1.0,1.0,0.0,0.0,0.0
product.Seral.area.mature.CWHvm_HW_CW_L.CC,12,120,10,0.0,10000.0,1.0,1.0,0.0,0.0,0.0
product.Seral.area.mature.CWHvm_HW_CW_L.CC,13,130,10,0.0,10000.0,1.0,1.0,0.0,0.0,0.0
product.Seral.area.mature.CWHvm_HW_CW_L.CC,14,140,10,0.0,10000.0,1.0,1.0,0.0,0.0,0.0
product.Seral.area.mature.CWHvm_HW_CW_L.CC,15,150,10,0.0,10000.0,1.0,1.0,0.7239999771118164,0.0,0.0
product.Seral.area.mature.CWHvm_HW_CW_L.CC,16,160,10,0.0,10000.0,1.0,1.0,1.6859999895095825,0.0,0.0
product.Seral.area.mature.CWHvm_HW_CW_L.CC,17,170,10,0.0,10000.0,1.0,1.0,0.0,0.0,0.0
product.Seral.area.mature.CWHvm_HW_CW_L.CC,18,180,10,0.0,10000.0,1.0,1.0,0.0,0.0,0.0
product.Seral.area.mature.CWHvm_HW_CW_L.CC,19,190,10,0.0,10000.0,1.0,1.0,0.0,0.0,0.0
product.Seral.area.mature.CWHvm_HW_CW_L.CC,20,200,10,0.0,10000.0,1.0,1.0,3.882999897003174,0.0,0.0
product.Seral.area.mature.CWHvm_HW_CW_L.CC,21,210,10,0.0,10000.0,1.0,1.0,0.0,0.0,0.0
product.Seral.area.mature.CWHvm_HW_CW_L.CC,22,220,10,0.0,10000.0,1.0,1.0,0.0,0.0,0.0
product.Seral.area.mature.CWHvm_HW_CW_L.CC,23,230,10,0.0,10000.0,1.0,1.0,0.0,0.0,0.0
product.Seral.area.mature.CWHvm_HW_CW_L.CC,24,240,10,0.0,10000.0,1.0,1.0,0.0,0.0,0.0
product.Seral.area.mature.CWHvm_HW_CW_L.CC,25,250,10,0.0,10000.0,1.0,1.0,0.0,0.0,0.0
product.Seral.area.mature.CWHvm_HW_CW_L.CC,26,260,10,0.0,10000.0,1.0,1.0,2.063999891281128,0.0,0.0
product.Seral.area.mature.CWHvm_HW_CW_L.CC,27,270,10,0.0,10000.0,1.0,1.0,0.0,0.0,0.0
product.Seral.area.mature.CWHvm_HW_CW_L.CC,28,280,10,0.0,10000.0,1.0,1.0,0.0,0.0,0.0
product.Seral.area.mature.CWHvm_HW_CW_L.CC,29,290,10,0.0,10000.0,1.0,1.0,0.0,0.0,0.0
product.Seral.area.mature.CWHvm_HW_CW_L.CC,30,300,10,0.0,10000.0,1.0,1.0,0.0,0.0,0.0
product.Seral.area.mature.CWHvm_HW_CW_M.CC,0,0,10,0.0,10000.0,1.0,1.0,0.0,0.0,0.0
product.Seral.area.mature.CWHvm_HW_CW_M.CC,1,10,10,0.0,10000.0,1.0,1.0,17.235000610351562,0.0,0.0
product.Seral.area.mature.CWHvm_HW_CW_M.CC,2,20,10,0.0,10000.0,1.0,1.0,4.410999774932861,0.0,0.0
product.Seral.area.mature.CWHvm_HW_CW_M.CC,3,30,10,0.0,10000.0,1.0,1.0,1.6740000247955322,0.0,0.0
product.Seral.area.mature.CWHvm_HW_CW_M.CC,4,40,10,0.0,10000.0,1.0,1.0,0.0,0.0,0.0
product.Seral.area.mature.CWHvm_HW_CW_M.CC,5,50,10,0.0,10000.0,1.0,1.0,0.0,0.0,0.0
product.Seral.area.mature.CWHvm_HW_CW_M.CC,6,60,10,0.0,10000.0,1.0,1.0,0.0,0.0,0.0
product.Seral.area.mature.CWHvm_HW_CW_M.CC,7,70,10,0.0,10000.0,1.0,1.0,0.0,0.0,0.0
product.Seral.area.mature.CWHvm_HW_CW_M.CC,8,80,10,0.0,10000.0,1.0,1.0,0.0,0.0,0.0
product.Seral.area.mature.CWHvm_HW_CW_M.CC,9,90,10,0.0,10000.0,1.0,1.0,0.0,0.0,0.0
product.Seral.area.mature.CWHvm_HW_CW_M.CC,10,100,10,0.0,10000.0,1.0,1.0,0.0,0.0,0.0
product.Seral.area.mature.CWHvm_HW_CW_M.CC,11,110,10,0.0,10000.0,1.0,1.0,0.0,0.0,0.0
product.Seral.area.mature.CWHvm_HW_CW_M.CC,12,120,10,0.0,10000.0,1.0,1.0,0.0,0.0,0.0
product.Seral.area.mature.CWHvm_HW_CW_M.CC,13,130,10,0.0,10000.0,1.0,1.0,4.410999774932861,0.0,0.0
product.Seral.area.mature.CWHvm_HW_CW_M.CC,14,140,10,0.0,10000.0,1.0,1.0,2.484999895095825,0.0,0.0
product.Seral.area.mature.CWHvm_HW_CW_M.CC,15,150,10,0.0,10000.0,1.0,1.0,0.0,0.0,0.0
product.Seral.area.mature.CWHvm_HW_CW_M.CC,16,160,10,0.0,10000.0,1.0,1.0,0.0,0.0,0.0
product.Seral.area.mature.CWHvm_HW_CW_M.CC,17,170,10,0.0,10000.0,1.0,1.0,5.224999904632568,0.0,0.0
product.Seral.area.mature.CWHvm_HW_CW_M.CC,18,180,10,0.0,10000.0,1.0,1.0,0.0,0.0,0.0
product.Seral.area.mature.CWHvm_HW_CW_M.CC,19,190,10,0.0,10000.0,1.0,1.0,0.0,0.0,0.0
product.Seral.area.mature.CWHvm_HW_CW_M.CC,20,200,10,0.0,10000.0,1.0,1.0,4.366000175476074,0.0,0.0
product.Seral.area.mature.CWHvm_HW_CW_M.CC,21,210,10,0.0,10000.0,1.0,1.0,0.0,0.0,0.0
product.Seral.area.mature.CWHvm_HW_CW_M.CC,22,220,10,0.0,10000.0,1.0,1.0,0.0,0.0,0.0
product.Seral.area.mature.CWHvm_HW_CW_M.CC,23,230,10,0.0,10000.0,1.0,1.0,0.0,0.0,0.0
product.Seral.area.mature.CWHvm_HW_CW_M.CC,24,240,10,0.0,10000.0,1.0,1.0,6.949999809265137,0.0,0.0
product.Seral.area.mature.CWHvm_HW_CW_M.CC,25,250,10,0.0,10000.0,1.0,1.0,0.0,0.0,0.0
product.Seral.area.mature.CWHvm_HW_CW_M.CC,26,260,10,0.0,10000.0,1.0,1.0,0.0,0.0,0.0
product.Seral.area.mature.CWHvm_HW_CW_M.CC,27,270,10,0.0,10000.0,1.0,1.0,0.0,0.0,0.0
product.Seral.area.mature.CWHvm_HW_CW_M.CC,28,280,10,0.0,10000.0,1.0,1.0,0.0,0.0,0.0
product.Seral.area.mature.CWHvm_HW_CW_M.CC,29,290,10,0.0,10000.0,1.0,1.0,0.0,0.0,0.0
product.Seral.area.mature.CWHvm_HW_CW_M.CC,30,300,10,0.0,10000.0,1.0,1.0,0.0,0.0,0.0
product.Seral.area.mature.CWHvm_HW_FDC_H.CC,0,0,10,0.0,10000.0,1.0,1.0,0.0,0.0,0.0
product.Seral.area.mature.CWHvm_HW_FDC_H.CC,1,10,10,0.0,10000.0,1.0,1.0,0.0,0.0,0.0
product.Seral.area.mature.CWHvm_HW_FDC_H.CC,2,20,10,0.0,10000.0,1.0,1.0,0.0,0.0,0.0
product.Seral.area.mature.CWHvm_HW_FDC_H.CC,3,30,10,0.0,10000.0,1.0,1.0,0.0,0.0,0.0
product.Seral.area.mature.CWHvm_HW_FDC_H.CC,4,40,10,0.0,10000.0,1.0,1.0,0.0,0.0,0.0
product.Seral.area.mature.CWHvm_HW_FDC_H.CC,5,50,10,0.0,10000.0,1.0,1.0,0.0,0.0,0.0
product.Seral.area.mature.CWHvm_HW_FDC_H.CC,6,60,10,0.0,10000.0,1.0,1.0,0.0,0.0,0.0
product.Seral.area.mature.CWHvm_HW_FDC_H.CC,7,70,10,0.0,10000.0,1.0,1.0,0.0,0.0,0.0
product.Seral.area.mature.CWHvm_HW_FDC_H.CC,8,80,10,0.0,10000.0,1.0,1.0,0.0,0.0,0.0
product.Seral.area.mature.CWHvm_HW_FDC_H.CC,9,90,10,0.0,10000.0,1.0,1.0,0.0,0.0,0.0
product.Seral.area.mature.CWHvm_HW_FDC_H.CC,10,100,10,0.0,10000.0,1.0,1.0,0.0,0.0,0.0
product.Seral.area.mature.CWHvm_HW_FDC_H.CC,11,110,10,0.0,10000.0,1.0,1.0,0.0,0.0,0.0
product.Seral.area.mature.CWHvm_HW_FDC_H.CC,12,120,10,0.0,10000.0,1.0,1.0,0.0,0.0,0.0
product.Seral.area.mature.CWHvm_HW_FDC_H.CC,13,130,10,0.0,10000.0,1.0,1.0,0.0,0.0,0.0
product.Seral.area.mature.CWHvm_HW_FDC_H.CC,14,140,10,0.0,10000.0,1.0,1.0,0.0,0.0,0.0
product.Seral.area.mature.CWHvm_HW_FDC_H.CC,15,150,10,0.0,10000.0,1.0,1.0,0.0,0.0,0.0
product.Seral.area.mature.CWHvm_HW_FDC_H.CC,16,160,10,0.0,10000.0,1.0,1.0,0.0,0.0,0.0
product.Seral.area.mature.CWHvm_HW_FDC_H.CC,17,170,10,0.0,10000.0,1.0,1.0,0.0,0.0,0.0
product.Seral.area.mature.CWHvm_HW_FDC_H.CC,18,180,10,0.0,10000.0,1.0,1.0,0.0,0.0,0.0
product.Seral.area.mature.CWHvm_HW_FDC_H.CC,19,190,10,0.0,10000.0,1.0,1.0,0.0,0.0,0.0
product.Seral.area.mature.CWHvm_HW_FDC_H.CC,20,200,10,0.0,10000.0,1.0,1.0,0.0,0.0,0.0
product.Seral.area.mature.CWHvm_HW_FDC_H.CC,21,210,10,0.0,10000.0,1.0,1.0,0.0,0.0,0.0
product.Seral.area.mature.CWHvm_HW_FDC_H.CC,22,220,10,0.0,10000.0,1.0,1.0,0.0,0.0,0.0
product.Seral.area.mature.CWHvm_HW_FDC_H.CC,23,230,10,0.0,10000.0,1.0,1.0,0.0,0.0,0.0
product.Seral.area.mature.CWHvm_HW_FDC_H.CC,24,240,10,0.0,10000.0,1.0,1.0,0.0,0.0,0.0
product.Seral.area.mature.CWHvm_HW_FDC_H.CC,25,250,10,0.0,10000.0,1.0,1.0,0.0,0.0,0.0
product.Seral.area.mature.CWHvm_HW_FDC_H.CC,26,260,10,0.0,10000.0,1.0,1.0,0.0,0.0,0.0
product.Seral.area.mature.CWHvm_HW_FDC_H.CC,27,270,10,0.0,10000.0,1.0,1.0,0.0,0.0,0.0
product.Seral.area.mature.CWHvm_HW_FDC_H.CC,28,280,10,0.0,10000.0,1.0,1.0,0.0,0.0,0.0
product.Seral.area.mature.CWHvm_HW_FDC_H.CC,29,290,10,0.0,10000.0,1.0,1.0,0.0,0.0,0.0
product.Seral.area.mature.CWHvm_HW_FDC_H.CC,30,300,10,0.0,10000.0,1.0,1.0,0.0,0.0,0.0
product.Seral.area.mature.CWHvm_HW_FDC_L.CC,0,0,10,0.0,10000.0,1.0,1.0,0.0,0.0,0.0
product.Seral.area.mature.CWHvm_HW_FDC_L.CC,1,10,10,0.0,10000.0,1.0,1.0,28.01099967956543,0.0,0.0
product.Seral.area.mature.CWHvm_HW_FDC_L.CC,2,20,10,0.0,10000.0,1.0,1.0,7.414000034332275,0.0,0.0
product.Seral.area.mature.CWHvm_HW_FDC_L.CC,3,30,10,0.0,10000.0,1.0,1.0,3.0460000038146973,0.0,0.0
product.Seral.area.mature.CWHvm_HW_FDC_L.CC,4,40,10,0.0,10000.0,1.0,1.0,0.0,0.0,0.0
product.Seral.area.mature.CWHvm_HW_FDC_L.CC,5,50,10,0.0,10000.0,1.0,1.0,11.513999938964844,0.0,0.0
product.Seral.area.mature.CWHvm_HW_FDC_L.CC,6,60,10,0.0,10000.0,1.0,1.0,0.0,0.0,0.0
product.Seral.area.mature.CWHvm_HW_FDC_L.CC,7,70,10,0.0,10000.0,1.0,1.0,0.0,0.0,0.0
product.Seral.area.mature.CWHvm_HW_FDC_L.CC,8,80,10,0.0,10000.0,1.0,1.0,5.185999870300293,0.0,0.0
product.Seral.area.mature.CWHvm_HW_FDC_L.CC,9,90,10,0.0,10000.0,1.0,1.0,0.0,0.0,0.0
product.Seral.area.mature.CWHvm_HW_FDC_L.CC,10,100,10,0.0,10000.0,1.0,1.0,0.0,0.0,0.0
product.Seral.area.mature.CWHvm_HW_FDC_L.CC,11,110,10,0.0,10000.0,1.0,1.0,0.0,0.0,0.0
product.Seral.area.mature.CWHvm_HW_FDC_L.CC,12,120,10,0.0,10000.0,1.0,1.0,0.0,0.0,0.0
product.Seral.area.mature.CWHvm_HW_FDC_L.CC,13,130,10,0.0,10000.0,1.0,1.0,6.4029998779296875,0.0,0.0
product.Seral.area.mature.CWHvm_HW_FDC_L.CC,14,140,10,0.0,10000.0,1.0,1.0,1.0110000371932983,0.0,0.0
product.Seral.area.mature.CWHvm_HW_FDC_L.CC,15,150,10,0.0,10000.0,1.0,1.0,3.5190000534057617,0.0,0.0
product.Seral.area.mature.CWHvm_HW_FDC_L.CC,16,160,10,0.0,10000.0,1.0,1.0,11.513999938964844,0.0,0.0
product.Seral.area.mature.CWHvm_HW_FDC_L.CC,17,170,10,0.0,10000.0,1.0,1.0,3.390000104904175,0.0,0.0
product.Seral.area.mature.CWHvm_HW_FDC_L.CC,18,180,10,0.0,10000.0,1.0,1.0,2.0989999771118164,0.0,0.0
product.Seral.area.mature.CWHvm_HW_FDC_L.CC,19,190,10,0.0,10000.0,1.0,1.0,0.0,0.0,0.0
product.Seral.area.mature.CWHvm_HW_FDC_L.CC,20,200,10,0.0,10000.0,1.0,1.0,0.0,0.0,0.0
product.Seral.area.mature.CWHvm_HW_FDC_L.CC,21,210,10,0.0,10000.0,1.0,1.0,20.13800048828125,0.0,0.0
product.Seral.area.mature.CWHvm_HW_FDC_L.CC,22,220,10,0.0,10000.0,1.0,1.0,0.0,0.0,0.0
product.Seral.area.mature.CWHvm_HW_FDC_L.CC,23,230,10,0.0,10000.0,1.0,1.0,14.810999870300293,0.0,0.0
product.Seral.area.mature.CWHvm_HW_FDC_L.CC,24,240,10,0.0,10000.0,1.0,1.0,0.0,0.0,0.0
product.Seral.area.mature.CWHvm_HW_FDC_L.CC,25,250,10,0.0,10000.0,1.0,1.0,1.0110000371932983,0.0,0.0
product.Seral.area.mature.CWHvm_HW_FDC_L.CC,26,260,10,0.0,10000.0,1.0,1.0,0.0,0.0,0.0
product.Seral.area.mature.CWHvm_HW_FDC_L.CC,27,270,10,0.0,10000.0,1.0,1.0,0.0,0.0,0.0
product.Seral.area.mature.CWHvm_HW_FDC_L.CC,28,280,10,0.0,10000.0,1.0,1.0,11.513999938964844,0.0,0.0
product.Seral.area.mature.CWHvm_HW_FDC_L.CC,29,290,10,0.0,10000.0,1.0,1.0,9.793000221252441,0.0,0.0
product.Seral.area.mature.CWHvm_HW_FDC_L.CC,30,300,10,0.0,10000.0,1.0,1.0,0.0,0.0,0.0
product.Seral.area.mature.CWHvm_HW_SS_M.CC,0,0,10,0.0,10000.0,1.0,1.0,0.0,0.0,0.0
product.Seral.area.mature.CWHvm_HW_SS_M.CC,1,10,10,0.0,10000.0,1.0,1.0,0.0,0.0,0.0
product.Seral.area.mature.CWHvm_HW_SS_M.CC,2,20,10,0.0,10000.0,1.0,1.0,0.0,0.0,0.0
product.Seral.area.mature.CWHvm_HW_SS_M.CC,3,30,10,0.0,10000.0,1.0,1.0,0.0,0.0,0.0
product.Seral.area.mature.CWHvm_HW_SS_M.CC,4,40,10,0.0,10000.0,1.0,1.0,0.0,0.0,0.0
product.Seral.area.mature.CWHvm_HW_SS_M.CC,5,50,10,0.0,10000.0,1.0,1.0,0.0,0.0,0.0
product.Seral.area.mature.CWHvm_HW_SS_M.CC,6,60,10,0.0,10000.0,1.0,1.0,0.0,0.0,0.0
product.Seral.area.mature.CWHvm_HW_SS_M.CC,7,70,10,0.0,10000.0,1.0,1.0,0.0,0.0,0.0
product.Seral.area.mature.CWHvm_HW_SS_M.CC,8,80,10,0.0,10000.0,1.0,1.0,0.0,0.0,0.0
product.Seral.area.mature.CWHvm_HW_SS_M.CC,9,90,10,0.0,10000.0,1.0,1.0,0.0,0.0,0.0
product.Seral.area.mature.CWHvm_HW_SS_M.CC,10,100,10,0.0,10000.0,1.0,1.0,0.0,0.0,0.0
product.Seral.area.mature.CWHvm_HW_SS_M.CC,11,110,10,0.0,10000.0,1.0,1.0,0.0,0.0,0.0
product.Seral.area.mature.CWHvm_HW_SS_M.CC,12,120,10,0.0,10000.0,1.0,1.0,0.0,0.0,0.0
product.Seral.area.mature.CWHvm_HW_SS_M.CC,13,130,10,0.0,10000.0,1.0,1.0,0.0,0.0,0.0
product.Seral.area.mature.CWHvm_HW_SS_M.CC,14,140,10,0.0,10000.0,1.0,1.0,0.0,0.0,0.0
product.Seral.area.mature.CWHvm_HW_SS_M.CC,15,150,10,0.0,10000.0,1.0,1.0,0.0,0.0,0.0
product.Seral.area.mature.CWHvm_HW_SS_M.CC,16,160,10,0.0,10000.0,1.0,1.0,0.0,0.0,0.0
product.Seral.area.mature.CWHvm_HW_SS_M.CC,17,170,10,0.0,10000.0,1.0,1.0,0.0,0.0,0.0
product.Seral.area.mature.CWHvm_HW_SS_M.CC,18,180,10,0.0,10000.0,1.0,1.0,0.0,0.0,0.0
product.Seral.area.mature.CWHvm_HW_SS_M.CC,19,190,10,0.0,10000.0,1.0,1.0,0.0,0.0,0.0
product.Seral.area.mature.CWHvm_HW_SS_M.CC,20,200,10,0.0,10000.0,1.0,1.0,0.0,0.0,0.0
product.Seral.area.mature.CWHvm_HW_SS_M.CC,21,210,10,0.0,10000.0,1.0,1.0,0.0,0.0,0.0
product.Seral.area.mature.CWHvm_HW_SS_M.CC,22,220,10,0.0,10000.0,1.0,1.0,0.0,0.0,0.0
product.Seral.area.mature.CWHvm_HW_SS_M.CC,23,230,10,0.0,10000.0,1.0,1.0,0.0,0.0,0.0
product.Seral.area.mature.CWHvm_HW_SS_M.CC,24,240,10,0.0,10000.0,1.0,1.0,0.0,0.0,0.0
product.Seral.area.mature.CWHvm_HW_SS_M.CC,25,250,10,0.0,10000.0,1.0,1.0,0.0,0.0,0.0
product.Seral.area.mature.CWHvm_HW_SS_M.CC,26,260,10,0.0,10000.0,1.0,1.0,0.0,0.0,0.0
product.Seral.area.mature.CWHvm_HW_SS_M.CC,27,270,10,0.0,10000.0,1.0,1.0,0.0,0.0,0.0
product.Seral.area.mature.CWHvm_HW_SS_M.CC,28,280,10,0.0,10000.0,1.0,1.0,0.0,0.0,0.0
product.Seral.area.mature.CWHvm_HW_SS_M.CC,29,290,10,0.0,10000.0,1.0,1.0,0.0,0.0,0.0
product.Seral.area.mature.CWHvm_HW_SS_M.CC,30,300,10,0.0,10000.0,1.0,1.0,0.0,0.0,0.0
product.Seral.area.overmature.CWHvm_CW_HW_M.CC,0,0,10,0.0,10000.0,1.0,1.0,0.0,0.0,0.0
product.Seral.area.overmature.CWHvm_CW_HW_M.CC,1,10,10,0.0,10000.0,1.0,1.0,5.710999965667725,0.0,0.0
product.Seral.area.overmature.CWHvm_CW_HW_M.CC,2,20,10,0.0,10000.0,1.0,1.0,21.804000854492188,0.0,0.0
product.Seral.area.overmature.CWHvm_CW_HW_M.CC,3,30,10,0.0,10000.0,1.0,1.0,26.85300064086914,0.0,0.0
product.Seral.area.overmature.CWHvm_CW_HW_M.CC,4,40,10,0.0,10000.0,1.0,1.0,0.0,0.0,0.0
product.Seral.area.overmature.CWHvm_CW_HW_M.CC,5,50,10,0.0,10000.0,1.0,1.0,0.0,0.0,0.0
product.Seral.area.overmature.CWHvm_CW_HW_M.CC,6,60,10,0.0,10000.0,1.0,1.0,0.02500000037252903,0.0,0.0
product.Seral.area.overmature.CWHvm_CW_HW_M.CC,7,70,10,0.0,10000.0,1.0,1.0,28.343000411987305,0.0,0.0
product.Seral.area.overmature.CWHvm_CW_HW_M.CC,8,80,10,0.0,10000.0,1.0,1.0,10.288000106811523,0.0,0.0
product.Seral.area.overmature.CWHvm_CW_HW_M.CC,9,90,10,0.0,10000.0,1.0,1.0,0.42800000309944153,0.0,0.0
product.Seral.area.overmature.CWHvm_CW_HW_M.CC,10,100,10,0.0,10000.0,1.0,1.0,29.599000930786133,0.0,0.0
product.Seral.area.overmature.CWHvm_CW_HW_M.CC,11,110,10,0.0,10000.0,1.0,1.0,0.0,0.0,0.0
product.Seral.area.overmature.CWHvm_CW_HW_M.CC,12,120,10,0.0,10000.0,1.0,1.0,7.406000137329102,0.0,0.0
product.Seral.area.overmature.CWHvm_CW_HW_M.CC,13,130,10,0.0,10000.0,1.0,1.0,0.0,0.0,0.0
product.Seral.area.overmature.CWHvm_CW_HW_M.CC,14,140,10,0.0,10000.0,1.0,1.0,0.0,0.0,0.0
product.Seral.area.overmature.CWHvm_CW_HW_M.CC,15,150,10,0.0,10000.0,1.0,1.0,12.097999572753906,0.0,0.0
product.Seral.area.overmature.CWHvm_CW_HW_M.CC,16,160,10,0.0,10000.0,1.0,1.0,0.0,0.0,0.0
product.Seral.area.overmature.CWHvm_CW_HW_M.CC,17,170,10,0.0,10000.0,1.0,1.0,5.696000099182129,0.0,0.0
product.Seral.area.overmature.CWHvm_CW_HW_M.CC,18,180,10,0.0,10000.0,1.0,1.0,0.0,0.0,0.0
product.Seral.area.overmature.CWHvm_CW_HW_M.CC,19,190,10,0.0,10000.0,1.0,1.0,0.0,0.0,0.0
product.Seral.area.overmature.CWHvm_CW_HW_M.CC,20,200,10,0.0,10000.0,1.0,1.0,0.0,0.0,0.0
product.Seral.area.overmature.CWHvm_CW_HW_M.CC,21,210,10,0.0,10000.0,1.0,1.0,0.0,0.0,0.0
product.Seral.area.overmature.CWHvm_CW_HW_M.CC,22,220,10,0.0,10000.0,1.0,1.0,5.6519999504089355,0.0,0.0
product.Seral.area.overmature.CWHvm_CW_HW_M.CC,23,230,10,0.0,10000.0,1.0,1.0,0.0,0.0,0.0
product.Seral.area.overmature.CWHvm_CW_HW_M.CC,24,240,10,0.0,10000.0,1.0,1.0,0.0,0.0,0.0
product.Seral.area.overmature.CWHvm_CW_HW_M.CC,25,250,10,0.0,10000.0,1.0,1.0,23.218000411987305,0.0,0.0
product.Seral.area.overmature.CWHvm_CW_HW_M.CC,26,260,10,0.0,10000.0,1.0,1.0,0.0,0.0,0.0
product.Seral.area.overmature.CWHvm_CW_HW_M.CC,27,270,10,0.0,10000.0,1.0,1.0,0.0,0.0,0.0
product.Seral.area.overmature.CWHvm_CW_HW_M.CC,28,280,10,0.0,10000.0,1.0,1.0,0.02500000037252903,0.0,0.0
product.Seral.area.overmature.CWHvm_CW_HW_M.CC,29,290,10,0.0,10000.0,1.0,1.0,0.0,0.0,0.0
product.Seral.area.overmature.CWHvm_CW_HW_M.CC,30,300,10,0.0,10000.0,1.0,1.0,0.0,0.0,0.0
product.Seral.area.overmature.CWHvm_CW_PLC_M.CC,0,0,10,0.0,10000.0,1.0,1.0,0.0,0.0,0.0
product.Seral.area.overmature.CWHvm_CW_PLC_M.CC,1,10,10,0.0,10000.0,1.0,1.0,0.0,0.0,0.0
product.Seral.area.overmature.CWHvm_CW_PLC_M.CC,2,20,10,0.0,10000.0,1.0,1.0,8.050999641418457,0.0,0.0
product.Seral.area.overmature.CWHvm_CW_PLC_M.CC,3,30,10,0.0,10000.0,1.0,1.0,0.0,0.0,0.0
product.Seral.area.overmature.CWHvm_CW_PLC_M.CC,4,40,10,0.0,10000.0,1.0,1.0,0.0,0.0,0.0
product.Seral.area.overmature.CWHvm_CW_PLC_M.CC,5,50,10,0.0,10000.0,1.0,1.0,0.0,0.0,0.0
product.Seral.area.overmature.CWHvm_CW_PLC_M.CC,6,60,10,0.0,10000.0,1.0,1.0,0.0,0.0,0.0
product.Seral.area.overmature.CWHvm_CW_PLC_M.CC,7,70,10,0.0,10000.0,1.0,1.0,0.0,0.0,0.0
product.Seral.area.overmature.CWHvm_CW_PLC_M.CC,8,80,10,0.0,10000.0,1.0,1.0,0.0,0.0,0.0
product.Seral.area.overmature.CWHvm_CW_PLC_M.CC,9,90,10,0.0,10000.0,1.0,1.0,0.0,0.0,0.0
product.Seral.area.overmature.CWHvm_CW_PLC_M.CC,10,100,10,0.0,10000.0,1.0,1.0,0.0,0.0,0.0
product.Seral.area.overmature.CWHvm_CW_PLC_M.CC,11,110,10,0.0,10000.0,1.0,1.0,0.0,0.0,0.0
product.Seral.area.overmature.CWHvm_CW_PLC_M.CC,12,120,10,0.0,10000.0,1.0,1.0,0.0,0.0,0.0
product.Seral.area.overmature.CWHvm_CW_PLC_M.CC,13,130,10,0.0,10000.0,1.0,1.0,0.0,0.0,0.0
product.Seral.area.overmature.CWHvm_CW_PLC_M.CC,14,140,10,0.0,10000.0,1.0,1.0,0.0,0.0,0.0
product.Seral.area.overmature.CWHvm_CW_PLC_M.CC,15,150,10,0.0,10000.0,1.0,1.0,0.0,0.0,0.0
product.Seral.area.overmature.CWHvm_CW_PLC_M.CC,16,160,10,0.0,10000.0,1.0,1.0,0.0,0.0,0.0
product.Seral.area.overmature.CWHvm_CW_PLC_M.CC,17,170,10,0.0,10000.0,1.0,1.0,0.0,0.0,0.0
product.Seral.area.overmature.CWHvm_CW_PLC_M.CC,18,180,10,0.0,10000.0,1.0,1.0,0.0,0.0,0.0
product.Seral.area.overmature.CWHvm_CW_PLC_M.CC,19,190,10,0.0,10000.0,1.0,1.0,0.0,0.0,0.0
product.Seral.area.overmature.CWHvm_CW_PLC_M.CC,20,200,10,0.0,10000.0,1.0,1.0,0.0,0.0,0.0
product.Seral.area.overmature.CWHvm_CW_PLC_M.CC,21,210,10,0.0,10000.0,1.0,1.0,0.0,0.0,0.0
product.Seral.area.overmature.CWHvm_CW_PLC_M.CC,22,220,10,0.0,10000.0,1.0,1.0,0.0,0.0,0.0
product.Seral.area.overmature.CWHvm_CW_PLC_M.CC,23,230,10,0.0,10000.0,1.0,1.0,0.0,0.0,0.0
product.Seral.area.overmature.CWHvm_CW_PLC_M.CC,24,240,10,0.0,10000.0,1.0,1.0,8.050999641418457,0.0,0.0
product.Seral.area.overmature.CWHvm_CW_PLC_M.CC,25,250,10,0.0,10000.0,1.0,1.0,0.0,0.0,0.0
product.Seral.area.overmature.CWHvm_CW_PLC_M.CC,26,260,10,0.0,10000.0,1.0,1.0,0.0,0.0,0.0
product.Seral.area.overmature.CWHvm_CW_PLC_M.CC,27,270,10,0.0,10000.0,1.0,1.0,0.0,0.0,0.0
product.Seral.area.overmature.CWHvm_CW_PLC_M.CC,28,280,10,0.0,10000.0,1.0,1.0,15.289999961853027,0.0,0.0
product.Seral.area.overmature.CWHvm_CW_PLC_M.CC,29,290,10,0.0,10000.0,1.0,1.0,0.0,0.0,0.0
product.Seral.area.overmature.CWHvm_CW_PLC_M.CC,30,300,10,0.0,10000.0,1.0,1.0,0.0,0.0,0.0
product.Seral.area.overmature.CWHvm_CW_YC_M.CC,0,0,10,0.0,10000.0,1.0,1.0,0.0,0.0,0.0
product.Seral.area.overmature.CWHvm_CW_YC_M.CC,1,10,10,0.0,10000.0,1.0,1.0,0.0,0.0,0.0
product.Seral.area.overmature.CWHvm_CW_YC_M.CC,2,20,10,0.0,10000.0,1.0,1.0,13.11400032043457,0.0,0.0
product.Seral.area.overmature.CWHvm_CW_YC_M.CC,3,30,10,0.0,10000.0,1.0,1.0,0.0,0.0,0.0
product.Seral.area.overmature.CWHvm_CW_YC_M.CC,4,40,10,0.0,10000.0,1.0,1.0,0.0,0.0,0.0
product.Seral.area.overmature.CWHvm_CW_YC_M.CC,5,50,10,0.0,10000.0,1.0,1.0,0.0,0.0,0.0
product.Seral.area.overmature.CWHvm_CW_YC_M.CC,6,60,10,0.0,10000.0,1.0,1.0,0.0,0.0,0.0
product.Seral.area.overmature.CWHvm_CW_YC_M.CC,7,70,10,0.0,10000.0,1.0,1.0,11.013999938964844,0.0,0.0
product.Seral.area.overmature.CWHvm_CW_YC_M.CC,8,80,10,0.0,10000.0,1.0,1.0,9.79699993133545,0.0,0.0
product.Seral.area.overmature.CWHvm_CW_YC_M.CC,9,90,10,0.0,10000.0,1.0,1.0,0.0,0.0,0.0
product.Seral.area.overmature.CWHvm_CW_YC_M.CC,10,100,10,0.0,10000.0,1.0,1.0,0.0,0.0,0.0
product.Seral.area.overmature.CWHvm_CW_YC_M.CC,11,110,10,0.0,10000.0,1.0,1.0,0.0,0.0,0.0
product.Seral.area.overmature.CWHvm_CW_YC_M.CC,12,120,10,0.0,10000.0,1.0,1.0,0.0,0.0,0.0
product.Seral.area.overmature.CWHvm_CW_YC_M.CC,13,130,10,0.0,10000.0,1.0,1.0,0.0,0.0,0.0
product.Seral.area.overmature.CWHvm_CW_YC_M.CC,14,140,10,0.0,10000.0,1.0,1.0,0.0,0.0,0.0
product.Seral.area.overmature.CWHvm_CW_YC_M.CC,15,150,10,0.0,10000.0,1.0,1.0,0.0,0.0,0.0
product.Seral.area.overmature.CWHvm_CW_YC_M.CC,16,160,10,0.0,10000.0,1.0,1.0,0.0,0.0,0.0
product.Seral.area.overmature.CWHvm_CW_YC_M.CC,17,170,10,0.0,10000.0,1.0,1.0,0.0,0.0,0.0
product.Seral.area.overmature.CWHvm_CW_YC_M.CC,18,180,10,0.0,10000.0,1.0,1.0,0.0,0.0,0.0
product.Seral.area.overmature.CWHvm_CW_YC_M.CC,19,190,10,0.0,10000.0,1.0,1.0,0.0,0.0,0.0
product.Seral.area.overmature.CWHvm_CW_YC_M.CC,20,200,10,0.0,10000.0,1.0,1.0,0.0,0.0,0.0
product.Seral.area.overmature.CWHvm_CW_YC_M.CC,21,210,10,0.0,10000.0,1.0,1.0,0.0,0.0,0.0
product.Seral.area.overmature.CWHvm_CW_YC_M.CC,22,220,10,0.0,10000.0,1.0,1.0,0.0,0.0,0.0
product.Seral.area.overmature.CWHvm_CW_YC_M.CC,23,230,10,0.0,10000.0,1.0,1.0,0.0,0.0,0.0
product.Seral.area.overmature.CWHvm_CW_YC_M.CC,24,240,10,0.0,10000.0,1.0,1.0,15.314000129699707,0.0,0.0
product.Seral.area.overmature.CWHvm_CW_YC_M.CC,25,250,10,0.0,10000.0,1.0,1.0,0.0,0.0,0.0
product.Seral.area.overmature.CWHvm_CW_YC_M.CC,26,260,10,0.0,10000.0,1.0,1.0,0.0,0.0,0.0
product.Seral.area.overmature.CWHvm_CW_YC_M.CC,27,270,10,0.0,10000.0,1.0,1.0,0.0,0.0,0.0
product.Seral.area.overmature.CWHvm_CW_YC_M.CC,28,280,10,0.0,10000.0,1.0,1.0,0.0,0.0,0.0
product.Seral.area.overmature.CWHvm_CW_YC_M.CC,29,290,10,0.0,10000.0,1.0,1.0,0.0,0.0,0.0
product.Seral.area.overmature.CWHvm_CW_YC_M.CC,30,300,10,0.0,10000.0,1.0,1.0,0.0,0.0,0.0
product.Seral.area.overmature.CWHvm_DR_HW_M.CC,0,0,10,0.0,10000.0,1.0,1.0,0.0,0.0,0.0
product.Seral.area.overmature.CWHvm_DR_HW_M.CC,1,10,10,0.0,10000.0,1.0,1.0,0.0,0.0,0.0
product.Seral.area.overmature.CWHvm_DR_HW_M.CC,2,20,10,0.0,10000.0,1.0,1.0,0.0,0.0,0.0
product.Seral.area.overmature.CWHvm_DR_HW_M.CC,3,30,10,0.0,10000.0,1.0,1.0,0.0,0.0,0.0
product.Seral.area.overmature.CWHvm_DR_HW_M.CC,4,40,10,0.0,10000.0,1.0,1.0,0.0,0.0,0.0
product.Seral.area.overmature.CWHvm_DR_HW_M.CC,5,50,10,0.0,10000.0,1.0,1.0,0.0,0.0,0.0
product.Seral.area.overmature.CWHvm_DR_HW_M.CC,6,60,10,0.0,10000.0,1.0,1.0,0.0,0.0,0.0
product.Seral.area.overmature.CWHvm_DR_HW_M.CC,7,70,10,0.0,10000.0,1.0,1.0,0.0,0.0,0.0
product.Seral.area.overmature.CWHvm_DR_HW_M.CC,8,80,10,0.0,10000.0,1.0,1.0,0.0,0.0,0.0
product.Seral.area.overmature.CWHvm_DR_HW_M.CC,9,90,10,0.0,10000.0,1.0,1.0,1.3289999961853027,0.0,0.0
product.Seral.area.overmature.CWHvm_DR_HW_M.CC,10,100,10,0.0,10000.0,1.0,1.0,10.48799991607666,0.0,0.0
product.Seral.area.overmature.CWHvm_DR_HW_M.CC,11,110,10,0.0,10000.0,1.0,1.0,2.4240000247955322,0.0,0.0
product.Seral.area.overmature.CWHvm_DR_HW_M.CC,12,120,10,0.0,10000.0,1.0,1.0,0.0,0.0,0.0
product.Seral.area.overmature.CWHvm_DR_HW_M.CC,13,130,10,0.0,10000.0,1.0,1.0,6.1539998054504395,0.0,0.0
product.Seral.area.overmature.CWHvm_DR_HW_M.CC,14,140,10,0.0,10000.0,1.0,1.0,13.381999969482422,0.0,0.0
product.Seral.area.overmature.CWHvm_DR_HW_M.CC,15,150,10,0.0,10000.0,1.0,1.0,7.797999858856201,0.0,0.0
product.Seral.area.overmature.CWHvm_DR_HW_M.CC,16,160,10,0.0,10000.0,1.0,1.0,0.0,0.0,0.0
product.Seral.area.overmature.CWHvm_DR_HW_M.CC,17,170,10,0.0,10000.0,1.0,1.0,0.0,0.0,0.0
product.Seral.area.overmature.CWHvm_DR_HW_M.CC,18,180,10,0.0,10000.0,1.0,1.0,0.0,0.0,0.0
product.Seral.area.overmature.CWHvm_DR_HW_M.CC,19,190,10,0.0,10000.0,1.0,1.0,0.0,0.0,0.0
product.Seral.area.overmature.CWHvm_DR_HW_M.CC,20,200,10,0.0,10000.0,1.0,1.0,0.0,0.0,0.0
product.Seral.area.overmature.CWHvm_DR_HW_M.CC,21,210,10,0.0,10000.0,1.0,1.0,0.0,0.0,0.0
product.Seral.area.overmature.CWHvm_DR_HW_M.CC,22,220,10,0.0,10000.0,1.0,1.0,4.855000019073486,0.0,0.0
product.Seral.area.overmature.CWHvm_DR_HW_M.CC,23,230,10,0.0,10000.0,1.0,1.0,0.0,0.0,0.0
product.Seral.area.overmature.CWHvm_DR_HW_M.CC,24,240,10,0.0,10000.0,1.0,1.0,0.0,0.0,0.0
product.Seral.area.overmature.CWHvm_DR_HW_M.CC,25,250,10,0.0,10000.0,1.0,1.0,0.0,0.0,0.0
product.Seral.area.overmature.CWHvm_DR_HW_M.CC,26,260,10,0.0,10000.0,1.0,1.0,1.7869999408721924,0.0,0.0
product.Seral.area.overmature.CWHvm_DR_HW_M.CC,27,270,10,0.0,10000.0,1.0,1.0,0.0,0.0,0.0
product.Seral.area.overmature.CWHvm_DR_HW_M.CC,28,280,10,0.0,10000.0,1.0,1.0,0.0,0.0,0.0
product.Seral.area.overmature.CWHvm_DR_HW_M.CC,29,290,10,0.0,10000.0,1.0,1.0,6.817999839782715,0.0,0.0
product.Seral.area.overmature.CWHvm_DR_HW_M.CC,30,300,10,0.0,10000.0,1.0,1.0,0.0,0.0,0.0
product.Seral.area.overmature.CWHvm_FDC_HW_H.CC,0,0,10,0.0,10000.0,1.0,1.0,0.0,0.0,0.0
product.Seral.area.overmature.CWHvm_FDC_HW_H.CC,1,10,10,0.0,10000.0,1.0,1.0,0.0,0.0,0.0
product.Seral.area.overmature.CWHvm_FDC_HW_H.CC,2,20,10,0.0,10000.0,1.0,1.0,0.0,0.0,0.0
product.Seral.area.overmature.CWHvm_FDC_HW_H.CC,3,30,10,0.0,10000.0,1.0,1.0,0.0,0.0,0.0
product.Seral.area.overmature.CWHvm_FDC_HW_H.CC,4,40,10,0.0,10000.0,1.0,1.0,13.862000465393066,0.0,0.0
product.Seral.area.overmature.CWHvm_FDC_HW_H.CC,5,50,10,0.0,10000.0,1.0,1.0,7.822000026702881,0.0,0.0
product.Seral.area.overmature.CWHvm_FDC_HW_H.CC,6,60,10,0.0,10000.0,1.0,1.0,0.0,0.0,0.0
product.Seral.area.overmature.CWHvm_FDC_HW_H.CC,7,70,10,0.0,10000.0,1.0,1.0,5.8979997634887695,0.0,0.0
product.Seral.area.overmature.CWHvm_FDC_HW_H.CC,8,80,10,0.0,10000.0,1.0,1.0,20.344999313354492,0.0,0.0
product.Seral.area.overmature.CWHvm_FDC_HW_H.CC,9,90,10,0.0,10000.0,1.0,1.0,20.27400016784668,0.0,0.0
product.Seral.area.overmature.CWHvm_FDC_HW_H.CC,10,100,10,0.0,10000.0,1.0,1.0,6.635000228881836,0.0,0.0
product.Seral.area.overmature.CWHvm_FDC_HW_H.CC,11,110,10,0.0,10000.0,1.0,1.0,12.454999923706055,0.0,0.0
product.Seral.area.overmature.CWHvm_FDC_HW_H.CC,12,120,10,0.0,10000.0,1.0,1.0,0.0,0.0,0.0
product.Seral.area.overmature.CWHvm_FDC_HW_H.CC,13,130,10,0.0,10000.0,1.0,1.0,13.862000465393066,0.0,0.0
product.Seral.area.overmature.CWHvm_FDC_HW_H.CC,14,140,10,0.0,10000.0,1.0,1.0,20.849000930786133,0.0,0.0
product.Seral.area.overmature.CWHvm_FDC_HW_H.CC,15,150,10,0.0,10000.0,1.0,1.0,17.0939998626709,0.0,0.0
product.Seral.area.overmature.CWHvm_FDC_HW_H.CC,16,160,10,0.0,10000.0,1.0,1.0,0.0,0.0,0.0
product.Seral.area.overmature.CWHvm_FDC_HW_H.CC,17,170,10,0.0,10000.0,1.0,1.0,0.0,0.0,0.0
product.Seral.area.overmature.CWHvm_FDC_HW_H.CC,18,180,10,0.0,10000.0,1.0,1.0,0.0,0.0,0.0
product.Seral.area.overmature.CWHvm_FDC_HW_H.CC,19,190,10,0.0,10000.0,1.0,1.0,18.916000366210938,0.0,0.0
product.Seral.area.overmature.CWHvm_FDC_HW_H.CC,20,200,10,0.0,10000.0,1.0,1.0,0.0,0.0,0.0
product.Seral.area.overmature.CWHvm_FDC_HW_H.CC,21,210,10,0.0,10000.0,1.0,1.0,0.0,0.0,0.0
product.Seral.area.overmature.CWHvm_FDC_HW_H.CC,22,220,10,0.0,10000.0,1.0,1.0,0.0,0.0,0.0
product.Seral.area.overmature.CWHvm_FDC_HW_H.CC,23,230,10,0.0,10000.0,1.0,1.0,0.0,0.0,0.0
product.Seral.area.overmature.CWHvm_FDC_HW_H.CC,24,240,10,0.0,10000.0,1.0,1.0,0.0,0.0,0.0
product.Seral.area.overmature.CWHvm_FDC_HW_H.CC,25,250,10,0.0,10000.0,1.0,1.0,6.557000160217285,0.0,0.0
product.Seral.area.overmature.CWHvm_FDC_HW_H.CC,26,260,10,0.0,10000.0,1.0,1.0,0.0,0.0,0.0
product.Seral.area.overmature.CWHvm_FDC_HW_H.CC,27,270,10,0.0,10000.0,1.0,1.0,17.0939998626709,0.0,0.0
product.Seral.area.overmature.CWHvm_FDC_HW_H.CC,28,280,10,0.0,10000.0,1.0,1.0,0.0,0.0,0.0
product.Seral.area.overmature.CWHvm_FDC_HW_H.CC,29,290,10,0.0,10000.0,1.0,1.0,37.87099838256836,0.0,0.0
product.Seral.area.overmature.CWHvm_FDC_HW_H.CC,30,300,10,0.0,10000.0,1.0,1.0,18.916000366210938,0.0,0.0
product.Seral.area.overmature.CWHvm_FDC_HW_L.CC,0,0,10,0.0,10000.0,1.0,1.0,0.0,0.0,0.0
product.Seral.area.overmature.CWHvm_FDC_HW_L.CC,1,10,10,0.0,10000.0,1.0,1.0,1.1230000257492065,0.0,0.0
product.Seral.area.overmature.CWHvm_FDC_HW_L.CC,2,20,10,0.0,10000.0,1.0,1.0,9.522000312805176,0.0,0.0
product.Seral.area.overmature.CWHvm_FDC_HW_L.CC,3,30,10,0.0,10000.0,1.0,1.0,0.0,0.0,0.0
product.Seral.area.overmature.CWHvm_FDC_HW_L.CC,4,40,10,0.0,10000.0,1.0,1.0,0.0,0.0,0.0
product.Seral.area.overmature.CWHvm_FDC_HW_L.CC,5,50,10,0.0,10000.0,1.0,1.0,0.0,0.0,0.0
product.Seral.area.overmature.CWHvm_FDC_HW_L.CC,6,60,10,0.0,10000.0,1.0,1.0,0.0,0.0,0.0
product.Seral.area.overmature.CWHvm_FDC_HW_L.CC,7,70,10,0.0,10000.0,1.0,1.0,0.0,0.0,0.0
product.Seral.area.overmature.CWHvm_FDC_HW_L.CC,8,80,10,0.0,10000.0,1.0,1.0,0.0,0.0,0.0
product.Seral.area.overmature.CWHvm_FDC_HW_L.CC,9,90,10,0.0,10000.0,1.0,1.0,0.0,0.0,0.0
product.Seral.area.overmature.CWHvm_FDC_HW_L.CC,10,100,10,0.0,10000.0,1.0,1.0,0.0,0.0,0.0
product.Seral.area.overmature.CWHvm_FDC_HW_L.CC,11,110,10,0.0,10000.0,1.0,1.0,0.0,0.0,0.0
product.Seral.area.overmature.CWHvm_FDC_HW_L.CC,12,120,10,0.0,10000.0,1.0,1.0,0.6340000033378601,0.0,0.0
product.Seral.area.overmature.CWHvm_FDC_HW_L.CC,13,130,10,0.0,10000.0,1.0,1.0,0.0,0.0,0.0
product.Seral.area.overmature.CWHvm_FDC_HW_L.CC,14,140,10,0.0,10000.0,1.0,1.0,5.164999961853027,0.0,0.0
product.Seral.area.overmature.CWHvm_FDC_HW_L.CC,15,150,10,0.0,10000.0,1.0,1.0,0.0,0.0,0.0
product.Seral.area.overmature.CWHvm_FDC_HW_L.CC,16,160,10,0.0,10000.0,1.0,1.0,0.0,0.0,0.0
product.Seral.area.overmature.CWHvm_FDC_HW_L.CC,17,170,10,0.0,10000.0,1.0,1.0,0.0,0.0,0.0
product.Seral.area.overmature.CWHvm_FDC_HW_L.CC,18,180,10,0.0,10000.0,1.0,1.0,0.0,0.0,0.0
product.Seral.area.overmature.CWHvm_FDC_HW_L.CC,19,190,10,0.0,10000.0,1.0,1.0,0.0,0.0,0.0
product.Seral.area.overmature.CWHvm_FDC_HW_L.CC,20,200,10,0.0,10000.0,1.0,1.0,0.0,0.0,0.0
product.Seral.area.overmature.CWHvm_FDC_HW_L.CC,21,210,10,0.0,10000.0,1.0,1.0,0.0,0.0,0.0
product.Seral.area.overmature.CWHvm_FDC_HW_L.CC,22,220,10,0.0,10000.0,1.0,1.0,0.0,0.0,0.0
product.Seral.area.overmature.CWHvm_FDC_HW_L.CC,23,230,10,0.0,10000.0,1.0,1.0,0.0,0.0,0.0
product.Seral.area.overmature.CWHvm_FDC_HW_L.CC,24,240,10,0.0,10000.0,1.0,1.0,0.0,0.0,0.0
product.Seral.area.overmature.CWHvm_FDC_HW_L.CC,25,250,10,0.0,10000.0,1.0,1.0,0.0,0.0,0.0
product.Seral.area.overmature.CWHvm_FDC_HW_L.CC,26,260,10,0.0,10000.0,1.0,1.0,3.5950000286102295,0.0,0.0
product.Seral.area.overmature.CWHvm_FDC_HW_L.CC,27,270,10,0.0,10000.0,1.0,1.0,0.0,0.0,0.0
product.Seral.area.overmature.CWHvm_FDC_HW_L.CC,28,280,10,0.0,10000.0,1.0,1.0,0.0,0.0,0.0
product.Seral.area.overmature.CWHvm_FDC_HW_L.CC,29,290,10,0.0,10000.0,1.0,1.0,0.0,0.0,0.0
product.Seral.area.overmature.CWHvm_FDC_HW_L.CC,30,300,10,0.0,10000.0,1.0,1.0,0.0,0.0,0.0
product.Seral.area.overmature.CWHvm_FDC_HW_M.CC,0,0,10,0.0,10000.0,1.0,1.0,0.0,0.0,0.0
product.Seral.area.overmature.CWHvm_FDC_HW_M.CC,1,10,10,0.0,10000.0,1.0,1.0,0.0,0.0,0.0
product.Seral.area.overmature.CWHvm_FDC_HW_M.CC,2,20,10,0.0,10000.0,1.0,1.0,0.0,0.0,0.0
product.Seral.area.overmature.CWHvm_FDC_HW_M.CC,3,30,10,0.0,10000.0,1.0,1.0,0.0,0.0,0.0
product.Seral.area.overmature.CWHvm_FDC_HW_M.CC,4,40,10,0.0,10000.0,1.0,1.0,0.0,0.0,0.0
product.Seral.area.overmature.CWHvm_FDC_HW_M.CC,5,50,10,0.0,10000.0,1.0,1.0,9.256999969482422,0.0,0.0
product.Seral.area.overmature.CWHvm_FDC_HW_M.CC,6,60,10,0.0,10000.0,1.0,1.0,0.0,0.0,0.0
product.Seral.area.overmature.CWHvm_FDC_HW_M.CC,7,70,10,0.0,10000.0,1.0,1.0,19.77899932861328,0.0,0.0
product.Seral.area.overmature.CWHvm_FDC_HW_M.CC,8,80,10,0.0,10000.0,1.0,1.0,20.625999450683594,0.0,0.0
product.Seral.area.overmature.CWHvm_FDC_HW_M.CC,9,90,10,0.0,10000.0,1.0,1.0,0.0,0.0,0.0
product.Seral.area.overmature.CWHvm_FDC_HW_M.CC,10,100,10,0.0,10000.0,1.0,1.0,0.0,0.0,0.0
product.Seral.area.overmature.CWHvm_FDC_HW_M.CC,11,110,10,0.0,10000.0,1.0,1.0,7.443999767303467,0.0,0.0
product.Seral.area.overmature.CWHvm_FDC_HW_M.CC,12,120,10,0.0,10000.0,1.0,1.0,11.47700023651123,0.0,0.0
product.Seral.area.overmature.CWHvm_FDC_HW_M.CC,13,130,10,0.0,10000.0,1.0,1.0,8.956999778747559,0.0,0.0
product.Seral.area.overmature.CWHvm_FDC_HW_M.CC,14,140,10,0.0,10000.0,1.0,1.0,0.0,0.0,0.0
product.Seral.area.overmature.CWHvm_FDC_HW_M.CC,15,150,10,0.0,10000.0,1.0,1.0,12.539999961853027,0.0,0.0
product.Seral.area.overmature.CWHvm_FDC_HW_M.CC,16,160,10,0.0,10000.0,1.0,1.0,0.0,0.0,0.0
product.Seral.area.overmature.CWHvm_FDC_HW_M.CC,17,170,10,0.0,10000.0,1.0,1.0,0.0,0.0,0.0
product.Seral.area.overmature.CWHvm_FDC_HW_M.CC,18,180,10,0.0,10000.0,1.0,1.0,0.0,0.0,0.0
product.Seral.area.overmature.CWHvm_FDC_HW_M.CC,19,190,10,0.0,10000.0,1.0,1.0,19.77899932861328,0.0,0.0
product.Seral.area.overmature.CWHvm_FDC_HW_M.CC,20,200,10,0.0,10000.0,1.0,1.0,0.0,0.0,0.0
product.Seral.area.overmature.CWHvm_FDC_HW_M.CC,21,210,10,0.0,10000.0,1.0,1.0,22.23900032043457,0.0,0.0
product.Seral.area.overmature.CWHvm_FDC_HW_M.CC,22,220,10,0.0,10000.0,1.0,1.0,0.0,0.0,0.0
product.Seral.area.overmature.CWHvm_FDC_HW_M.CC,23,230,10,0.0,10000.0,1.0,1.0,0.0,0.0,0.0
product.Seral.area.overmature.CWHvm_FDC_HW_M.CC,24,240,10,0.0,10000.0,1.0,1.0,9.256999969482422,0.0,0.0
product.Seral.area.overmature.CWHvm_FDC_HW_M.CC,25,250,10,0.0,10000.0,1.0,1.0,8.956999778747559,0.0,0.0
product.Seral.area.overmature.CWHvm_FDC_HW_M.CC,26,260,10,0.0,10000.0,1.0,1.0,0.0,0.0,0.0
product.Seral.area.overmature.CWHvm_FDC_HW_M.CC,27,270,10,0.0,10000.0,1.0,1.0,3.2829999923706055,0.0,0.0
product.Seral.area.overmature.CWHvm_FDC_HW_M.CC,28,280,10,0.0,10000.0,1.0,1.0,0.0,0.0,0.0
product.Seral.area.overmature.CWHvm_FDC_HW_M.CC,29,290,10,0.0,10000.0,1.0,1.0,0.0,0.0,0.0
product.Seral.area.overmature.CWHvm_FDC_HW_M.CC,30,300,10,0.0,10000.0,1.0,1.0,0.0,0.0,0.0
product.Seral.area.overmature.CWHvm_HW_BA_M.CC,0,0,10,0.0,10000.0,1.0,1.0,0.0,0.0,0.0
product.Seral.area.overmature.CWHvm_HW_BA_M.CC,1,10,10,0.0,10000.0,1.0,1.0,3.0280001163482666,0.0,0.0
product.Seral.area.overmature.CWHvm_HW_BA_M.CC,2,20,10,0.0,10000.0,1.0,1.0,0.0,0.0,0.0
product.Seral.area.overmature.CWHvm_HW_BA_M.CC,3,30,10,0.0,10000.0,1.0,1.0,0.0,0.0,0.0
product.Seral.area.overmature.CWHvm_HW_BA_M.CC,4,40,10,0.0,10000.0,1.0,1.0,0.0,0.0,0.0
product.Seral.area.overmature.CWHvm_HW_BA_M.CC,5,50,10,0.0,10000.0,1.0,1.0,0.0,0.0,0.0
product.Seral.area.overmature.CWHvm_HW_BA_M.CC,6,60,10,0.0,10000.0,1.0,1.0,0.0,0.0,0.0
product.Seral.area.overmature.CWHvm_HW_BA_M.CC,7,70,10,0.0,10000.0,1.0,1.0,0.0,0.0,0.0
product.Seral.area.overmature.CWHvm_HW_BA_M.CC,8,80,10,0.0,10000.0,1.0,1.0,2.2660000324249268,0.0,0.0
product.Seral.area.overmature.CWHvm_HW_BA_M.CC,9,90,10,0.0,10000.0,1.0,1.0,0.0,0.0,0.0
product.Seral.area.overmature.CWHvm_HW_BA_M.CC,10,100,10,0.0,10000.0,1.0,1.0,0.0,0.0,0.0
product.Seral.area.overmature.CWHvm_HW_BA_M.CC,11,110,10,0.0,10000.0,1.0,1.0,0.0,0.0,0.0
product.Seral.area.overmature.CWHvm_HW_BA_M.CC,12,120,10,0.0,10000.0,1.0,1.0,0.0,0.0,0.0
product.Seral.area.overmature.CWHvm_HW_BA_M.CC,13,130,10,0.0,10000.0,1.0,1.0,0.0,0.0,0.0
product.Seral.area.overmature.CWHvm_HW_BA_M.CC,14,140,10,0.0,10000.0,1.0,1.0,0.0,0.0,0.0
product.Seral.area.overmature.CWHvm_HW_BA_M.CC,15,150,10,0.0,10000.0,1.0,1.0,0.0,0.0,0.0
product.Seral.area.overmature.CWHvm_HW_BA_M.CC,16,160,10,0.0,10000.0,1.0,1.0,0.0,0.0,0.0
product.Seral.area.overmature.CWHvm_HW_BA_M.CC,17,170,10,0.0,10000.0,1.0,1.0,0.0,0.0,0.0
product.Seral.area.overmature.CWHvm_HW_BA_M.CC,18,180,10,0.0,10000.0,1.0,1.0,17.753999710083008,0.0,0.0
product.Seral.area.overmature.CWHvm_HW_BA_M.CC,19,190,10,0.0,10000.0,1.0,1.0,0.0,0.0,0.0
product.Seral.area.overmature.CWHvm_HW_BA_M.CC,20,200,10,0.0,10000.0,1.0,1.0,0.0,0.0,0.0
product.Seral.area.overmature.CWHvm_HW_BA_M.CC,21,210,10,0.0,10000.0,1.0,1.0,0.0,0.0,0.0
product.Seral.area.overmature.CWHvm_HW_BA_M.CC,22,220,10,0.0,10000.0,1.0,1.0,0.0,0.0,0.0
product.Seral.area.overmature.CWHvm_HW_BA_M.CC,23,230,10,0.0,10000.0,1.0,1.0,0.0,0.0,0.0
product.Seral.area.overmature.CWHvm_HW_BA_M.CC,24,240,10,0.0,10000.0,1.0,1.0,0.0,0.0,0.0
product.Seral.area.overmature.CWHvm_HW_BA_M.CC,25,250,10,0.0,10000.0,1.0,1.0,0.0,0.0,0.0
product.Seral.area.overmature.CWHvm_HW_BA_M.CC,26,260,10,0.0,10000.0,1.0,1.0,0.0,0.0,0.0
product.Seral.area.overmature.CWHvm_HW_BA_M.CC,27,270,10,0.0,10000.0,1.0,1.0,0.0,0.0,0.0
product.Seral.area.overmature.CWHvm_HW_BA_M.CC,28,280,10,0.0,10000.0,1.0,1.0,0.0,0.0,0.0
product.Seral.area.overmature.CWHvm_HW_BA_M.CC,29,290,10,0.0,10000.0,1.0,1.0,0.0,0.0,0.0
product.Seral.area.overmature.CWHvm_HW_BA_M.CC,30,300,10,0.0,10000.0,1.0,1.0,0.0,0.0,0.0
product.Seral.area.overmature.CWHvm_HW_CW_H.CC,0,0,10,0.0,10000.0,1.0,1.0,0.0,0.0,0.0
product.Seral.area.overmature.CWHvm_HW_CW_H.CC,1,10,10,0.0,10000.0,1.0,1.0,0.0,0.0,0.0
product.Seral.area.overmature.CWHvm_HW_CW_H.CC,2,20,10,0.0,10000.0,1.0,1.0,5.658999919891357,0.0,0.0
product.Seral.area.overmature.CWHvm_HW_CW_H.CC,3,30,10,0.0,10000.0,1.0,1.0,0.0,0.0,0.0
product.Seral.area.overmature.CWHvm_HW_CW_H.CC,4,40,10,0.0,10000.0,1.0,1.0,15.802000045776367,0.0,0.0
product.Seral.area.overmature.CWHvm_HW_CW_H.CC,5,50,10,0.0,10000.0,1.0,1.0,0.0,0.0,0.0
product.Seral.area.overmature.CWHvm_HW_CW_H.CC,6,60,10,0.0,10000.0,1.0,1.0,0.0,0.0,0.0
product.Seral.area.overmature.CWHvm_HW_CW_H.CC,7,70,10,0.0,10000.0,1.0,1.0,0.0,0.0,0.0
product.Seral.area.overmature.CWHvm_HW_CW_H.CC,8,80,10,0.0,10000.0,1.0,1.0,6.263999938964844,0.0,0.0
product.Seral.area.overmature.CWHvm_HW_CW_H.CC,9,90,10,0.0,10000.0,1.0,1.0,0.0,0.0,0.0
product.Seral.area.overmature.CWHvm_HW_CW_H.CC,10,100,10,0.0,10000.0,1.0,1.0,0.0,0.0,0.0
product.Seral.area.overmature.CWHvm_HW_CW_H.CC,11,110,10,0.0,10000.0,1.0,1.0,0.0,0.0,0.0
product.Seral.area.overmature.CWHvm_HW_CW_H.CC,12,120,10,0.0,10000.0,1.0,1.0,0.0,0.0,0.0
product.Seral.area.overmature.CWHvm_HW_CW_H.CC,13,130,10,0.0,10000.0,1.0,1.0,0.0,0.0,0.0
product.Seral.area.overmature.CWHvm_HW_CW_H.CC,14,140,10,0.0,10000.0,1.0,1.0,0.0,0.0,0.0
product.Seral.area.overmature.CWHvm_HW_CW_H.CC,15,150,10,0.0,10000.0,1.0,1.0,2.937999963760376,0.0,0.0
product.Seral.area.overmature.CWHvm_HW_CW_H.CC,16,160,10,0.0,10000.0,1.0,1.0,0.0,0.0,0.0
product.Seral.area.overmature.CWHvm_HW_CW_H.CC,17,170,10,0.0,10000.0,1.0,1.0,0.0,0.0,0.0
product.Seral.area.overmature.CWHvm_HW_CW_H.CC,18,180,10,0.0,10000.0,1.0,1.0,11.994999885559082,0.0,0.0
product.Seral.area.overmature.CWHvm_HW_CW_H.CC,19,190,10,0.0,10000.0,1.0,1.0,0.0,0.0,0.0
product.Seral.area.overmature.CWHvm_HW_CW_H.CC,20,200,10,0.0,10000.0,1.0,1.0,3.743000030517578,0.0,0.0
product.Seral.area.overmature.CWHvm_HW_CW_H.CC,21,210,10,0.0,10000.0,1.0,1.0,2.752000093460083,0.0,0.0
product.Seral.area.overmature.CWHvm_HW_CW_H.CC,22,220,10,0.0,10000.0,1.0,1.0,0.0,0.0,0.0
product.Seral.area.overmature.CWHvm_HW_CW_H.CC,23,230,10,0.0,10000.0,1.0,1.0,2.813999891281128,0.0,0.0
product.Seral.area.overmature.CWHvm_HW_CW_H.CC,24,240,10,0.0,10000.0,1.0,1.0,2.1600000858306885,0.0,0.0
product.Seral.area.overmature.CWHvm_HW_CW_H.CC,25,250,10,0.0,10000.0,1.0,1.0,0.0,0.0,0.0
product.Seral.area.overmature.CWHvm_HW_CW_H.CC,26,260,10,0.0,10000.0,1.0,1.0,0.0,0.0,0.0
product.Seral.area.overmature.CWHvm_HW_CW_H.CC,27,270,10,0.0,10000.0,1.0,1.0,0.0,0.0,0.0
product.Seral.area.overmature.CWHvm_HW_CW_H.CC,28,280,10,0.0,10000.0,1.0,1.0,0.0,0.0,0.0
product.Seral.area.overmature.CWHvm_HW_CW_H.CC,29,290,10,0.0,10000.0,1.0,1.0,0.0,0.0,0.0
product.Seral.area.overmature.CWHvm_HW_CW_H.CC,30,300,10,0.0,10000.0,1.0,1.0,0.0,0.0,0.0
product.Seral.area.overmature.CWHvm_HW_CW_L.CC,0,0,10,0.0,10000.0,1.0,1.0,0.0,0.0,0.0
product.Seral.area.overmature.CWHvm_HW_CW_L.CC,1,10,10,0.0,10000.0,1.0,1.0,2.4100000858306885,0.0,0.0
product.Seral.area.overmature.CWHvm_HW_CW_L.CC,2,20,10,0.0,10000.0,1.0,1.0,3.433000087738037,0.0,0.0
product.Seral.area.overmature.CWHvm_HW_CW_L.CC,3,30,10,0.0,10000.0,1.0,1.0,2.5450000762939453,0.0,0.0
product.Seral.area.overmature.CWHvm_HW_CW_L.CC,4,40,10,0.0,10000.0,1.0,1.0,0.0,0.0,0.0
product.Seral.area.overmature.CWHvm_HW_CW_L.CC,5,50,10,0.0,10000.0,1.0,1.0,0.0,0.0,0.0
product.Seral.area.overmature.CWHvm_HW_CW_L.CC,6,60,10,0.0,10000.0,1.0,1.0,0.0,0.0,0.0
product.Seral.area.overmature.CWHvm_HW_CW_L.CC,7,70,10,0.0,10000.0,1.0,1.0,0.0,0.0,0.0
product.Seral.area.overmature.CWHvm_HW_CW_L.CC,8,80,10,0.0,10000.0,1.0,1.0,9.020999908447266,0.0,0.0
product.Seral.area.overmature.CWHvm_HW_CW_L.CC,9,90,10,0.0,10000.0,1.0,1.0,8.47700023651123,0.0,0.0
product.Seral.area.overmature.CWHvm_HW_CW_L.CC,10,100,10,0.0,10000.0,1.0,1.0,0.0,0.0,0.0
product.Seral.area.overmature.CWHvm_HW_CW_L.CC,11,110,10,0.0,10000.0,1.0,1.0,2.063999891281128,0.0,0.0
product.Seral.area.overmature.CWHvm_HW_CW_L.CC,12,120,10,0.0,10000.0,1.0,1.0,0.0,0.0,0.0
product.Seral.area.overmature.CWHvm_HW_CW_L.CC,13,130,10,0.0,10000.0,1.0,1.0,0.0,0.0,0.0
product.Seral.area.overmature.CWHvm_HW_CW_L.CC,14,140,10,0.0,10000.0,1.0,1.0,0.0,0.0,0.0
product.Seral.area.overmature.CWHvm_HW_CW_L.CC,15,150,10,0.0,10000.0,1.0,1.0,0.0,0.0,0.0
product.Seral.area.overmature.CWHvm_HW_CW_L.CC,16,160,10,0.0,10000.0,1.0,1.0,0.0,0.0,0.0
product.Seral.area.overmature.CWHvm_HW_CW_L.CC,17,170,10,0.0,10000.0,1.0,1.0,0.0,0.0,0.0
product.Seral.area.overmature.CWHvm_HW_CW_L.CC,18,180,10,0.0,10000.0,1.0,1.0,3.056999921798706,0.0,0.0
product.Seral.area.overmature.CWHvm_HW_CW_L.CC,19,190,10,0.0,10000.0,1.0,1.0,0.0,0.0,0.0
product.Seral.area.overmature.CWHvm_HW_CW_L.CC,20,200,10,0.0,10000.0,1.0,1.0,0.0,0.0,0.0
product.Seral.area.overmature.CWHvm_HW_CW_L.CC,21,210,10,0.0,10000.0,1.0,1.0,0.0,0.0,0.0
product.Seral.area.overmature.CWHvm_HW_CW_L.CC,22,220,10,0.0,10000.0,1.0,1.0,0.0,0.0,0.0
product.Seral.area.overmature.CWHvm_HW_CW_L.CC,23,230,10,0.0,10000.0,1.0,1.0,0.0,0.0,0.0
product.Seral.area.overmature.CWHvm_HW_CW_L.CC,24,240,10,0.0,10000.0,1.0,1.0,0.0,0.0,0.0
product.Seral.area.overmature.CWHvm_HW_CW_L.CC,25,250,10,0.0,10000.0,1.0,1.0,0.0,0.0,0.0
product.Seral.area.overmature.CWHvm_HW_CW_L.CC,26,260,10,0.0,10000.0,1.0,1.0,0.0,0.0,0.0
product.Seral.area.overmature.CWHvm_HW_CW_L.CC,27,270,10,0.0,10000.0,1.0,1.0,0.0,0.0,0.0
product.Seral.area.overmature.CWHvm_HW_CW_L.CC,28,280,10,0.0,10000.0,1.0,1.0,0.0,0.0,0.0
product.Seral.area.overmature.CWHvm_HW_CW_L.CC,29,290,10,0.0,10000.0,1.0,1.0,0.0,0.0,0.0
product.Seral.area.overmature.CWHvm_HW_CW_L.CC,30,300,10,0.0,10000.0,1.0,1.0,0.0,0.0,0.0
product.Seral.area.overmature.CWHvm_HW_CW_M.CC,0,0,10,0.0,10000.0,1.0,1.0,0.0,0.0,0.0
product.Seral.area.overmature.CWHvm_HW_CW_M.CC,1,10,10,0.0,10000.0,1.0,1.0,0.0,0.0,0.0
product.Seral.area.overmature.CWHvm_HW_CW_M.CC,2,20,10,0.0,10000.0,1.0,1.0,0.0,0.0,0.0
product.Seral.area.overmature.CWHvm_HW_CW_M.CC,3,30,10,0.0,10000.0,1.0,1.0,4.366000175476074,0.0,0.0
product.Seral.area.overmature.CWHvm_HW_CW_M.CC,4,40,10,0.0,10000.0,1.0,1.0,0.0,0.0,0.0
product.Seral.area.overmature.CWHvm_HW_CW_M.CC,5,50,10,0.0,10000.0,1.0,1.0,0.0,0.0,0.0
product.Seral.area.overmature.CWHvm_HW_CW_M.CC,6,60,10,0.0,10000.0,1.0,1.0,0.0,0.0,0.0
product.Seral.area.overmature.CWHvm_HW_CW_M.CC,7,70,10,0.0,10000.0,1.0,1.0,0.0,0.0,0.0
product.Seral.area.overmature.CWHvm_HW_CW_M.CC,8,80,10,0.0,10000.0,1.0,1.0,0.0,0.0,0.0
product.Seral.area.overmature.CWHvm_HW_CW_M.CC,9,90,10,0.0,10000.0,1.0,1.0,0.0,0.0,0.0
product.Seral.area.overmature.CWHvm_HW_CW_M.CC,10,100,10,0.0,10000.0,1.0,1.0,0.0,0.0,0.0
product.Seral.area.overmature.CWHvm_HW_CW_M.CC,11,110,10,0.0,10000.0,1.0,1.0,0.0,0.0,0.0
product.Seral.area.overmature.CWHvm_HW_CW_M.CC,12,120,10,0.0,10000.0,1.0,1.0,1.6770000457763672,0.0,0.0
product.Seral.area.overmature.CWHvm_HW_CW_M.CC,13,130,10,0.0,10000.0,1.0,1.0,0.0,0.0,0.0
product.Seral.area.overmature.CWHvm_HW_CW_M.CC,14,140,10,0.0,10000.0,1.0,1.0,0.0,0.0,0.0
product.Seral.area.overmature.CWHvm_HW_CW_M.CC,15,150,10,0.0,10000.0,1.0,1.0,0.8379999995231628,0.0,0.0
product.Seral.area.overmature.CWHvm_HW_CW_M.CC,16,160,10,0.0,10000.0,1.0,1.0,0.0,0.0,0.0
product.Seral.area.overmature.CWHvm_HW_CW_M.CC,17,170,10,0.0,10000.0,1.0,1.0,0.0,0.0,0.0
product.Seral.area.overmature.CWHvm_HW_CW_M.CC,18,180,10,0.0,10000.0,1.0,1.0,0.0,0.0,0.0
product.Seral.area.overmature.CWHvm_HW_CW_M.CC,19,190,10,0.0,10000.0,1.0,1.0,0.0,0.0,0.0
product.Seral.area.overmature.CWHvm_HW_CW_M.CC,20,200,10,0.0,10000.0,1.0,1.0,0.0,0.0,0.0
product.Seral.area.overmature.CWHvm_HW_CW_M.CC,21,210,10,0.0,10000.0,1.0,1.0,0.0,0.0,0.0
product.Seral.area.overmature.CWHvm_HW_CW_M.CC,22,220,10,0.0,10000.0,1.0,1.0,0.0,0.0,0.0
product.Seral.area.overmature.CWHvm_HW_CW_M.CC,23,230,10,0.0,10000.0,1.0,1.0,0.0,0.0,0.0
product.Seral.area.overmature.CWHvm_HW_CW_M.CC,24,240,10,0.0,10000.0,1.0,1.0,10.833999633789062,0.0,0.0
product.Seral.area.overmature.CWHvm_HW_CW_M.CC,25,250,10,0.0,10000.0,1.0,1.0,0.0,0.0,0.0
product.Seral.area.overmature.CWHvm_HW_CW_M.CC,26,260,10,0.0,10000.0,1.0,1.0,0.0,0.0,0.0
product.Seral.area.overmature.CWHvm_HW_CW_M.CC,27,270,10,0.0,10000.0,1.0,1.0,0.0,0.0,0.0
product.Seral.area.overmature.CWHvm_HW_CW_M.CC,28,280,10,0.0,10000.0,1.0,1.0,0.0,0.0,0.0
product.Seral.area.overmature.CWHvm_HW_CW_M.CC,29,290,10,0.0,10000.0,1.0,1.0,0.0,0.0,0.0
product.Seral.area.overmature.CWHvm_HW_CW_M.CC,30,300,10,0.0,10000.0,1.0,1.0,0.0,0.0,0.0
product.Seral.area.overmature.CWHvm_HW_FDC_H.CC,0,0,10,0.0,10000.0,1.0,1.0,0.0,0.0,0.0
product.Seral.area.overmature.CWHvm_HW_FDC_H.CC,1,10,10,0.0,10000.0,1.0,1.0,32.92499923706055,0.0,0.0
product.Seral.area.overmature.CWHvm_HW_FDC_H.CC,2,20,10,0.0,10000.0,1.0,1.0,18.770000457763672,0.0,0.0
product.Seral.area.overmature.CWHvm_HW_FDC_H.CC,3,30,10,0.0,10000.0,1.0,1.0,2.812999963760376,0.0,0.0
product.Seral.area.overmature.CWHvm_HW_FDC_H.CC,4,40,10,0.0,10000.0,1.0,1.0,0.0,0.0,0.0
product.Seral.area.overmature.CWHvm_HW_FDC_H.CC,5,50,10,0.0,10000.0,1.0,1.0,15.628999710083008,0.0,0.0
product.Seral.area.overmature.CWHvm_HW_FDC_H.CC,6,60,10,0.0,10000.0,1.0,1.0,48.84000015258789,0.0,0.0
product.Seral.area.overmature.CWHvm_HW_FDC_H.CC,7,70,10,0.0,10000.0,1.0,1.0,24.32900047302246,0.0,0.0
product.Seral.area.overmature.CWHvm_HW_FDC_H.CC,8,80,10,0.0,10000.0,1.0,1.0,0.0,0.0,0.0
product.Seral.area.overmature.CWHvm_HW_FDC_H.CC,9,90,10,0.0,10000.0,1.0,1.0,33.724998474121094,0.0,0.0
product.Seral.area.overmature.CWHvm_HW_FDC_H.CC,10,100,10,0.0,10000.0,1.0,1.0,0.0,0.0,0.0
product.Seral.area.overmature.CWHvm_HW_FDC_H.CC,11,110,10,0.0,10000.0,1.0,1.0,10.989999771118164,0.0,0.0
product.Seral.area.overmature.CWHvm_HW_FDC_H.CC,12,120,10,0.0,10000.0,1.0,1.0,12.92300033569336,0.0,0.0
product.Seral.area.overmature.CWHvm_HW_FDC_H.CC,13,130,10,0.0,10000.0,1.0,1.0,41.452999114990234,0.0,0.0
product.Seral.area.overmature.CWHvm_HW_FDC_H.CC,14,140,10,0.0,10000.0,1.0,1.0,27.893999099731445,0.0,0.0
product.Seral.area.overmature.CWHvm_HW_FDC_H.CC,15,150,10,0.0,10000.0,1.0,1.0,7.209000110626221,0.0,0.0
product.Seral.area.overmature.CWHvm_HW_FDC_H.CC,16,160,10,0.0,10000.0,1.0,1.0,48.84000015258789,0.0,0.0
product.Seral.area.overmature.CWHvm_HW_FDC_H.CC,17,170,10,0.0,10000.0,1.0,1.0,0.0,0.0,0.0
product.Seral.area.overmature.CWHvm_HW_FDC_H.CC,18,180,10,0.0,10000.0,1.0,1.0,7.184000015258789,0.0,0.0
product.Seral.area.overmature.CWHvm_HW_FDC_H.CC,19,190,10,0.0,10000.0,1.0,1.0,17.09000015258789,0.0,0.0
product.Seral.area.overmature.CWHvm_HW_FDC_H.CC,20,200,10,0.0,10000.0,1.0,1.0,23.670000076293945,0.0,0.0
product.Seral.area.overmature.CWHvm_HW_FDC_H.CC,21,210,10,0.0,10000.0,1.0,1.0,28.371000289916992,0.0,0.0
product.Seral.area.overmature.CWHvm_HW_FDC_H.CC,22,220,10,0.0,10000.0,1.0,1.0,28.552000045776367,0.0,0.0
product.Seral.area.overmature.CWHvm_HW_FDC_H.CC,23,230,10,0.0,10000.0,1.0,1.0,41.18000030517578,0.0,0.0
product.Seral.area.overmature.CWHvm_HW_FDC_H.CC,24,240,10,0.0,10000.0,1.0,1.0,16.990999221801758,0.0,0.0
product.Seral.area.overmature.CWHvm_HW_FDC_H.CC,25,250,10,0.0,10000.0,1.0,1.0,0.0,0.0,0.0
product.Seral.area.overmature.CWHvm_HW_FDC_H.CC,26,260,10,0.0,10000.0,1.0,1.0,5.683000087738037,0.0,0.0
product.Seral.area.overmature.CWHvm_HW_FDC_H.CC,27,270,10,0.0,10000.0,1.0,1.0,22.80500030517578,0.0,0.0
product.Seral.area.overmature.CWHvm_HW_FDC_H.CC,28,280,10,0.0,10000.0,1.0,1.0,57.0880012512207,0.0,0.0
product.Seral.area.overmature.CWHvm_HW_FDC_H.CC,29,290,10,0.0,10000.0,1.0,1.0,9.840999603271484,0.0,0.0
product.Seral.area.overmature.CWHvm_HW_FDC_H.CC,30,300,10,0.0,10000.0,1.0,1.0,10.63700008392334,0.0,0.0
product.Seral.area.overmature.CWHvm_HW_FDC_L.CC,0,0,10,0.0,10000.0,1.0,1.0,0.0,0.0,0.0
product.Seral.area.overmature.CWHvm_HW_FDC_L.CC,1,10,10,0.0,10000.0,1.0,1.0,0.0,0.0,0.0
product.Seral.area.overmature.CWHvm_HW_FDC_L.CC,2,20,10,0.0,10000.0,1.0,1.0,6.4029998779296875,0.0,0.0
product.Seral.area.overmature.CWHvm_HW_FDC_L.CC,3,30,10,0.0,10000.0,1.0,1.0,0.0,0.0,0.0
product.Seral.area.overmature.CWHvm_HW_FDC_L.CC,4,40,10,0.0,10000.0,1.0,1.0,0.0,0.0,0.0
product.Seral.area.overmature.CWHvm_HW_FDC_L.CC,5,50,10,0.0,10000.0,1.0,1.0,0.0,0.0,0.0
product.Seral.area.overmature.CWHvm_HW_FDC_L.CC,6,60,10,0.0,10000.0,1.0,1.0,0.0,0.0,0.0
product.Seral.area.overmature.CWHvm_HW_FDC_L.CC,7,70,10,0.0,10000.0,1.0,1.0,3.390000104904175,0.0,0.0
product.Seral.area.overmature.CWHvm_HW_FDC_L.CC,8,80,10,0.0,10000.0,1.0,1.0,0.0,0.0,0.0
product.Seral.area.overmature.CWHvm_HW_FDC_L.CC,9,90,10,0.0,10000.0,1.0,1.0,3.890000104904175,0.0,0.0
product.Seral.area.overmature.CWHvm_HW_FDC_L.CC,10,100,10,0.0,10000.0,1.0,1.0,14.942000389099121,0.0,0.0
product.Seral.area.overmature.CWHvm_HW_FDC_L.CC,11,110,10,0.0,10000.0,1.0,1.0,8.123000144958496,0.0,0.0
product.Seral.area.overmature.CWHvm_HW_FDC_L.CC,12,120,10,0.0,10000.0,1.0,1.0,8.407999992370605,0.0,0.0
product.Seral.area.overmature.CWHvm_HW_FDC_L.CC,13,130,10,0.0,10000.0,1.0,1.0,0.0,0.0,0.0
product.Seral.area.overmature.CWHvm_HW_FDC_L.CC,14,140,10,0.0,10000.0,1.0,1.0,0.0,0.0,0.0
product.Seral.area.overmature.CWHvm_HW_FDC_L.CC,15,150,10,0.0,10000.0,1.0,1.0,0.0,0.0,0.0
product.Seral.area.overmature.CWHvm_HW_FDC_L.CC,16,160,10,0.0,10000.0,1.0,1.0,0.0,0.0,0.0
product.Seral.area.overmature.CWHvm_HW_FDC_L.CC,17,170,10,0.0,10000.0,1.0,1.0,0.0,0.0,0.0
product.Seral.area.overmature.CWHvm_HW_FDC_L.CC,18,180,10,0.0,10000.0,1.0,1.0,8.97700023651123,0.0,0.0
product.Seral.area.overmature.CWHvm_HW_FDC_L.CC,19,190,10,0.0,10000.0,1.0,1.0,0.0,0.0,0.0
product.Seral.area.overmature.CWHvm_HW_FDC_L.CC,20,200,10,0.0,10000.0,1.0,1.0,0.0,0.0,0.0
product.Seral.area.overmature.CWHvm_HW_FDC_L.CC,21,210,10,0.0,10000.0,1.0,1.0,0.0,0.0,0.0
product.Seral.area.overmature.CWHvm_HW_FDC_L.CC,22,220,10,0.0,10000.0,1.0,1.0,4.328000068664551,0.0,0.0
product.Seral.area.overmature.CWHvm_HW_FDC_L.CC,23,230,10,0.0,10000.0,1.0,1.0,5.298999786376953,0.0,0.0
product.Seral.area.overmature.CWHvm_HW_FDC_L.CC,24,240,10,0.0,10000.0,1.0,1.0,0.0,0.0,0.0
product.Seral.area.overmature.CWHvm_HW_FDC_L.CC,25,250,10,0.0,10000.0,1.0,1.0,0.0,0.0,0.0
product.Seral.area.overmature.CWHvm_HW_FDC_L.CC,26,260,10,0.0,10000.0,1.0,1.0,13.116000175476074,0.0,0.0
product.Seral.area.overmature.CWHvm_HW_FDC_L.CC,27,270,10,0.0,10000.0,1.0,1.0,3.890000104904175,0.0,0.0
product.Seral.area.overmature.CWHvm_HW_FDC_L.CC,28,280,10,0.0,10000.0,1.0,1.0,0.0,0.0,0.0
product.Seral.area.overmature.CWHvm_HW_FDC_L.CC,29,290,10,0.0,10000.0,1.0,1.0,5.546999931335449,0.0,0.0
product.Seral.area.overmature.CWHvm_HW_FDC_L.CC,30,300,10,0.0,10000.0,1.0,1.0,0.0,0.0,0.0
product.Seral.area.overmature.CWHvm_HW_SS_M.CC,0,0,10,0.0,10000.0,1.0,1.0,0.0,0.0,0.0
product.Seral.area.overmature.CWHvm_HW_SS_M.CC,1,10,10,0.0,10000.0,1.0,1.0,0.0,0.0,0.0
product.Seral.area.overmature.CWHvm_HW_SS_M.CC,2,20,10,0.0,10000.0,1.0,1.0,0.0,0.0,0.0
product.Seral.area.overmature.CWHvm_HW_SS_M.CC,3,30,10,0.0,10000.0,1.0,1.0,0.0,0.0,0.0
product.Seral.area.overmature.CWHvm_HW_SS_M.CC,4,40,10,0.0,10000.0,1.0,1.0,0.0,0.0,0.0
product.Seral.area.overmature.CWHvm_HW_SS_M.CC,5,50,10,0.0,10000.0,1.0,1.0,0.0,0.0,0.0
product.Seral.area.overmature.CWHvm_HW_SS_M.CC,6,60,10,0.0,10000.0,1.0,1.0,0.0,0.0,0.0
product.Seral.area.overmature.CWHvm_HW_SS_M.CC,7,70,10,0.0,10000.0,1.0,1.0,0.0,0.0,0.0
product.Seral.area.overmature.CWHvm_HW_SS_M.CC,8,80,10,0.0,10000.0,1.0,1.0,0.0,0.0,0.0
product.Seral.area.overmature.CWHvm_HW_SS_M.CC,9,90,10,0.0,10000.0,1.0,1.0,0.0,0.0,0.0
product.Seral.area.overmature.CWHvm_HW_SS_M.CC,10,100,10,0.0,10000.0,1.0,1.0,0.0,0.0,0.0
product.Seral.area.overmature.CWHvm_HW_SS_M.CC,11,110,10,0.0,10000.0,1.0,1.0,0.0,0.0,0.0
product.Seral.area.overmature.CWHvm_HW_SS_M.CC,12,120,10,0.0,10000.0,1.0,1.0,1.0080000162124634,0.0,0.0
product.Seral.area.overmature.CWHvm_HW_SS_M.CC,13,130,10,0.0,10000.0,1.0,1.0,0.0,0.0,0.0
product.Seral.area.overmature.CWHvm_HW_SS_M.CC,14,140,10,0.0,10000.0,1.0,1.0,0.0,0.0,0.0
product.Seral.area.overmature.CWHvm_HW_SS_M.CC,15,150,10,0.0,10000.0,1.0,1.0,3.578000068664551,0.0,0.0
product.Seral.area.overmature.CWHvm_HW_SS_M.CC,16,160,10,0.0,10000.0,1.0,1.0,0.0,0.0,0.0
product.Seral.area.overmature.CWHvm_HW_SS_M.CC,17,170,10,0.0,10000.0,1.0,1.0,0.0,0.0,0.0
product.Seral.area.overmature.CWHvm_HW_SS_M.CC,18,180,10,0.0,10000.0,1.0,1.0,0.0,0.0,0.0
product.Seral.area.overmature.CWHvm_HW_SS_M.CC,19,190,10,0.0,10000.0,1.0,1.0,0.0,0.0,0.0
product.Seral.area.overmature.CWHvm_HW_SS_M.CC,20,200,10,0.0,10000.0,1.0,1.0,0.0,0.0,0.0
product.Seral.area.overmature.CWHvm_HW_SS_M.CC,21,210,10,0.0,10000.0,1.0,1.0,0.0,0.0,0.0
product.Seral.area.overmature.CWHvm_HW_SS_M.CC,22,220,10,0.0,10000.0,1.0,1.0,0.0,0.0,0.0
product.Seral.area.overmature.CWHvm_HW_SS_M.CC,23,230,10,0.0,10000.0,1.0,1.0,0.0,0.0,0.0
product.Seral.area.overmature.CWHvm_HW_SS_M.CC,24,240,10,0.0,10000.0,1.0,1.0,20.513999938964844,0.0,0.0
product.Seral.area.overmature.CWHvm_HW_SS_M.CC,25,250,10,0.0,10000.0,1.0,1.0,0.0,0.0,0.0
product.Seral.area.overmature.CWHvm_HW_SS_M.CC,26,260,10,0.0,10000.0,1.0,1.0,0.0,0.0,0.0
product.Seral.area.overmature.CWHvm_HW_SS_M.CC,27,270,10,0.0,10000.0,1.0,1.0,0.0,0.0,0.0
product.Seral.area.overmature.CWHvm_HW_SS_M.CC,28,280,10,0.0,10000.0,1.0,1.0,0.0,0.0,0.0
product.Seral.area.overmature.CWHvm_HW_SS_M.CC,29,290,10,0.0,10000.0,1.0,1.0,0.0,0.0,0.0
product.Seral.area.overmature.CWHvm_HW_SS_M.CC,30,300,10,0.0,10000.0,1.0,1.0,0.0,0.0,0.0
product.Seral.area.regenerating.CWHvm_CW_HW_M.CC,0,0,10,0.0,10000.0,1.0,1.0,0.0,0.0,0.0
product.Seral.area.regenerating.CWHvm_CW_HW_M.CC,1,10,10,0.0,10000.0,1.0,1.0,0.0,0.0,0.0
product.Seral.area.regenerating.CWHvm_CW_HW_M.CC,2,20,10,0.0,10000.0,1.0,1.0,0.0,0.0,0.0
product.Seral.area.regenerating.CWHvm_CW_HW_M.CC,3,30,10,0.0,10000.0,1.0,1.0,0.0,0.0,0.0
product.Seral.area.regenerating.CWHvm_CW_HW_M.CC,4,40,10,0.0,10000.0,1.0,1.0,0.0,0.0,0.0
product.Seral.area.regenerating.CWHvm_CW_HW_M.CC,5,50,10,0.0,10000.0,1.0,1.0,0.0,0.0,0.0
product.Seral.area.regenerating.CWHvm_CW_HW_M.CC,6,60,10,0.0,10000.0,1.0,1.0,0.0,0.0,0.0
product.Seral.area.regenerating.CWHvm_CW_HW_M.CC,7,70,10,0.0,10000.0,1.0,1.0,0.0,0.0,0.0
product.Seral.area.regenerating.CWHvm_CW_HW_M.CC,8,80,10,0.0,10000.0,1.0,1.0,0.0,0.0,0.0
product.Seral.area.regenerating.CWHvm_CW_HW_M.CC,9,90,10,0.0,10000.0,1.0,1.0,0.0,0.0,0.0
product.Seral.area.regenerating.CWHvm_CW_HW_M.CC,10,100,10,0.0,10000.0,1.0,1.0,0.0,0.0,0.0
product.Seral.area.regenerating.CWHvm_CW_HW_M.CC,11,110,10,0.0,10000.0,1.0,1.0,0.0,0.0,0.0
product.Seral.area.regenerating.CWHvm_CW_HW_M.CC,12,120,10,0.0,10000.0,1.0,1.0,0.0,0.0,0.0
product.Seral.area.regenerating.CWHvm_CW_HW_M.CC,13,130,10,0.0,10000.0,1.0,1.0,0.0,0.0,0.0
product.Seral.area.regenerating.CWHvm_CW_HW_M.CC,14,140,10,0.0,10000.0,1.0,1.0,0.0,0.0,0.0
product.Seral.area.regenerating.CWHvm_CW_HW_M.CC,15,150,10,0.0,10000.0,1.0,1.0,0.0,0.0,0.0
product.Seral.area.regenerating.CWHvm_CW_HW_M.CC,16,160,10,0.0,10000.0,1.0,1.0,0.0,0.0,0.0
product.Seral.area.regenerating.CWHvm_CW_HW_M.CC,17,170,10,0.0,10000.0,1.0,1.0,0.0,0.0,0.0
product.Seral.area.regenerating.CWHvm_CW_HW_M.CC,18,180,10,0.0,10000.0,1.0,1.0,0.0,0.0,0.0
product.Seral.area.regenerating.CWHvm_CW_HW_M.CC,19,190,10,0.0,10000.0,1.0,1.0,0.0,0.0,0.0
product.Seral.area.regenerating.CWHvm_CW_HW_M.CC,20,200,10,0.0,10000.0,1.0,1.0,0.0,0.0,0.0
product.Seral.area.regenerating.CWHvm_CW_HW_M.CC,21,210,10,0.0,10000.0,1.0,1.0,0.0,0.0,0.0
product.Seral.area.regenerating.CWHvm_CW_HW_M.CC,22,220,10,0.0,10000.0,1.0,1.0,0.0,0.0,0.0
product.Seral.area.regenerating.CWHvm_CW_HW_M.CC,23,230,10,0.0,10000.0,1.0,1.0,0.0,0.0,0.0
product.Seral.area.regenerating.CWHvm_CW_HW_M.CC,24,240,10,0.0,10000.0,1.0,1.0,0.0,0.0,0.0
product.Seral.area.regenerating.CWHvm_CW_HW_M.CC,25,250,10,0.0,10000.0,1.0,1.0,0.0,0.0,0.0
product.Seral.area.regenerating.CWHvm_CW_HW_M.CC,26,260,10,0.0,10000.0,1.0,1.0,0.0,0.0,0.0
product.Seral.area.regenerating.CWHvm_CW_HW_M.CC,27,270,10,0.0,10000.0,1.0,1.0,0.0,0.0,0.0
product.Seral.area.regenerating.CWHvm_CW_HW_M.CC,28,280,10,0.0,10000.0,1.0,1.0,0.0,0.0,0.0
product.Seral.area.regenerating.CWHvm_CW_HW_M.CC,29,290,10,0.0,10000.0,1.0,1.0,0.0,0.0,0.0
product.Seral.area.regenerating.CWHvm_CW_HW_M.CC,30,300,10,0.0,10000.0,1.0,1.0,0.0,0.0,0.0
product.Seral.area.regenerating.CWHvm_CW_PLC_M.CC,0,0,10,0.0,10000.0,1.0,1.0,0.0,0.0,0.0
product.Seral.area.regenerating.CWHvm_CW_PLC_M.CC,1,10,10,0.0,10000.0,1.0,1.0,0.0,0.0,0.0
product.Seral.area.regenerating.CWHvm_CW_PLC_M.CC,2,20,10,0.0,10000.0,1.0,1.0,0.0,0.0,0.0
product.Seral.area.regenerating.CWHvm_CW_PLC_M.CC,3,30,10,0.0,10000.0,1.0,1.0,0.0,0.0,0.0
product.Seral.area.regenerating.CWHvm_CW_PLC_M.CC,4,40,10,0.0,10000.0,1.0,1.0,0.0,0.0,0.0
product.Seral.area.regenerating.CWHvm_CW_PLC_M.CC,5,50,10,0.0,10000.0,1.0,1.0,0.0,0.0,0.0
product.Seral.area.regenerating.CWHvm_CW_PLC_M.CC,6,60,10,0.0,10000.0,1.0,1.0,0.0,0.0,0.0
product.Seral.area.regenerating.CWHvm_CW_PLC_M.CC,7,70,10,0.0,10000.0,1.0,1.0,0.0,0.0,0.0
product.Seral.area.regenerating.CWHvm_CW_PLC_M.CC,8,80,10,0.0,10000.0,1.0,1.0,0.0,0.0,0.0
product.Seral.area.regenerating.CWHvm_CW_PLC_M.CC,9,90,10,0.0,10000.0,1.0,1.0,0.0,0.0,0.0
product.Seral.area.regenerating.CWHvm_CW_PLC_M.CC,10,100,10,0.0,10000.0,1.0,1.0,0.0,0.0,0.0
product.Seral.area.regenerating.CWHvm_CW_PLC_M.CC,11,110,10,0.0,10000.0,1.0,1.0,0.0,0.0,0.0
product.Seral.area.regenerating.CWHvm_CW_PLC_M.CC,12,120,10,0.0,10000.0,1.0,1.0,0.0,0.0,0.0
product.Seral.area.regenerating.CWHvm_CW_PLC_M.CC,13,130,10,0.0,10000.0,1.0,1.0,0.0,0.0,0.0
product.Seral.area.regenerating.CWHvm_CW_PLC_M.CC,14,140,10,0.0,10000.0,1.0,1.0,0.0,0.0,0.0
product.Seral.area.regenerating.CWHvm_CW_PLC_M.CC,15,150,10,0.0,10000.0,1.0,1.0,0.0,0.0,0.0
product.Seral.area.regenerating.CWHvm_CW_PLC_M.CC,16,160,10,0.0,10000.0,1.0,1.0,0.0,0.0,0.0
product.Seral.area.regenerating.CWHvm_CW_PLC_M.CC,17,170,10,0.0,10000.0,1.0,1.0,0.0,0.0,0.0
product.Seral.area.regenerating.CWHvm_CW_PLC_M.CC,18,180,10,0.0,10000.0,1.0,1.0,0.0,0.0,0.0
product.Seral.area.regenerating.CWHvm_CW_PLC_M.CC,19,190,10,0.0,10000.0,1.0,1.0,0.0,0.0,0.0
product.Seral.area.regenerating.CWHvm_CW_PLC_M.CC,20,200,10,0.0,10000.0,1.0,1.0,0.0,0.0,0.0
product.Seral.area.regenerating.CWHvm_CW_PLC_M.CC,21,210,10,0.0,10000.0,1.0,1.0,0.0,0.0,0.0
product.Seral.area.regenerating.CWHvm_CW_PLC_M.CC,22,220,10,0.0,10000.0,1.0,1.0,0.0,0.0,0.0
product.Seral.area.regenerating.CWHvm_CW_PLC_M.CC,23,230,10,0.0,10000.0,1.0,1.0,0.0,0.0,0.0
product.Seral.area.regenerating.CWHvm_CW_PLC_M.CC,24,240,10,0.0,10000.0,1.0,1.0,0.0,0.0,0.0
product.Seral.area.regenerating.CWHvm_CW_PLC_M.CC,25,250,10,0.0,10000.0,1.0,1.0,0.0,0.0,0.0
product.Seral.area.regenerating.CWHvm_CW_PLC_M.CC,26,260,10,0.0,10000.0,1.0,1.0,0.0,0.0,0.0
product.Seral.area.regenerating.CWHvm_CW_PLC_M.CC,27,270,10,0.0,10000.0,1.0,1.0,0.0,0.0,0.0
product.Seral.area.regenerating.CWHvm_CW_PLC_M.CC,28,280,10,0.0,10000.0,1.0,1.0,0.0,0.0,0.0
product.Seral.area.regenerating.CWHvm_CW_PLC_M.CC,29,290,10,0.0,10000.0,1.0,1.0,0.0,0.0,0.0
product.Seral.area.regenerating.CWHvm_CW_PLC_M.CC,30,300,10,0.0,10000.0,1.0,1.0,0.0,0.0,0.0
product.Seral.area.regenerating.CWHvm_CW_YC_M.CC,0,0,10,0.0,10000.0,1.0,1.0,0.0,0.0,0.0
product.Seral.area.regenerating.CWHvm_CW_YC_M.CC,1,10,10,0.0,10000.0,1.0,1.0,0.0,0.0,0.0
product.Seral.area.regenerating.CWHvm_CW_YC_M.CC,2,20,10,0.0,10000.0,1.0,1.0,0.0,0.0,0.0
product.Seral.area.regenerating.CWHvm_CW_YC_M.CC,3,30,10,0.0,10000.0,1.0,1.0,0.0,0.0,0.0
product.Seral.area.regenerating.CWHvm_CW_YC_M.CC,4,40,10,0.0,10000.0,1.0,1.0,0.0,0.0,0.0
product.Seral.area.regenerating.CWHvm_CW_YC_M.CC,5,50,10,0.0,10000.0,1.0,1.0,0.0,0.0,0.0
product.Seral.area.regenerating.CWHvm_CW_YC_M.CC,6,60,10,0.0,10000.0,1.0,1.0,0.0,0.0,0.0
product.Seral.area.regenerating.CWHvm_CW_YC_M.CC,7,70,10,0.0,10000.0,1.0,1.0,0.0,0.0,0.0
product.Seral.area.regenerating.CWHvm_CW_YC_M.CC,8,80,10,0.0,10000.0,1.0,1.0,0.0,0.0,0.0
product.Seral.area.regenerating.CWHvm_CW_YC_M.CC,9,90,10,0.0,10000.0,1.0,1.0,0.0,0.0,0.0
product.Seral.area.regenerating.CWHvm_CW_YC_M.CC,10,100,10,0.0,10000.0,1.0,1.0,0.0,0.0,0.0
product.Seral.area.regenerating.CWHvm_CW_YC_M.CC,11,110,10,0.0,10000.0,1.0,1.0,0.0,0.0,0.0
product.Seral.area.regenerating.CWHvm_CW_YC_M.CC,12,120,10,0.0,10000.0,1.0,1.0,0.0,0.0,0.0
product.Seral.area.regenerating.CWHvm_CW_YC_M.CC,13,130,10,0.0,10000.0,1.0,1.0,0.0,0.0,0.0
product.Seral.area.regenerating.CWHvm_CW_YC_M.CC,14,140,10,0.0,10000.0,1.0,1.0,0.0,0.0,0.0
product.Seral.area.regenerating.CWHvm_CW_YC_M.CC,15,150,10,0.0,10000.0,1.0,1.0,0.0,0.0,0.0
product.Seral.area.regenerating.CWHvm_CW_YC_M.CC,16,160,10,0.0,10000.0,1.0,1.0,0.0,0.0,0.0
product.Seral.area.regenerating.CWHvm_CW_YC_M.CC,17,170,10,0.0,10000.0,1.0,1.0,0.0,0.0,0.0
product.Seral.area.regenerating.CWHvm_CW_YC_M.CC,18,180,10,0.0,10000.0,1.0,1.0,0.0,0.0,0.0
product.Seral.area.regenerating.CWHvm_CW_YC_M.CC,19,190,10,0.0,10000.0,1.0,1.0,0.0,0.0,0.0
product.Seral.area.regenerating.CWHvm_CW_YC_M.CC,20,200,10,0.0,10000.0,1.0,1.0,0.0,0.0,0.0
product.Seral.area.regenerating.CWHvm_CW_YC_M.CC,21,210,10,0.0,10000.0,1.0,1.0,0.0,0.0,0.0
product.Seral.area.regenerating.CWHvm_CW_YC_M.CC,22,220,10,0.0,10000.0,1.0,1.0,0.0,0.0,0.0
product.Seral.area.regenerating.CWHvm_CW_YC_M.CC,23,230,10,0.0,10000.0,1.0,1.0,0.0,0.0,0.0
product.Seral.area.regenerating.CWHvm_CW_YC_M.CC,24,240,10,0.0,10000.0,1.0,1.0,0.0,0.0,0.0
product.Seral.area.regenerating.CWHvm_CW_YC_M.CC,25,250,10,0.0,10000.0,1.0,1.0,0.0,0.0,0.0
product.Seral.area.regenerating.CWHvm_CW_YC_M.CC,26,260,10,0.0,10000.0,1.0,1.0,0.0,0.0,0.0
product.Seral.area.regenerating.CWHvm_CW_YC_M.CC,27,270,10,0.0,10000.0,1.0,1.0,0.0,0.0,0.0
product.Seral.area.regenerating.CWHvm_CW_YC_M.CC,28,280,10,0.0,10000.0,1.0,1.0,0.0,0.0,0.0
product.Seral.area.regenerating.CWHvm_CW_YC_M.CC,29,290,10,0.0,10000.0,1.0,1.0,0.0,0.0,0.0
product.Seral.area.regenerating.CWHvm_CW_YC_M.CC,30,300,10,0.0,10000.0,1.0,1.0,0.0,0.0,0.0
product.Seral.area.regenerating.CWHvm_DR_HW_M.CC,0,0,10,0.0,10000.0,1.0,1.0,0.0,0.0,0.0
product.Seral.area.regenerating.CWHvm_DR_HW_M.CC,1,10,10,0.0,10000.0,1.0,1.0,0.0,0.0,0.0
product.Seral.area.regenerating.CWHvm_DR_HW_M.CC,2,20,10,0.0,10000.0,1.0,1.0,0.0,0.0,0.0
product.Seral.area.regenerating.CWHvm_DR_HW_M.CC,3,30,10,0.0,10000.0,1.0,1.0,0.0,0.0,0.0
product.Seral.area.regenerating.CWHvm_DR_HW_M.CC,4,40,10,0.0,10000.0,1.0,1.0,0.0,0.0,0.0
product.Seral.area.regenerating.CWHvm_DR_HW_M.CC,5,50,10,0.0,10000.0,1.0,1.0,0.0,0.0,0.0
product.Seral.area.regenerating.CWHvm_DR_HW_M.CC,6,60,10,0.0,10000.0,1.0,1.0,0.0,0.0,0.0
product.Seral.area.regenerating.CWHvm_DR_HW_M.CC,7,70,10,0.0,10000.0,1.0,1.0,0.0,0.0,0.0
product.Seral.area.regenerating.CWHvm_DR_HW_M.CC,8,80,10,0.0,10000.0,1.0,1.0,0.0,0.0,0.0
product.Seral.area.regenerating.CWHvm_DR_HW_M.CC,9,90,10,0.0,10000.0,1.0,1.0,0.0,0.0,0.0
product.Seral.area.regenerating.CWHvm_DR_HW_M.CC,10,100,10,0.0,10000.0,1.0,1.0,0.0,0.0,0.0
product.Seral.area.regenerating.CWHvm_DR_HW_M.CC,11,110,10,0.0,10000.0,1.0,1.0,0.0,0.0,0.0
product.Seral.area.regenerating.CWHvm_DR_HW_M.CC,12,120,10,0.0,10000.0,1.0,1.0,0.0,0.0,0.0
product.Seral.area.regenerating.CWHvm_DR_HW_M.CC,13,130,10,0.0,10000.0,1.0,1.0,0.0,0.0,0.0
product.Seral.area.regenerating.CWHvm_DR_HW_M.CC,14,140,10,0.0,10000.0,1.0,1.0,0.0,0.0,0.0
product.Seral.area.regenerating.CWHvm_DR_HW_M.CC,15,150,10,0.0,10000.0,1.0,1.0,0.0,0.0,0.0
product.Seral.area.regenerating.CWHvm_DR_HW_M.CC,16,160,10,0.0,10000.0,1.0,1.0,0.0,0.0,0.0
product.Seral.area.regenerating.CWHvm_DR_HW_M.CC,17,170,10,0.0,10000.0,1.0,1.0,0.0,0.0,0.0
product.Seral.area.regenerating.CWHvm_DR_HW_M.CC,18,180,10,0.0,10000.0,1.0,1.0,0.0,0.0,0.0
product.Seral.area.regenerating.CWHvm_DR_HW_M.CC,19,190,10,0.0,10000.0,1.0,1.0,0.0,0.0,0.0
product.Seral.area.regenerating.CWHvm_DR_HW_M.CC,20,200,10,0.0,10000.0,1.0,1.0,0.0,0.0,0.0
product.Seral.area.regenerating.CWHvm_DR_HW_M.CC,21,210,10,0.0,10000.0,1.0,1.0,0.0,0.0,0.0
product.Seral.area.regenerating.CWHvm_DR_HW_M.CC,22,220,10,0.0,10000.0,1.0,1.0,0.0,0.0,0.0
product.Seral.area.regenerating.CWHvm_DR_HW_M.CC,23,230,10,0.0,10000.0,1.0,1.0,0.0,0.0,0.0
product.Seral.area.regenerating.CWHvm_DR_HW_M.CC,24,240,10,0.0,10000.0,1.0,1.0,0.0,0.0,0.0
product.Seral.area.regenerating.CWHvm_DR_HW_M.CC,25,250,10,0.0,10000.0,1.0,1.0,0.0,0.0,0.0
product.Seral.area.regenerating.CWHvm_DR_HW_M.CC,26,260,10,0.0,10000.0,1.0,1.0,0.0,0.0,0.0
product.Seral.area.regenerating.CWHvm_DR_HW_M.CC,27,270,10,0.0,10000.0,1.0,1.0,0.0,0.0,0.0
product.Seral.area.regenerating.CWHvm_DR_HW_M.CC,28,280,10,0.0,10000.0,1.0,1.0,0.0,0.0,0.0
product.Seral.area.regenerating.CWHvm_DR_HW_M.CC,29,290,10,0.0,10000.0,1.0,1.0,0.0,0.0,0.0
product.Seral.area.regenerating.CWHvm_DR_HW_M.CC,30,300,10,0.0,10000.0,1.0,1.0,0.0,0.0,0.0
product.Seral.area.regenerating.CWHvm_FDC_HW_H.CC,0,0,10,0.0,10000.0,1.0,1.0,0.0,0.0,0.0
product.Seral.area.regenerating.CWHvm_FDC_HW_H.CC,1,10,10,0.0,10000.0,1.0,1.0,0.0,0.0,0.0
product.Seral.area.regenerating.CWHvm_FDC_HW_H.CC,2,20,10,0.0,10000.0,1.0,1.0,0.0,0.0,0.0
product.Seral.area.regenerating.CWHvm_FDC_HW_H.CC,3,30,10,0.0,10000.0,1.0,1.0,0.0,0.0,0.0
product.Seral.area.regenerating.CWHvm_FDC_HW_H.CC,4,40,10,0.0,10000.0,1.0,1.0,0.0,0.0,0.0
product.Seral.area.regenerating.CWHvm_FDC_HW_H.CC,5,50,10,0.0,10000.0,1.0,1.0,0.0,0.0,0.0
product.Seral.area.regenerating.CWHvm_FDC_HW_H.CC,6,60,10,0.0,10000.0,1.0,1.0,0.0,0.0,0.0
product.Seral.area.regenerating.CWHvm_FDC_HW_H.CC,7,70,10,0.0,10000.0,1.0,1.0,0.0,0.0,0.0
product.Seral.area.regenerating.CWHvm_FDC_HW_H.CC,8,80,10,0.0,10000.0,1.0,1.0,0.0,0.0,0.0
product.Seral.area.regenerating.CWHvm_FDC_HW_H.CC,9,90,10,0.0,10000.0,1.0,1.0,0.0,0.0,0.0
product.Seral.area.regenerating.CWHvm_FDC_HW_H.CC,10,100,10,0.0,10000.0,1.0,1.0,0.0,0.0,0.0
product.Seral.area.regenerating.CWHvm_FDC_HW_H.CC,11,110,10,0.0,10000.0,1.0,1.0,0.0,0.0,0.0
product.Seral.area.regenerating.CWHvm_FDC_HW_H.CC,12,120,10,0.0,10000.0,1.0,1.0,0.0,0.0,0.0
product.Seral.area.regenerating.CWHvm_FDC_HW_H.CC,13,130,10,0.0,10000.0,1.0,1.0,0.0,0.0,0.0
product.Seral.area.regenerating.CWHvm_FDC_HW_H.CC,14,140,10,0.0,10000.0,1.0,1.0,0.0,0.0,0.0
product.Seral.area.regenerating.CWHvm_FDC_HW_H.CC,15,150,10,0.0,10000.0,1.0,1.0,0.0,0.0,0.0
product.Seral.area.regenerating.CWHvm_FDC_HW_H.CC,16,160,10,0.0,10000.0,1.0,1.0,0.0,0.0,0.0
product.Seral.area.regenerating.CWHvm_FDC_HW_H.CC,17,170,10,0.0,10000.0,1.0,1.0,0.0,0.0,0.0
product.Seral.area.regenerating.CWHvm_FDC_HW_H.CC,18,180,10,0.0,10000.0,1.0,1.0,0.0,0.0,0.0
product.Seral.area.regenerating.CWHvm_FDC_HW_H.CC,19,190,10,0.0,10000.0,1.0,1.0,0.0,0.0,0.0
product.Seral.area.regenerating.CWHvm_FDC_HW_H.CC,20,200,10,0.0,10000.0,1.0,1.0,0.0,0.0,0.0
product.Seral.area.regenerating.CWHvm_FDC_HW_H.CC,21,210,10,0.0,10000.0,1.0,1.0,0.0,0.0,0.0
product.Seral.area.regenerating.CWHvm_FDC_HW_H.CC,22,220,10,0.0,10000.0,1.0,1.0,0.0,0.0,0.0
product.Seral.area.regenerating.CWHvm_FDC_HW_H.CC,23,230,10,0.0,10000.0,1.0,1.0,0.0,0.0,0.0
product.Seral.area.regenerating.CWHvm_FDC_HW_H.CC,24,240,10,0.0,10000.0,1.0,1.0,0.0,0.0,0.0
product.Seral.area.regenerating.CWHvm_FDC_HW_H.CC,25,250,10,0.0,10000.0,1.0,1.0,0.0,0.0,0.0
product.Seral.area.regenerating.CWHvm_FDC_HW_H.CC,26,260,10,0.0,10000.0,1.0,1.0,0.0,0.0,0.0
product.Seral.area.regenerating.CWHvm_FDC_HW_H.CC,27,270,10,0.0,10000.0,1.0,1.0,0.0,0.0,0.0
product.Seral.area.regenerating.CWHvm_FDC_HW_H.CC,28,280,10,0.0,10000.0,1.0,1.0,0.0,0.0,0.0
product.Seral.area.regenerating.CWHvm_FDC_HW_H.CC,29,290,10,0.0,10000.0,1.0,1.0,0.0,0.0,0.0
product.Seral.area.regenerating.CWHvm_FDC_HW_H.CC,30,300,10,0.0,10000.0,1.0,1.0,0.0,0.0,0.0
product.Seral.area.regenerating.CWHvm_FDC_HW_L.CC,0,0,10,0.0,10000.0,1.0,1.0,0.0,0.0,0.0
product.Seral.area.regenerating.CWHvm_FDC_HW_L.CC,1,10,10,0.0,10000.0,1.0,1.0,0.0,0.0,0.0
product.Seral.area.regenerating.CWHvm_FDC_HW_L.CC,2,20,10,0.0,10000.0,1.0,1.0,0.0,0.0,0.0
product.Seral.area.regenerating.CWHvm_FDC_HW_L.CC,3,30,10,0.0,10000.0,1.0,1.0,0.0,0.0,0.0
product.Seral.area.regenerating.CWHvm_FDC_HW_L.CC,4,40,10,0.0,10000.0,1.0,1.0,0.0,0.0,0.0
product.Seral.area.regenerating.CWHvm_FDC_HW_L.CC,5,50,10,0.0,10000.0,1.0,1.0,0.0,0.0,0.0
product.Seral.area.regenerating.CWHvm_FDC_HW_L.CC,6,60,10,0.0,10000.0,1.0,1.0,0.0,0.0,0.0
product.Seral.area.regenerating.CWHvm_FDC_HW_L.CC,7,70,10,0.0,10000.0,1.0,1.0,0.0,0.0,0.0
product.Seral.area.regenerating.CWHvm_FDC_HW_L.CC,8,80,10,0.0,10000.0,1.0,1.0,0.0,0.0,0.0
product.Seral.area.regenerating.CWHvm_FDC_HW_L.CC,9,90,10,0.0,10000.0,1.0,1.0,0.0,0.0,0.0
product.Seral.area.regenerating.CWHvm_FDC_HW_L.CC,10,100,10,0.0,10000.0,1.0,1.0,0.0,0.0,0.0
product.Seral.area.regenerating.CWHvm_FDC_HW_L.CC,11,110,10,0.0,10000.0,1.0,1.0,0.0,0.0,0.0
product.Seral.area.regenerating.CWHvm_FDC_HW_L.CC,12,120,10,0.0,10000.0,1.0,1.0,0.0,0.0,0.0
product.Seral.area.regenerating.CWHvm_FDC_HW_L.CC,13,130,10,0.0,10000.0,1.0,1.0,0.0,0.0,0.0
product.Seral.area.regenerating.CWHvm_FDC_HW_L.CC,14,140,10,0.0,10000.0,1.0,1.0,0.0,0.0,0.0
product.Seral.area.regenerating.CWHvm_FDC_HW_L.CC,15,150,10,0.0,10000.0,1.0,1.0,0.0,0.0,0.0
product.Seral.area.regenerating.CWHvm_FDC_HW_L.CC,16,160,10,0.0,10000.0,1.0,1.0,0.0,0.0,0.0
product.Seral.area.regenerating.CWHvm_FDC_HW_L.CC,17,170,10,0.0,10000.0,1.0,1.0,0.0,0.0,0.0
product.Seral.area.regenerating.CWHvm_FDC_HW_L.CC,18,180,10,0.0,10000.0,1.0,1.0,0.0,0.0,0.0
product.Seral.area.regenerating.CWHvm_FDC_HW_L.CC,19,190,10,0.0,10000.0,1.0,1.0,0.0,0.0,0.0
product.Seral.area.regenerating.CWHvm_FDC_HW_L.CC,20,200,10,0.0,10000.0,1.0,1.0,0.0,0.0,0.0
product.Seral.area.regenerating.CWHvm_FDC_HW_L.CC,21,210,10,0.0,10000.0,1.0,1.0,0.0,0.0,0.0
product.Seral.area.regenerating.CWHvm_FDC_HW_L.CC,22,220,10,0.0,10000.0,1.0,1.0,0.0,0.0,0.0
product.Seral.area.regenerating.CWHvm_FDC_HW_L.CC,23,230,10,0.0,10000.0,1.0,1.0,0.0,0.0,0.0
product.Seral.area.regenerating.CWHvm_FDC_HW_L.CC,24,240,10,0.0,10000.0,1.0,1.0,0.0,0.0,0.0
product.Seral.area.regenerating.CWHvm_FDC_HW_L.CC,25,250,10,0.0,10000.0,1.0,1.0,0.0,0.0,0.0
product.Seral.area.regenerating.CWHvm_FDC_HW_L.CC,26,260,10,0.0,10000.0,1.0,1.0,0.0,0.0,0.0
product.Seral.area.regenerating.CWHvm_FDC_HW_L.CC,27,270,10,0.0,10000.0,1.0,1.0,0.0,0.0,0.0
product.Seral.area.regenerating.CWHvm_FDC_HW_L.CC,28,280,10,0.0,10000.0,1.0,1.0,0.0,0.0,0.0
product.Seral.area.regenerating.CWHvm_FDC_HW_L.CC,29,290,10,0.0,10000.0,1.0,1.0,0.0,0.0,0.0
product.Seral.area.regenerating.CWHvm_FDC_HW_L.CC,30,300,10,0.0,10000.0,1.0,1.0,0.0,0.0,0.0
product.Seral.area.regenerating.CWHvm_FDC_HW_M.CC,0,0,10,0.0,10000.0,1.0,1.0,0.0,0.0,0.0
product.Seral.area.regenerating.CWHvm_FDC_HW_M.CC,1,10,10,0.0,10000.0,1.0,1.0,0.0,0.0,0.0
product.Seral.area.regenerating.CWHvm_FDC_HW_M.CC,2,20,10,0.0,10000.0,1.0,1.0,0.0,0.0,0.0
product.Seral.area.regenerating.CWHvm_FDC_HW_M.CC,3,30,10,0.0,10000.0,1.0,1.0,0.0,0.0,0.0
product.Seral.area.regenerating.CWHvm_FDC_HW_M.CC,4,40,10,0.0,10000.0,1.0,1.0,0.0,0.0,0.0
product.Seral.area.regenerating.CWHvm_FDC_HW_M.CC,5,50,10,0.0,10000.0,1.0,1.0,0.0,0.0,0.0
product.Seral.area.regenerating.CWHvm_FDC_HW_M.CC,6,60,10,0.0,10000.0,1.0,1.0,0.0,0.0,0.0
product.Seral.area.regenerating.CWHvm_FDC_HW_M.CC,7,70,10,0.0,10000.0,1.0,1.0,0.0,0.0,0.0
product.Seral.area.regenerating.CWHvm_FDC_HW_M.CC,8,80,10,0.0,10000.0,1.0,1.0,0.0,0.0,0.0
product.Seral.area.regenerating.CWHvm_FDC_HW_M.CC,9,90,10,0.0,10000.0,1.0,1.0,0.0,0.0,0.0
product.Seral.area.regenerating.CWHvm_FDC_HW_M.CC,10,100,10,0.0,10000.0,1.0,1.0,0.0,0.0,0.0
product.Seral.area.regenerating.CWHvm_FDC_HW_M.CC,11,110,10,0.0,10000.0,1.0,1.0,0.0,0.0,0.0
product.Seral.area.regenerating.CWHvm_FDC_HW_M.CC,12,120,10,0.0,10000.0,1.0,1.0,0.0,0.0,0.0
product.Seral.area.regenerating.CWHvm_FDC_HW_M.CC,13,130,10,0.0,10000.0,1.0,1.0,0.0,0.0,0.0
product.Seral.area.regenerating.CWHvm_FDC_HW_M.CC,14,140,10,0.0,10000.0,1.0,1.0,0.0,0.0,0.0
product.Seral.area.regenerating.CWHvm_FDC_HW_M.CC,15,150,10,0.0,10000.0,1.0,1.0,0.0,0.0,0.0
product.Seral.area.regenerating.CWHvm_FDC_HW_M.CC,16,160,10,0.0,10000.0,1.0,1.0,0.0,0.0,0.0
product.Seral.area.regenerating.CWHvm_FDC_HW_M.CC,17,170,10,0.0,10000.0,1.0,1.0,0.0,0.0,0.0
product.Seral.area.regenerating.CWHvm_FDC_HW_M.CC,18,180,10,0.0,10000.0,1.0,1.0,0.0,0.0,0.0
product.Seral.area.regenerating.CWHvm_FDC_HW_M.CC,19,190,10,0.0,10000.0,1.0,1.0,0.0,0.0,0.0
product.Seral.area.regenerating.CWHvm_FDC_HW_M.CC,20,200,10,0.0,10000.0,1.0,1.0,0.0,0.0,0.0
product.Seral.area.regenerating.CWHvm_FDC_HW_M.CC,21,210,10,0.0,10000.0,1.0,1.0,0.0,0.0,0.0
product.Seral.area.regenerating.CWHvm_FDC_HW_M.CC,22,220,10,0.0,10000.0,1.0,1.0,0.0,0.0,0.0
product.Seral.area.regenerating.CWHvm_FDC_HW_M.CC,23,230,10,0.0,10000.0,1.0,1.0,0.0,0.0,0.0
product.Seral.area.regenerating.CWHvm_FDC_HW_M.CC,24,240,10,0.0,10000.0,1.0,1.0,0.0,0.0,0.0
product.Seral.area.regenerating.CWHvm_FDC_HW_M.CC,25,250,10,0.0,10000.0,1.0,1.0,0.0,0.0,0.0
product.Seral.area.regenerating.CWHvm_FDC_HW_M.CC,26,260,10,0.0,10000.0,1.0,1.0,0.0,0.0,0.0
product.Seral.area.regenerating.CWHvm_FDC_HW_M.CC,27,270,10,0.0,10000.0,1.0,1.0,0.0,0.0,0.0
product.Seral.area.regenerating.CWHvm_FDC_HW_M.CC,28,280,10,0.0,10000.0,1.0,1.0,0.0,0.0,0.0
product.Seral.area.regenerating.CWHvm_FDC_HW_M.CC,29,290,10,0.0,10000.0,1.0,1.0,0.0,0.0,0.0
product.Seral.area.regenerating.CWHvm_FDC_HW_M.CC,30,300,10,0.0,10000.0,1.0,1.0,0.0,0.0,0.0
product.Seral.area.regenerating.CWHvm_HW_BA_M.CC,0,0,10,0.0,10000.0,1.0,1.0,0.0,0.0,0.0
product.Seral.area.regenerating.CWHvm_HW_BA_M.CC,1,10,10,0.0,10000.0,1.0,1.0,0.0,0.0,0.0
product.Seral.area.regenerating.CWHvm_HW_BA_M.CC,2,20,10,0.0,10000.0,1.0,1.0,0.0,0.0,0.0
product.Seral.area.regenerating.CWHvm_HW_BA_M.CC,3,30,10,0.0,10000.0,1.0,1.0,0.0,0.0,0.0
product.Seral.area.regenerating.CWHvm_HW_BA_M.CC,4,40,10,0.0,10000.0,1.0,1.0,0.0,0.0,0.0
product.Seral.area.regenerating.CWHvm_HW_BA_M.CC,5,50,10,0.0,10000.0,1.0,1.0,0.0,0.0,0.0
product.Seral.area.regenerating.CWHvm_HW_BA_M.CC,6,60,10,0.0,10000.0,1.0,1.0,0.0,0.0,0.0
product.Seral.area.regenerating.CWHvm_HW_BA_M.CC,7,70,10,0.0,10000.0,1.0,1.0,0.0,0.0,0.0
product.Seral.area.regenerating.CWHvm_HW_BA_M.CC,8,80,10,0.0,10000.0,1.0,1.0,0.0,0.0,0.0
product.Seral.area.regenerating.CWHvm_HW_BA_M.CC,9,90,10,0.0,10000.0,1.0,1.0,0.0,0.0,0.0
product.Seral.area.regenerating.CWHvm_HW_BA_M.CC,10,100,10,0.0,10000.0,1.0,1.0,0.0,0.0,0.0
product.Seral.area.regenerating.CWHvm_HW_BA_M.CC,11,110,10,0.0,10000.0,1.0,1.0,0.0,0.0,0.0
product.Seral.area.regenerating.CWHvm_HW_BA_M.CC,12,120,10,0.0,10000.0,1.0,1.0,0.0,0.0,0.0
product.Seral.area.regenerating.CWHvm_HW_BA_M.CC,13,130,10,0.0,10000.0,1.0,1.0,0.0,0.0,0.0
product.Seral.area.regenerating.CWHvm_HW_BA_M.CC,14,140,10,0.0,10000.0,1.0,1.0,0.0,0.0,0.0
product.Seral.area.regenerating.CWHvm_HW_BA_M.CC,15,150,10,0.0,10000.0,1.0,1.0,0.0,0.0,0.0
product.Seral.area.regenerating.CWHvm_HW_BA_M.CC,16,160,10,0.0,10000.0,1.0,1.0,0.0,0.0,0.0
product.Seral.area.regenerating.CWHvm_HW_BA_M.CC,17,170,10,0.0,10000.0,1.0,1.0,0.0,0.0,0.0
product.Seral.area.regenerating.CWHvm_HW_BA_M.CC,18,180,10,0.0,10000.0,1.0,1.0,0.0,0.0,0.0
product.Seral.area.regenerating.CWHvm_HW_BA_M.CC,19,190,10,0.0,10000.0,1.0,1.0,0.0,0.0,0.0
product.Seral.area.regenerating.CWHvm_HW_BA_M.CC,20,200,10,0.0,10000.0,1.0,1.0,0.0,0.0,0.0
product.Seral.area.regenerating.CWHvm_HW_BA_M.CC,21,210,10,0.0,10000.0,1.0,1.0,0.0,0.0,0.0
product.Seral.area.regenerating.CWHvm_HW_BA_M.CC,22,220,10,0.0,10000.0,1.0,1.0,0.0,0.0,0.0
product.Seral.area.regenerating.CWHvm_HW_BA_M.CC,23,230,10,0.0,10000.0,1.0,1.0,0.0,0.0,0.0
product.Seral.area.regenerating.CWHvm_HW_BA_M.CC,24,240,10,0.0,10000.0,1.0,1.0,0.0,0.0,0.0
product.Seral.area.regenerating.CWHvm_HW_BA_M.CC,25,250,10,0.0,10000.0,1.0,1.0,0.0,0.0,0.0
product.Seral.area.regenerating.CWHvm_HW_BA_M.CC,26,260,10,0.0,10000.0,1.0,1.0,0.0,0.0,0.0
product.Seral.area.regenerating.CWHvm_HW_BA_M.CC,27,270,10,0.0,10000.0,1.0,1.0,0.0,0.0,0.0
product.Seral.area.regenerating.CWHvm_HW_BA_M.CC,28,280,10,0.0,10000.0,1.0,1.0,0.0,0.0,0.0
product.Seral.area.regenerating.CWHvm_HW_BA_M.CC,29,290,10,0.0,10000.0,1.0,1.0,0.0,0.0,0.0
product.Seral.area.regenerating.CWHvm_HW_BA_M.CC,30,300,10,0.0,10000.0,1.0,1.0,0.0,0.0,0.0
product.Seral.area.regenerating.CWHvm_HW_CW_H.CC,0,0,10,0.0,10000.0,1.0,1.0,0.0,0.0,0.0
product.Seral.area.regenerating.CWHvm_HW_CW_H.CC,1,10,10,0.0,10000.0,1.0,1.0,0.0,0.0,0.0
product.Seral.area.regenerating.CWHvm_HW_CW_H.CC,2,20,10,0.0,10000.0,1.0,1.0,0.0,0.0,0.0
product.Seral.area.regenerating.CWHvm_HW_CW_H.CC,3,30,10,0.0,10000.0,1.0,1.0,0.0,0.0,0.0
product.Seral.area.regenerating.CWHvm_HW_CW_H.CC,4,40,10,0.0,10000.0,1.0,1.0,0.0,0.0,0.0
product.Seral.area.regenerating.CWHvm_HW_CW_H.CC,5,50,10,0.0,10000.0,1.0,1.0,0.0,0.0,0.0
product.Seral.area.regenerating.CWHvm_HW_CW_H.CC,6,60,10,0.0,10000.0,1.0,1.0,0.0,0.0,0.0
product.Seral.area.regenerating.CWHvm_HW_CW_H.CC,7,70,10,0.0,10000.0,1.0,1.0,0.0,0.0,0.0
product.Seral.area.regenerating.CWHvm_HW_CW_H.CC,8,80,10,0.0,10000.0,1.0,1.0,0.0,0.0,0.0
product.Seral.area.regenerating.CWHvm_HW_CW_H.CC,9,90,10,0.0,10000.0,1.0,1.0,0.0,0.0,0.0
product.Seral.area.regenerating.CWHvm_HW_CW_H.CC,10,100,10,0.0,10000.0,1.0,1.0,0.0,0.0,0.0
product.Seral.area.regenerating.CWHvm_HW_CW_H.CC,11,110,10,0.0,10000.0,1.0,1.0,0.0,0.0,0.0
product.Seral.area.regenerating.CWHvm_HW_CW_H.CC,12,120,10,0.0,10000.0,1.0,1.0,0.0,0.0,0.0
product.Seral.area.regenerating.CWHvm_HW_CW_H.CC,13,130,10,0.0,10000.0,1.0,1.0,0.0,0.0,0.0
product.Seral.area.regenerating.CWHvm_HW_CW_H.CC,14,140,10,0.0,10000.0,1.0,1.0,0.0,0.0,0.0
product.Seral.area.regenerating.CWHvm_HW_CW_H.CC,15,150,10,0.0,10000.0,1.0,1.0,0.0,0.0,0.0
product.Seral.area.regenerating.CWHvm_HW_CW_H.CC,16,160,10,0.0,10000.0,1.0,1.0,0.0,0.0,0.0
product.Seral.area.regenerating.CWHvm_HW_CW_H.CC,17,170,10,0.0,10000.0,1.0,1.0,0.0,0.0,0.0
product.Seral.area.regenerating.CWHvm_HW_CW_H.CC,18,180,10,0.0,10000.0,1.0,1.0,0.0,0.0,0.0
product.Seral.area.regenerating.CWHvm_HW_CW_H.CC,19,190,10,0.0,10000.0,1.0,1.0,0.0,0.0,0.0
product.Seral.area.regenerating.CWHvm_HW_CW_H.CC,20,200,10,0.0,10000.0,1.0,1.0,0.0,0.0,0.0
product.Seral.area.regenerating.CWHvm_HW_CW_H.CC,21,210,10,0.0,10000.0,1.0,1.0,0.0,0.0,0.0
product.Seral.area.regenerating.CWHvm_HW_CW_H.CC,22,220,10,0.0,10000.0,1.0,1.0,0.0,0.0,0.0
product.Seral.area.regenerating.CWHvm_HW_CW_H.CC,23,230,10,0.0,10000.0,1.0,1.0,0.0,0.0,0.0
product.Seral.area.regenerating.CWHvm_HW_CW_H.CC,24,240,10,0.0,10000.0,1.0,1.0,0.0,0.0,0.0
product.Seral.area.regenerating.CWHvm_HW_CW_H.CC,25,250,10,0.0,10000.0,1.0,1.0,0.0,0.0,0.0
product.Seral.area.regenerating.CWHvm_HW_CW_H.CC,26,260,10,0.0,10000.0,1.0,1.0,0.0,0.0,0.0
product.Seral.area.regenerating.CWHvm_HW_CW_H.CC,27,270,10,0.0,10000.0,1.0,1.0,0.0,0.0,0.0
product.Seral.area.regenerating.CWHvm_HW_CW_H.CC,28,280,10,0.0,10000.0,1.0,1.0,0.0,0.0,0.0
product.Seral.area.regenerating.CWHvm_HW_CW_H.CC,29,290,10,0.0,10000.0,1.0,1.0,0.0,0.0,0.0
product.Seral.area.regenerating.CWHvm_HW_CW_H.CC,30,300,10,0.0,10000.0,1.0,1.0,0.0,0.0,0.0
product.Seral.area.regenerating.CWHvm_HW_CW_L.CC,0,0,10,0.0,10000.0,1.0,1.0,0.0,0.0,0.0
product.Seral.area.regenerating.CWHvm_HW_CW_L.CC,1,10,10,0.0,10000.0,1.0,1.0,0.0,0.0,0.0
product.Seral.area.regenerating.CWHvm_HW_CW_L.CC,2,20,10,0.0,10000.0,1.0,1.0,0.0,0.0,0.0
product.Seral.area.regenerating.CWHvm_HW_CW_L.CC,3,30,10,0.0,10000.0,1.0,1.0,0.0,0.0,0.0
product.Seral.area.regenerating.CWHvm_HW_CW_L.CC,4,40,10,0.0,10000.0,1.0,1.0,0.0,0.0,0.0
product.Seral.area.regenerating.CWHvm_HW_CW_L.CC,5,50,10,0.0,10000.0,1.0,1.0,0.0,0.0,0.0
product.Seral.area.regenerating.CWHvm_HW_CW_L.CC,6,60,10,0.0,10000.0,1.0,1.0,0.0,0.0,0.0
product.Seral.area.regenerating.CWHvm_HW_CW_L.CC,7,70,10,0.0,10000.0,1.0,1.0,0.0,0.0,0.0
product.Seral.area.regenerating.CWHvm_HW_CW_L.CC,8,80,10,0.0,10000.0,1.0,1.0,0.0,0.0,0.0
product.Seral.area.regenerating.CWHvm_HW_CW_L.CC,9,90,10,0.0,10000.0,1.0,1.0,0.0,0.0,0.0
product.Seral.area.regenerating.CWHvm_HW_CW_L.CC,10,100,10,0.0,10000.0,1.0,1.0,0.0,0.0,0.0
product.Seral.area.regenerating.CWHvm_HW_CW_L.CC,11,110,10,0.0,10000.0,1.0,1.0,0.0,0.0,0.0
product.Seral.area.regenerating.CWHvm_HW_CW_L.CC,12,120,10,0.0,10000.0,1.0,1.0,0.0,0.0,0.0
product.Seral.area.regenerating.CWHvm_HW_CW_L.CC,13,130,10,0.0,10000.0,1.0,1.0,0.0,0.0,0.0
product.Seral.area.regenerating.CWHvm_HW_CW_L.CC,14,140,10,0.0,10000.0,1.0,1.0,0.0,0.0,0.0
product.Seral.area.regenerating.CWHvm_HW_CW_L.CC,15,150,10,0.0,10000.0,1.0,1.0,0.0,0.0,0.0
product.Seral.area.regenerating.CWHvm_HW_CW_L.CC,16,160,10,0.0,10000.0,1.0,1.0,0.0,0.0,0.0
product.Seral.area.regenerating.CWHvm_HW_CW_L.CC,17,170,10,0.0,10000.0,1.0,1.0,0.0,0.0,0.0
product.Seral.area.regenerating.CWHvm_HW_CW_L.CC,18,180,10,0.0,10000.0,1.0,1.0,0.0,0.0,0.0
product.Seral.area.regenerating.CWHvm_HW_CW_L.CC,19,190,10,0.0,10000.0,1.0,1.0,0.0,0.0,0.0
product.Seral.area.regenerating.CWHvm_HW_CW_L.CC,20,200,10,0.0,10000.0,1.0,1.0,0.0,0.0,0.0
product.Seral.area.regenerating.CWHvm_HW_CW_L.CC,21,210,10,0.0,10000.0,1.0,1.0,0.0,0.0,0.0
product.Seral.area.regenerating.CWHvm_HW_CW_L.CC,22,220,10,0.0,10000.0,1.0,1.0,0.0,0.0,0.0
product.Seral.area.regenerating.CWHvm_HW_CW_L.CC,23,230,10,0.0,10000.0,1.0,1.0,0.0,0.0,0.0
product.Seral.area.regenerating.CWHvm_HW_CW_L.CC,24,240,10,0.0,10000.0,1.0,1.0,0.0,0.0,0.0
product.Seral.area.regenerating.CWHvm_HW_CW_L.CC,25,250,10,0.0,10000.0,1.0,1.0,0.0,0.0,0.0
product.Seral.area.regenerating.CWHvm_HW_CW_L.CC,26,260,10,0.0,10000.0,1.0,1.0,0.0,0.0,0.0
product.Seral.area.regenerating.CWHvm_HW_CW_L.CC,27,270,10,0.0,10000.0,1.0,1.0,0.0,0.0,0.0
product.Seral.area.regenerating.CWHvm_HW_CW_L.CC,28,280,10,0.0,10000.0,1.0,1.0,0.0,0.0,0.0
product.Seral.area.regenerating.CWHvm_HW_CW_L.CC,29,290,10,0.0,10000.0,1.0,1.0,0.0,0.0,0.0
product.Seral.area.regenerating.CWHvm_HW_CW_L.CC,30,300,10,0.0,10000.0,1.0,1.0,0.0,0.0,0.0
product.Seral.area.regenerating.CWHvm_HW_CW_M.CC,0,0,10,0.0,10000.0,1.0,1.0,0.0,0.0,0.0
product.Seral.area.regenerating.CWHvm_HW_CW_M.CC,1,10,10,0.0,10000.0,1.0,1.0,0.0,0.0,0.0
product.Seral.area.regenerating.CWHvm_HW_CW_M.CC,2,20,10,0.0,10000.0,1.0,1.0,0.0,0.0,0.0
product.Seral.area.regenerating.CWHvm_HW_CW_M.CC,3,30,10,0.0,10000.0,1.0,1.0,0.0,0.0,0.0
product.Seral.area.regenerating.CWHvm_HW_CW_M.CC,4,40,10,0.0,10000.0,1.0,1.0,0.0,0.0,0.0
product.Seral.area.regenerating.CWHvm_HW_CW_M.CC,5,50,10,0.0,10000.0,1.0,1.0,0.0,0.0,0.0
product.Seral.area.regenerating.CWHvm_HW_CW_M.CC,6,60,10,0.0,10000.0,1.0,1.0,0.0,0.0,0.0
product.Seral.area.regenerating.CWHvm_HW_CW_M.CC,7,70,10,0.0,10000.0,1.0,1.0,0.0,0.0,0.0
product.Seral.area.regenerating.CWHvm_HW_CW_M.CC,8,80,10,0.0,10000.0,1.0,1.0,0.0,0.0,0.0
product.Seral.area.regenerating.CWHvm_HW_CW_M.CC,9,90,10,0.0,10000.0,1.0,1.0,0.0,0.0,0.0
product.Seral.area.regenerating.CWHvm_HW_CW_M.CC,10,100,10,0.0,10000.0,1.0,1.0,0.0,0.0,0.0
product.Seral.area.regenerating.CWHvm_HW_CW_M.CC,11,110,10,0.0,10000.0,1.0,1.0,0.0,0.0,0.0
product.Seral.area.regenerating.CWHvm_HW_CW_M.CC,12,120,10,0.0,10000.0,1.0,1.0,0.0,0.0,0.0
product.Seral.area.regenerating.CWHvm_HW_CW_M.CC,13,130,10,0.0,10000.0,1.0,1.0,0.0,0.0,0.0
product.Seral.area.regenerating.CWHvm_HW_CW_M.CC,14,140,10,0.0,10000.0,1.0,1.0,0.0,0.0,0.0
product.Seral.area.regenerating.CWHvm_HW_CW_M.CC,15,150,10,0.0,10000.0,1.0,1.0,0.0,0.0,0.0
product.Seral.area.regenerating.CWHvm_HW_CW_M.CC,16,160,10,0.0,10000.0,1.0,1.0,0.0,0.0,0.0
product.Seral.area.regenerating.CWHvm_HW_CW_M.CC,17,170,10,0.0,10000.0,1.0,1.0,0.0,0.0,0.0
product.Seral.area.regenerating.CWHvm_HW_CW_M.CC,18,180,10,0.0,10000.0,1.0,1.0,0.0,0.0,0.0
product.Seral.area.regenerating.CWHvm_HW_CW_M.CC,19,190,10,0.0,10000.0,1.0,1.0,0.0,0.0,0.0
product.Seral.area.regenerating.CWHvm_HW_CW_M.CC,20,200,10,0.0,10000.0,1.0,1.0,0.0,0.0,0.0
product.Seral.area.regenerating.CWHvm_HW_CW_M.CC,21,210,10,0.0,10000.0,1.0,1.0,0.0,0.0,0.0
product.Seral.area.regenerating.CWHvm_HW_CW_M.CC,22,220,10,0.0,10000.0,1.0,1.0,0.0,0.0,0.0
product.Seral.area.regenerating.CWHvm_HW_CW_M.CC,23,230,10,0.0,10000.0,1.0,1.0,0.0,0.0,0.0
product.Seral.area.regenerating.CWHvm_HW_CW_M.CC,24,240,10,0.0,10000.0,1.0,1.0,0.0,0.0,0.0
product.Seral.area.regenerating.CWHvm_HW_CW_M.CC,25,250,10,0.0,10000.0,1.0,1.0,0.0,0.0,0.0
product.Seral.area.regenerating.CWHvm_HW_CW_M.CC,26,260,10,0.0,10000.0,1.0,1.0,0.0,0.0,0.0
product.Seral.area.regenerating.CWHvm_HW_CW_M.CC,27,270,10,0.0,10000.0,1.0,1.0,0.0,0.0,0.0
product.Seral.area.regenerating.CWHvm_HW_CW_M.CC,28,280,10,0.0,10000.0,1.0,1.0,0.0,0.0,0.0
product.Seral.area.regenerating.CWHvm_HW_CW_M.CC,29,290,10,0.0,10000.0,1.0,1.0,0.0,0.0,0.0
product.Seral.area.regenerating.CWHvm_HW_CW_M.CC,30,300,10,0.0,10000.0,1.0,1.0,0.0,0.0,0.0
product.Seral.area.regenerating.CWHvm_HW_FDC_H.CC,0,0,10,0.0,10000.0,1.0,1.0,0.0,0.0,0.0
product.Seral.area.regenerating.CWHvm_HW_FDC_H.CC,1,10,10,0.0,10000.0,1.0,1.0,0.0,0.0,0.0
product.Seral.area.regenerating.CWHvm_HW_FDC_H.CC,2,20,10,0.0,10000.0,1.0,1.0,0.0,0.0,0.0
product.Seral.area.regenerating.CWHvm_HW_FDC_H.CC,3,30,10,0.0,10000.0,1.0,1.0,0.0,0.0,0.0
product.Seral.area.regenerating.CWHvm_HW_FDC_H.CC,4,40,10,0.0,10000.0,1.0,1.0,0.0,0.0,0.0
product.Seral.area.regenerating.CWHvm_HW_FDC_H.CC,5,50,10,0.0,10000.0,1.0,1.0,0.0,0.0,0.0
product.Seral.area.regenerating.CWHvm_HW_FDC_H.CC,6,60,10,0.0,10000.0,1.0,1.0,0.0,0.0,0.0
product.Seral.area.regenerating.CWHvm_HW_FDC_H.CC,7,70,10,0.0,10000.0,1.0,1.0,0.0,0.0,0.0
product.Seral.area.regenerating.CWHvm_HW_FDC_H.CC,8,80,10,0.0,10000.0,1.0,1.0,0.0,0.0,0.0
product.Seral.area.regenerating.CWHvm_HW_FDC_H.CC,9,90,10,0.0,10000.0,1.0,1.0,0.0,0.0,0.0
product.Seral.area.regenerating.CWHvm_HW_FDC_H.CC,10,100,10,0.0,10000.0,1.0,1.0,0.0,0.0,0.0
product.Seral.area.regenerating.CWHvm_HW_FDC_H.CC,11,110,10,0.0,10000.0,1.0,1.0,0.0,0.0,0.0
product.Seral.area.regenerating.CWHvm_HW_FDC_H.CC,12,120,10,0.0,10000.0,1.0,1.0,0.0,0.0,0.0
product.Seral.area.regenerating.CWHvm_HW_FDC_H.CC,13,130,10,0.0,10000.0,1.0,1.0,0.0,0.0,0.0
product.Seral.area.regenerating.CWHvm_HW_FDC_H.CC,14,140,10,0.0,10000.0,1.0,1.0,0.0,0.0,0.0
product.Seral.area.regenerating.CWHvm_HW_FDC_H.CC,15,150,10,0.0,10000.0,1.0,1.0,0.0,0.0,0.0
product.Seral.area.regenerating.CWHvm_HW_FDC_H.CC,16,160,10,0.0,10000.0,1.0,1.0,0.0,0.0,0.0
product.Seral.area.regenerating.CWHvm_HW_FDC_H.CC,17,170,10,0.0,10000.0,1.0,1.0,0.0,0.0,0.0
product.Seral.area.regenerating.CWHvm_HW_FDC_H.CC,18,180,10,0.0,10000.0,1.0,1.0,0.0,0.0,0.0
product.Seral.area.regenerating.CWHvm_HW_FDC_H.CC,19,190,10,0.0,10000.0,1.0,1.0,0.0,0.0,0.0
product.Seral.area.regenerating.CWHvm_HW_FDC_H.CC,20,200,10,0.0,10000.0,1.0,1.0,0.0,0.0,0.0
product.Seral.area.regenerating.CWHvm_HW_FDC_H.CC,21,210,10,0.0,10000.0,1.0,1.0,0.0,0.0,0.0
product.Seral.area.regenerating.CWHvm_HW_FDC_H.CC,22,220,10,0.0,10000.0,1.0,1.0,0.0,0.0,0.0
product.Seral.area.regenerating.CWHvm_HW_FDC_H.CC,23,230,10,0.0,10000.0,1.0,1.0,0.0,0.0,0.0
product.Seral.area.regenerating.CWHvm_HW_FDC_H.CC,24,240,10,0.0,10000.0,1.0,1.0,0.0,0.0,0.0
product.Seral.area.regenerating.CWHvm_HW_FDC_H.CC,25,250,10,0.0,10000.0,1.0,1.0,0.0,0.0,0.0
product.Seral.area.regenerating.CWHvm_HW_FDC_H.CC,26,260,10,0.0,10000.0,1.0,1.0,0.0,0.0,0.0
product.Seral.area.regenerating.CWHvm_HW_FDC_H.CC,27,270,10,0.0,10000.0,1.0,1.0,0.0,0.0,0.0
product.Seral.area.regenerating.CWHvm_HW_FDC_H.CC,28,280,10,0.0,10000.0,1.0,1.0,0.0,0.0,0.0
product.Seral.area.regenerating.CWHvm_HW_FDC_H.CC,29,290,10,0.0,10000.0,1.0,1.0,0.0,0.0,0.0
product.Seral.area.regenerating.CWHvm_HW_FDC_H.CC,30,300,10,0.0,10000.0,1.0,1.0,0.0,0.0,0.0
product.Seral.area.regenerating.CWHvm_HW_FDC_L.CC,0,0,10,0.0,10000.0,1.0,1.0,0.0,0.0,0.0
product.Seral.area.regenerating.CWHvm_HW_FDC_L.CC,1,10,10,0.0,10000.0,1.0,1.0,0.0,0.0,0.0
product.Seral.area.regenerating.CWHvm_HW_FDC_L.CC,2,20,10,0.0,10000.0,1.0,1.0,0.0,0.0,0.0
product.Seral.area.regenerating.CWHvm_HW_FDC_L.CC,3,30,10,0.0,10000.0,1.0,1.0,0.0,0.0,0.0
product.Seral.area.regenerating.CWHvm_HW_FDC_L.CC,4,40,10,0.0,10000.0,1.0,1.0,0.0,0.0,0.0
product.Seral.area.regenerating.CWHvm_HW_FDC_L.CC,5,50,10,0.0,10000.0,1.0,1.0,0.0,0.0,0.0
product.Seral.area.regenerating.CWHvm_HW_FDC_L.CC,6,60,10,0.0,10000.0,1.0,1.0,0.0,0.0,0.0
product.Seral.area.regenerating.CWHvm_HW_FDC_L.CC,7,70,10,0.0,10000.0,1.0,1.0,0.0,0.0,0.0
product.Seral.area.regenerating.CWHvm_HW_FDC_L.CC,8,80,10,0.0,10000.0,1.0,1.0,0.0,0.0,0.0
product.Seral.area.regenerating.CWHvm_HW_FDC_L.CC,9,90,10,0.0,10000.0,1.0,1.0,0.0,0.0,0.0
product.Seral.area.regenerating.CWHvm_HW_FDC_L.CC,10,100,10,0.0,10000.0,1.0,1.0,0.0,0.0,0.0
product.Seral.area.regenerating.CWHvm_HW_FDC_L.CC,11,110,10,0.0,10000.0,1.0,1.0,0.0,0.0,0.0
product.Seral.area.regenerating.CWHvm_HW_FDC_L.CC,12,120,10,0.0,10000.0,1.0,1.0,0.0,0.0,0.0
product.Seral.area.regenerating.CWHvm_HW_FDC_L.CC,13,130,10,0.0,10000.0,1.0,1.0,0.0,0.0,0.0
product.Seral.area.regenerating.CWHvm_HW_FDC_L.CC,14,140,10,0.0,10000.0,1.0,1.0,0.0,0.0,0.0
product.Seral.area.regenerating.CWHvm_HW_FDC_L.CC,15,150,10,0.0,10000.0,1.0,1.0,0.0,0.0,0.0
product.Seral.area.regenerating.CWHvm_HW_FDC_L.CC,16,160,10,0.0,10000.0,1.0,1.0,0.0,0.0,0.0
product.Seral.area.regenerating.CWHvm_HW_FDC_L.CC,17,170,10,0.0,10000.0,1.0,1.0,0.0,0.0,0.0
product.Seral.area.regenerating.CWHvm_HW_FDC_L.CC,18,180,10,0.0,10000.0,1.0,1.0,0.0,0.0,0.0
product.Seral.area.regenerating.CWHvm_HW_FDC_L.CC,19,190,10,0.0,10000.0,1.0,1.0,0.0,0.0,0.0
product.Seral.area.regenerating.CWHvm_HW_FDC_L.CC,20,200,10,0.0,10000.0,1.0,1.0,0.0,0.0,0.0
product.Seral.area.regenerating.CWHvm_HW_FDC_L.CC,21,210,10,0.0,10000.0,1.0,1.0,0.0,0.0,0.0
product.Seral.area.regenerating.CWHvm_HW_FDC_L.CC,22,220,10,0.0,10000.0,1.0,1.0,0.0,0.0,0.0
product.Seral.area.regenerating.CWHvm_HW_FDC_L.CC,23,230,10,0.0,10000.0,1.0,1.0,0.0,0.0,0.0
product.Seral.area.regenerating.CWHvm_HW_FDC_L.CC,24,240,10,0.0,10000.0,1.0,1.0,0.0,0.0,0.0
product.Seral.area.regenerating.CWHvm_HW_FDC_L.CC,25,250,10,0.0,10000.0,1.0,1.0,0.0,0.0,0.0
product.Seral.area.regenerating.CWHvm_HW_FDC_L.CC,26,260,10,0.0,10000.0,1.0,1.0,0.0,0.0,0.0
product.Seral.area.regenerating.CWHvm_HW_FDC_L.CC,27,270,10,0.0,10000.0,1.0,1.0,0.0,0.0,0.0
product.Seral.area.regenerating.CWHvm_HW_FDC_L.CC,28,280,10,0.0,10000.0,1.0,1.0,0.0,0.0,0.0
product.Seral.area.regenerating.CWHvm_HW_FDC_L.CC,29,290,10,0.0,10000.0,1.0,1.0,0.0,0.0,0.0
product.Seral.area.regenerating.CWHvm_HW_FDC_L.CC,30,300,10,0.0,10000.0,1.0,1.0,0.0,0.0,0.0
product.Seral.area.regenerating.CWHvm_HW_SS_M.CC,0,0,10,0.0,10000.0,1.0,1.0,0.0,0.0,0.0
product.Seral.area.regenerating.CWHvm_HW_SS_M.CC,1,10,10,0.0,10000.0,1.0,1.0,0.0,0.0,0.0
product.Seral.area.regenerating.CWHvm_HW_SS_M.CC,2,20,10,0.0,10000.0,1.0,1.0,0.0,0.0,0.0
product.Seral.area.regenerating.CWHvm_HW_SS_M.CC,3,30,10,0.0,10000.0,1.0,1.0,0.0,0.0,0.0
product.Seral.area.regenerating.CWHvm_HW_SS_M.CC,4,40,10,0.0,10000.0,1.0,1.0,0.0,0.0,0.0
product.Seral.area.regenerating.CWHvm_HW_SS_M.CC,5,50,10,0.0,10000.0,1.0,1.0,0.0,0.0,0.0
product.Seral.area.regenerating.CWHvm_HW_SS_M.CC,6,60,10,0.0,10000.0,1.0,1.0,0.0,0.0,0.0
product.Seral.area.regenerating.CWHvm_HW_SS_M.CC,7,70,10,0.0,10000.0,1.0,1.0,0.0,0.0,0.0
product.Seral.area.regenerating.CWHvm_HW_SS_M.CC,8,80,10,0.0,10000.0,1.0,1.0,0.0,0.0,0.0
product.Seral.area.regenerating.CWHvm_HW_SS_M.CC,9,90,10,0.0,10000.0,1.0,1.0,0.0,0.0,0.0
product.Seral.area.regenerating.CWHvm_HW_SS_M.CC,10,100,10,0.0,10000.0,1.0,1.0,0.0,0.0,0.0
product.Seral.area.regenerating.CWHvm_HW_SS_M.CC,11,110,10,0.0,10000.0,1.0,1.0,0.0,0.0,0.0
product.Seral.area.regenerating.CWHvm_HW_SS_M.CC,12,120,10,0.0,10000.0,1.0,1.0,0.0,0.0,0.0
product.Seral.area.regenerating.CWHvm_HW_SS_M.CC,13,130,10,0.0,10000.0,1.0,1.0,0.0,0.0,0.0
product.Seral.area.regenerating.CWHvm_HW_SS_M.CC,14,140,10,0.0,10000.0,1.0,1.0,0.0,0.0,0.0
product.Seral.area.regenerating.CWHvm_HW_SS_M.CC,15,150,10,0.0,10000.0,1.0,1.0,0.0,0.0,0.0
product.Seral.area.regenerating.CWHvm_HW_SS_M.CC,16,160,10,0.0,10000.0,1.0,1.0,0.0,0.0,0.0
product.Seral.area.regenerating.CWHvm_HW_SS_M.CC,17,170,10,0.0,10000.0,1.0,1.0,0.0,0.0,0.0
product.Seral.area.regenerating.CWHvm_HW_SS_M.CC,18,180,10,0.0,10000.0,1.0,1.0,0.0,0.0,0.0
product.Seral.area.regenerating.CWHvm_HW_SS_M.CC,19,190,10,0.0,10000.0,1.0,1.0,0.0,0.0,0.0
product.Seral.area.regenerating.CWHvm_HW_SS_M.CC,20,200,10,0.0,10000.0,1.0,1.0,0.0,0.0,0.0
product.Seral.area.regenerating.CWHvm_HW_SS_M.CC,21,210,10,0.0,10000.0,1.0,1.0,0.0,0.0,0.0
product.Seral.area.regenerating.CWHvm_HW_SS_M.CC,22,220,10,0.0,10000.0,1.0,1.0,0.0,0.0,0.0
product.Seral.area.regenerating.CWHvm_HW_SS_M.CC,23,230,10,0.0,10000.0,1.0,1.0,0.0,0.0,0.0
product.Seral.area.regenerating.CWHvm_HW_SS_M.CC,24,240,10,0.0,10000.0,1.0,1.0,0.0,0.0,0.0
product.Seral.area.regenerating.CWHvm_HW_SS_M.CC,25,250,10,0.0,10000.0,1.0,1.0,0.0,0.0,0.0
product.Seral.area.regenerating.CWHvm_HW_SS_M.CC,26,260,10,0.0,10000.0,1.0,1.0,0.0,0.0,0.0
product.Seral.area.regenerating.CWHvm_HW_SS_M.CC,27,270,10,0.0,10000.0,1.0,1.0,0.0,0.0,0.0
product.Seral.area.regenerating.CWHvm_HW_SS_M.CC,28,280,10,0.0,10000.0,1.0,1.0,0.0,0.0,0.0
product.Seral.area.regenerating.CWHvm_HW_SS_M.CC,29,290,10,0.0,10000.0,1.0,1.0,0.0,0.0,0.0
product.Seral.area.regenerating.CWHvm_HW_SS_M.CC,30,300,10,0.0,10000.0,1.0,1.0,0.0,0.0,0.0
product.Seral.area.young.CWHvm_CW_HW_M.CC,0,0,10,0.0,10000.0,1.0,1.0,0.0,0.0,0.0
product.Seral.area.young.CWHvm_CW_HW_M.CC,1,10,10,0.0,10000.0,1.0,1.0,0.0,0.0,0.0
product.Seral.area.young.CWHvm_CW_HW_M.CC,2,20,10,0.0,10000.0,1.0,1.0,0.0,0.0,0.0
product.Seral.area.young.CWHvm_CW_HW_M.CC,3,30,10,0.0,10000.0,1.0,1.0,0.0,0.0,0.0
product.Seral.area.young.CWHvm_CW_HW_M.CC,4,40,10,0.0,10000.0,1.0,1.0,0.0,0.0,0.0
product.Seral.area.young.CWHvm_CW_HW_M.CC,5,50,10,0.0,10000.0,1.0,1.0,0.0,0.0,0.0
product.Seral.area.young.CWHvm_CW_HW_M.CC,6,60,10,0.0,10000.0,1.0,1.0,0.0,0.0,0.0
product.Seral.area.young.CWHvm_CW_HW_M.CC,7,70,10,0.0,10000.0,1.0,1.0,0.0,0.0,0.0
product.Seral.area.young.CWHvm_CW_HW_M.CC,8,80,10,0.0,10000.0,1.0,1.0,0.0,0.0,0.0
product.Seral.area.young.CWHvm_CW_HW_M.CC,9,90,10,0.0,10000.0,1.0,1.0,0.0,0.0,0.0
product.Seral.area.young.CWHvm_CW_HW_M.CC,10,100,10,0.0,10000.0,1.0,1.0,0.0,0.0,0.0
product.Seral.area.young.CWHvm_CW_HW_M.CC,11,110,10,0.0,10000.0,1.0,1.0,0.0,0.0,0.0
product.Seral.area.young.CWHvm_CW_HW_M.CC,12,120,10,0.0,10000.0,1.0,1.0,0.0,0.0,0.0
product.Seral.area.young.CWHvm_CW_HW_M.CC,13,130,10,0.0,10000.0,1.0,1.0,0.0,0.0,0.0
product.Seral.area.young.CWHvm_CW_HW_M.CC,14,140,10,0.0,10000.0,1.0,1.0,0.0,0.0,0.0
product.Seral.area.young.CWHvm_CW_HW_M.CC,15,150,10,0.0,10000.0,1.0,1.0,0.0,0.0,0.0
product.Seral.area.young.CWHvm_CW_HW_M.CC,16,160,10,0.0,10000.0,1.0,1.0,0.0,0.0,0.0
product.Seral.area.young.CWHvm_CW_HW_M.CC,17,170,10,0.0,10000.0,1.0,1.0,0.0,0.0,0.0
product.Seral.area.young.CWHvm_CW_HW_M.CC,18,180,10,0.0,10000.0,1.0,1.0,0.0,0.0,0.0
product.Seral.area.young.CWHvm_CW_HW_M.CC,19,190,10,0.0,10000.0,1.0,1.0,0.0,0.0,0.0
product.Seral.area.young.CWHvm_CW_HW_M.CC,20,200,10,0.0,10000.0,1.0,1.0,0.0,0.0,0.0
product.Seral.area.young.CWHvm_CW_HW_M.CC,21,210,10,0.0,10000.0,1.0,1.0,0.0,0.0,0.0
product.Seral.area.young.CWHvm_CW_HW_M.CC,22,220,10,0.0,10000.0,1.0,1.0,0.0,0.0,0.0
product.Seral.area.young.CWHvm_CW_HW_M.CC,23,230,10,0.0,10000.0,1.0,1.0,0.0,0.0,0.0
product.Seral.area.young.CWHvm_CW_HW_M.CC,24,240,10,0.0,10000.0,1.0,1.0,0.0,0.0,0.0
product.Seral.area.young.CWHvm_CW_HW_M.CC,25,250,10,0.0,10000.0,1.0,1.0,0.0,0.0,0.0
product.Seral.area.young.CWHvm_CW_HW_M.CC,26,260,10,0.0,10000.0,1.0,1.0,0.0,0.0,0.0
product.Seral.area.young.CWHvm_CW_HW_M.CC,27,270,10,0.0,10000.0,1.0,1.0,0.0,0.0,0.0
product.Seral.area.young.CWHvm_CW_HW_M.CC,28,280,10,0.0,10000.0,1.0,1.0,0.0,0.0,0.0
product.Seral.area.young.CWHvm_CW_HW_M.CC,29,290,10,0.0,10000.0,1.0,1.0,0.0,0.0,0.0
product.Seral.area.young.CWHvm_CW_HW_M.CC,30,300,10,0.0,10000.0,1.0,1.0,0.0,0.0,0.0
product.Seral.area.young.CWHvm_CW_PLC_M.CC,0,0,10,0.0,10000.0,1.0,1.0,0.0,0.0,0.0
product.Seral.area.young.CWHvm_CW_PLC_M.CC,1,10,10,0.0,10000.0,1.0,1.0,0.0,0.0,0.0
product.Seral.area.young.CWHvm_CW_PLC_M.CC,2,20,10,0.0,10000.0,1.0,1.0,0.0,0.0,0.0
product.Seral.area.young.CWHvm_CW_PLC_M.CC,3,30,10,0.0,10000.0,1.0,1.0,0.0,0.0,0.0
product.Seral.area.young.CWHvm_CW_PLC_M.CC,4,40,10,0.0,10000.0,1.0,1.0,0.0,0.0,0.0
product.Seral.area.young.CWHvm_CW_PLC_M.CC,5,50,10,0.0,10000.0,1.0,1.0,0.0,0.0,0.0
product.Seral.area.young.CWHvm_CW_PLC_M.CC,6,60,10,0.0,10000.0,1.0,1.0,0.0,0.0,0.0
product.Seral.area.young.CWHvm_CW_PLC_M.CC,7,70,10,0.0,10000.0,1.0,1.0,0.0,0.0,0.0
product.Seral.area.young.CWHvm_CW_PLC_M.CC,8,80,10,0.0,10000.0,1.0,1.0,0.0,0.0,0.0
product.Seral.area.young.CWHvm_CW_PLC_M.CC,9,90,10,0.0,10000.0,1.0,1.0,0.0,0.0,0.0
product.Seral.area.young.CWHvm_CW_PLC_M.CC,10,100,10,0.0,10000.0,1.0,1.0,0.0,0.0,0.0
product.Seral.area.young.CWHvm_CW_PLC_M.CC,11,110,10,0.0,10000.0,1.0,1.0,0.0,0.0,0.0
product.Seral.area.young.CWHvm_CW_PLC_M.CC,12,120,10,0.0,10000.0,1.0,1.0,0.0,0.0,0.0
product.Seral.area.young.CWHvm_CW_PLC_M.CC,13,130,10,0.0,10000.0,1.0,1.0,0.0,0.0,0.0
product.Seral.area.young.CWHvm_CW_PLC_M.CC,14,140,10,0.0,10000.0,1.0,1.0,0.0,0.0,0.0
product.Seral.area.young.CWHvm_CW_PLC_M.CC,15,150,10,0.0,10000.0,1.0,1.0,0.0,0.0,0.0
product.Seral.area.young.CWHvm_CW_PLC_M.CC,16,160,10,0.0,10000.0,1.0,1.0,0.0,0.0,0.0
product.Seral.area.young.CWHvm_CW_PLC_M.CC,17,170,10,0.0,10000.0,1.0,1.0,0.0,0.0,0.0
product.Seral.area.young.CWHvm_CW_PLC_M.CC,18,180,10,0.0,10000.0,1.0,1.0,0.0,0.0,0.0
product.Seral.area.young.CWHvm_CW_PLC_M.CC,19,190,10,0.0,10000.0,1.0,1.0,0.0,0.0,0.0
product.Seral.area.young.CWHvm_CW_PLC_M.CC,20,200,10,0.0,10000.0,1.0,1.0,0.0,0.0,0.0
product.Seral.area.young.CWHvm_CW_PLC_M.CC,21,210,10,0.0,10000.0,1.0,1.0,0.0,0.0,0.0
product.Seral.area.young.CWHvm_CW_PLC_M.CC,22,220,10,0.0,10000.0,1.0,1.0,0.0,0.0,0.0
product.Seral.area.young.CWHvm_CW_PLC_M.CC,23,230,10,0.0,10000.0,1.0,1.0,0.0,0.0,0.0
product.Seral.area.young.CWHvm_CW_PLC_M.CC,24,240,10,0.0,10000.0,1.0,1.0,0.0,0.0,0.0
product.Seral.area.young.CWHvm_CW_PLC_M.CC,25,250,10,0.0,10000.0,1.0,1.0,0.0,0.0,0.0
product.Seral.area.young.CWHvm_CW_PLC_M.CC,26,260,10,0.0,10000.0,1.0,1.0,0.0,0.0,0.0
product.Seral.area.young.CWHvm_CW_PLC_M.CC,27,270,10,0.0,10000.0,1.0,1.0,0.0,0.0,0.0
product.Seral.area.young.CWHvm_CW_PLC_M.CC,28,280,10,0.0,10000.0,1.0,1.0,0.0,0.0,0.0
product.Seral.area.young.CWHvm_CW_PLC_M.CC,29,290,10,0.0,10000.0,1.0,1.0,0.0,0.0,0.0
product.Seral.area.young.CWHvm_CW_PLC_M.CC,30,300,10,0.0,10000.0,1.0,1.0,0.0,0.0,0.0
product.Seral.area.young.CWHvm_CW_YC_M.CC,0,0,10,0.0,10000.0,1.0,1.0,0.0,0.0,0.0
product.Seral.area.young.CWHvm_CW_YC_M.CC,1,10,10,0.0,10000.0,1.0,1.0,0.0,0.0,0.0
product.Seral.area.young.CWHvm_CW_YC_M.CC,2,20,10,0.0,10000.0,1.0,1.0,0.0,0.0,0.0
product.Seral.area.young.CWHvm_CW_YC_M.CC,3,30,10,0.0,10000.0,1.0,1.0,0.0,0.0,0.0
product.Seral.area.young.CWHvm_CW_YC_M.CC,4,40,10,0.0,10000.0,1.0,1.0,0.0,0.0,0.0
product.Seral.area.young.CWHvm_CW_YC_M.CC,5,50,10,0.0,10000.0,1.0,1.0,0.0,0.0,0.0
product.Seral.area.young.CWHvm_CW_YC_M.CC,6,60,10,0.0,10000.0,1.0,1.0,0.0,0.0,0.0
product.Seral.area.young.CWHvm_CW_YC_M.CC,7,70,10,0.0,10000.0,1.0,1.0,0.0,0.0,0.0
product.Seral.area.young.CWHvm_CW_YC_M.CC,8,80,10,0.0,10000.0,1.0,1.0,0.0,0.0,0.0
product.Seral.area.young.CWHvm_CW_YC_M.CC,9,90,10,0.0,10000.0,1.0,1.0,0.0,0.0,0.0
product.Seral.area.young.CWHvm_CW_YC_M.CC,10,100,10,0.0,10000.0,1.0,1.0,0.0,0.0,0.0
product.Seral.area.young.CWHvm_CW_YC_M.CC,11,110,10,0.0,10000.0,1.0,1.0,0.0,0.0,0.0
product.Seral.area.young.CWHvm_CW_YC_M.CC,12,120,10,0.0,10000.0,1.0,1.0,0.0,0.0,0.0
product.Seral.area.young.CWHvm_CW_YC_M.CC,13,130,10,0.0,10000.0,1.0,1.0,0.0,0.0,0.0
product.Seral.area.young.CWHvm_CW_YC_M.CC,14,140,10,0.0,10000.0,1.0,1.0,0.0,0.0,0.0
product.Seral.area.young.CWHvm_CW_YC_M.CC,15,150,10,0.0,10000.0,1.0,1.0,0.0,0.0,0.0
product.Seral.area.young.CWHvm_CW_YC_M.CC,16,160,10,0.0,10000.0,1.0,1.0,0.0,0.0,0.0
product.Seral.area.young.CWHvm_CW_YC_M.CC,17,170,10,0.0,10000.0,1.0,1.0,0.0,0.0,0.0
product.Seral.area.young.CWHvm_CW_YC_M.CC,18,180,10,0.0,10000.0,1.0,1.0,0.0,0.0,0.0
product.Seral.area.young.CWHvm_CW_YC_M.CC,19,190,10,0.0,10000.0,1.0,1.0,0.0,0.0,0.0
product.Seral.area.young.CWHvm_CW_YC_M.CC,20,200,10,0.0,10000.0,1.0,1.0,0.0,0.0,0.0
product.Seral.area.young.CWHvm_CW_YC_M.CC,21,210,10,0.0,10000.0,1.0,1.0,0.0,0.0,0.0
product.Seral.area.young.CWHvm_CW_YC_M.CC,22,220,10,0.0,10000.0,1.0,1.0,0.0,0.0,0.0
product.Seral.area.young.CWHvm_CW_YC_M.CC,23,230,10,0.0,10000.0,1.0,1.0,0.0,0.0,0.0
product.Seral.area.young.CWHvm_CW_YC_M.CC,24,240,10,0.0,10000.0,1.0,1.0,0.0,0.0,0.0
product.Seral.area.young.CWHvm_CW_YC_M.CC,25,250,10,0.0,10000.0,1.0,1.0,0.0,0.0,0.0
product.Seral.area.young.CWHvm_CW_YC_M.CC,26,260,10,0.0,10000.0,1.0,1.0,0.0,0.0,0.0
product.Seral.area.young.CWHvm_CW_YC_M.CC,27,270,10,0.0,10000.0,1.0,1.0,0.0,0.0,0.0
product.Seral.area.young.CWHvm_CW_YC_M.CC,28,280,10,0.0,10000.0,1.0,1.0,0.0,0.0,0.0
product.Seral.area.young.CWHvm_CW_YC_M.CC,29,290,10,0.0,10000.0,1.0,1.0,0.0,0.0,0.0
product.Seral.area.young.CWHvm_CW_YC_M.CC,30,300,10,0.0,10000.0,1.0,1.0,0.0,0.0,0.0
product.Seral.area.young.CWHvm_DR_HW_M.CC,0,0,10,0.0,10000.0,1.0,1.0,0.0,0.0,0.0
product.Seral.area.young.CWHvm_DR_HW_M.CC,1,10,10,0.0,10000.0,1.0,1.0,0.0,0.0,0.0
product.Seral.area.young.CWHvm_DR_HW_M.CC,2,20,10,0.0,10000.0,1.0,1.0,0.0,0.0,0.0
product.Seral.area.young.CWHvm_DR_HW_M.CC,3,30,10,0.0,10000.0,1.0,1.0,0.0,0.0,0.0
product.Seral.area.young.CWHvm_DR_HW_M.CC,4,40,10,0.0,10000.0,1.0,1.0,0.0,0.0,0.0
product.Seral.area.young.CWHvm_DR_HW_M.CC,5,50,10,0.0,10000.0,1.0,1.0,0.0,0.0,0.0
product.Seral.area.young.CWHvm_DR_HW_M.CC,6,60,10,0.0,10000.0,1.0,1.0,0.0,0.0,0.0
product.Seral.area.young.CWHvm_DR_HW_M.CC,7,70,10,0.0,10000.0,1.0,1.0,0.0,0.0,0.0
product.Seral.area.young.CWHvm_DR_HW_M.CC,8,80,10,0.0,10000.0,1.0,1.0,0.0,0.0,0.0
product.Seral.area.young.CWHvm_DR_HW_M.CC,9,90,10,0.0,10000.0,1.0,1.0,0.0,0.0,0.0
product.Seral.area.young.CWHvm_DR_HW_M.CC,10,100,10,0.0,10000.0,1.0,1.0,0.0,0.0,0.0
product.Seral.area.young.CWHvm_DR_HW_M.CC,11,110,10,0.0,10000.0,1.0,1.0,0.0,0.0,0.0
product.Seral.area.young.CWHvm_DR_HW_M.CC,12,120,10,0.0,10000.0,1.0,1.0,0.0,0.0,0.0
product.Seral.area.young.CWHvm_DR_HW_M.CC,13,130,10,0.0,10000.0,1.0,1.0,0.0,0.0,0.0
product.Seral.area.young.CWHvm_DR_HW_M.CC,14,140,10,0.0,10000.0,1.0,1.0,0.0,0.0,0.0
product.Seral.area.young.CWHvm_DR_HW_M.CC,15,150,10,0.0,10000.0,1.0,1.0,0.0,0.0,0.0
product.Seral.area.young.CWHvm_DR_HW_M.CC,16,160,10,0.0,10000.0,1.0,1.0,0.0,0.0,0.0
product.Seral.area.young.CWHvm_DR_HW_M.CC,17,170,10,0.0,10000.0,1.0,1.0,0.0,0.0,0.0
product.Seral.area.young.CWHvm_DR_HW_M.CC,18,180,10,0.0,10000.0,1.0,1.0,0.0,0.0,0.0
product.Seral.area.young.CWHvm_DR_HW_M.CC,19,190,10,0.0,10000.0,1.0,1.0,0.0,0.0,0.0
product.Seral.area.young.CWHvm_DR_HW_M.CC,20,200,10,0.0,10000.0,1.0,1.0,0.0,0.0,0.0
product.Seral.area.young.CWHvm_DR_HW_M.CC,21,210,10,0.0,10000.0,1.0,1.0,0.0,0.0,0.0
product.Seral.area.young.CWHvm_DR_HW_M.CC,22,220,10,0.0,10000.0,1.0,1.0,0.0,0.0,0.0
product.Seral.area.young.CWHvm_DR_HW_M.CC,23,230,10,0.0,10000.0,1.0,1.0,0.0,0.0,0.0
product.Seral.area.young.CWHvm_DR_HW_M.CC,24,240,10,0.0,10000.0,1.0,1.0,0.0,0.0,0.0
product.Seral.area.young.CWHvm_DR_HW_M.CC,25,250,10,0.0,10000.0,1.0,1.0,0.0,0.0,0.0
product.Seral.area.young.CWHvm_DR_HW_M.CC,26,260,10,0.0,10000.0,1.0,1.0,0.0,0.0,0.0
product.Seral.area.young.CWHvm_DR_HW_M.CC,27,270,10,0.0,10000.0,1.0,1.0,0.0,0.0,0.0
product.Seral.area.young.CWHvm_DR_HW_M.CC,28,280,10,0.0,10000.0,1.0,1.0,0.0,0.0,0.0
product.Seral.area.young.CWHvm_DR_HW_M.CC,29,290,10,0.0,10000.0,1.0,1.0,0.0,0.0,0.0
product.Seral.area.young.CWHvm_DR_HW_M.CC,30,300,10,0.0,10000.0,1.0,1.0,0.0,0.0,0.0
product.Seral.area.young.CWHvm_FDC_HW_H.CC,0,0,10,0.0,10000.0,1.0,1.0,0.0,0.0,0.0
product.Seral.area.young.CWHvm_FDC_HW_H.CC,1,10,10,0.0,10000.0,1.0,1.0,0.0,0.0,0.0
product.Seral.area.young.CWHvm_FDC_HW_H.CC,2,20,10,0.0,10000.0,1.0,1.0,0.0,0.0,0.0
product.Seral.area.young.CWHvm_FDC_HW_H.CC,3,30,10,0.0,10000.0,1.0,1.0,0.0,0.0,0.0
product.Seral.area.young.CWHvm_FDC_HW_H.CC,4,40,10,0.0,10000.0,1.0,1.0,0.0,0.0,0.0
product.Seral.area.young.CWHvm_FDC_HW_H.CC,5,50,10,0.0,10000.0,1.0,1.0,0.0,0.0,0.0
product.Seral.area.young.CWHvm_FDC_HW_H.CC,6,60,10,0.0,10000.0,1.0,1.0,0.0,0.0,0.0
product.Seral.area.young.CWHvm_FDC_HW_H.CC,7,70,10,0.0,10000.0,1.0,1.0,0.0,0.0,0.0
product.Seral.area.young.CWHvm_FDC_HW_H.CC,8,80,10,0.0,10000.0,1.0,1.0,0.0,0.0,0.0
product.Seral.area.young.CWHvm_FDC_HW_H.CC,9,90,10,0.0,10000.0,1.0,1.0,0.0,0.0,0.0
product.Seral.area.young.CWHvm_FDC_HW_H.CC,10,100,10,0.0,10000.0,1.0,1.0,0.0,0.0,0.0
product.Seral.area.young.CWHvm_FDC_HW_H.CC,11,110,10,0.0,10000.0,1.0,1.0,0.0,0.0,0.0
product.Seral.area.young.CWHvm_FDC_HW_H.CC,12,120,10,0.0,10000.0,1.0,1.0,0.0,0.0,0.0
product.Seral.area.young.CWHvm_FDC_HW_H.CC,13,130,10,0.0,10000.0,1.0,1.0,0.0,0.0,0.0
product.Seral.area.young.CWHvm_FDC_HW_H.CC,14,140,10,0.0,10000.0,1.0,1.0,0.0,0.0,0.0
product.Seral.area.young.CWHvm_FDC_HW_H.CC,15,150,10,0.0,10000.0,1.0,1.0,0.0,0.0,0.0
product.Seral.area.young.CWHvm_FDC_HW_H.CC,16,160,10,0.0,10000.0,1.0,1.0,0.0,0.0,0.0
product.Seral.area.young.CWHvm_FDC_HW_H.CC,17,170,10,0.0,10000.0,1.0,1.0,0.0,0.0,0.0
product.Seral.area.young.CWHvm_FDC_HW_H.CC,18,180,10,0.0,10000.0,1.0,1.0,0.0,0.0,0.0
product.Seral.area.young.CWHvm_FDC_HW_H.CC,19,190,10,0.0,10000.0,1.0,1.0,0.0,0.0,0.0
product.Seral.area.young.CWHvm_FDC_HW_H.CC,20,200,10,0.0,10000.0,1.0,1.0,0.0,0.0,0.0
product.Seral.area.young.CWHvm_FDC_HW_H.CC,21,210,10,0.0,10000.0,1.0,1.0,0.0,0.0,0.0
product.Seral.area.young.CWHvm_FDC_HW_H.CC,22,220,10,0.0,10000.0,1.0,1.0,0.0,0.0,0.0
product.Seral.area.young.CWHvm_FDC_HW_H.CC,23,230,10,0.0,10000.0,1.0,1.0,0.0,0.0,0.0
product.Seral.area.young.CWHvm_FDC_HW_H.CC,24,240,10,0.0,10000.0,1.0,1.0,0.0,0.0,0.0
product.Seral.area.young.CWHvm_FDC_HW_H.CC,25,250,10,0.0,10000.0,1.0,1.0,0.0,0.0,0.0
product.Seral.area.young.CWHvm_FDC_HW_H.CC,26,260,10,0.0,10000.0,1.0,1.0,0.0,0.0,0.0
product.Seral.area.young.CWHvm_FDC_HW_H.CC,27,270,10,0.0,10000.0,1.0,1.0,0.0,0.0,0.0
product.Seral.area.young.CWHvm_FDC_HW_H.CC,28,280,10,0.0,10000.0,1.0,1.0,0.0,0.0,0.0
product.Seral.area.young.CWHvm_FDC_HW_H.CC,29,290,10,0.0,10000.0,1.0,1.0,0.0,0.0,0.0
product.Seral.area.young.CWHvm_FDC_HW_H.CC,30,300,10,0.0,10000.0,1.0,1.0,0.0,0.0,0.0
product.Seral.area.young.CWHvm_FDC_HW_L.CC,0,0,10,0.0,10000.0,1.0,1.0,0.0,0.0,0.0
product.Seral.area.young.CWHvm_FDC_HW_L.CC,1,10,10,0.0,10000.0,1.0,1.0,0.0,0.0,0.0
product.Seral.area.young.CWHvm_FDC_HW_L.CC,2,20,10,0.0,10000.0,1.0,1.0,0.0,0.0,0.0
product.Seral.area.young.CWHvm_FDC_HW_L.CC,3,30,10,0.0,10000.0,1.0,1.0,0.0,0.0,0.0
product.Seral.area.young.CWHvm_FDC_HW_L.CC,4,40,10,0.0,10000.0,1.0,1.0,0.0,0.0,0.0
product.Seral.area.young.CWHvm_FDC_HW_L.CC,5,50,10,0.0,10000.0,1.0,1.0,0.0,0.0,0.0
product.Seral.area.young.CWHvm_FDC_HW_L.CC,6,60,10,0.0,10000.0,1.0,1.0,0.0,0.0,0.0
product.Seral.area.young.CWHvm_FDC_HW_L.CC,7,70,10,0.0,10000.0,1.0,1.0,0.0,0.0,0.0
product.Seral.area.young.CWHvm_FDC_HW_L.CC,8,80,10,0.0,10000.0,1.0,1.0,0.0,0.0,0.0
product.Seral.area.young.CWHvm_FDC_HW_L.CC,9,90,10,0.0,10000.0,1.0,1.0,0.0,0.0,0.0
product.Seral.area.young.CWHvm_FDC_HW_L.CC,10,100,10,0.0,10000.0,1.0,1.0,0.0,0.0,0.0
product.Seral.area.young.CWHvm_FDC_HW_L.CC,11,110,10,0.0,10000.0,1.0,1.0,0.0,0.0,0.0
product.Seral.area.young.CWHvm_FDC_HW_L.CC,12,120,10,0.0,10000.0,1.0,1.0,0.0,0.0,0.0
product.Seral.area.young.CWHvm_FDC_HW_L.CC,13,130,10,0.0,10000.0,1.0,1.0,0.0,0.0,0.0
product.Seral.area.young.CWHvm_FDC_HW_L.CC,14,140,10,0.0,10000.0,1.0,1.0,0.0,0.0,0.0
product.Seral.area.young.CWHvm_FDC_HW_L.CC,15,150,10,0.0,10000.0,1.0,1.0,0.0,0.0,0.0
product.Seral.area.young.CWHvm_FDC_HW_L.CC,16,160,10,0.0,10000.0,1.0,1.0,0.0,0.0,0.0
product.Seral.area.young.CWHvm_FDC_HW_L.CC,17,170,10,0.0,10000.0,1.0,1.0,0.0,0.0,0.0
product.Seral.area.young.CWHvm_FDC_HW_L.CC,18,180,10,0.0,10000.0,1.0,1.0,0.0,0.0,0.0
product.Seral.area.young.CWHvm_FDC_HW_L.CC,19,190,10,0.0,10000.0,1.0,1.0,0.0,0.0,0.0
product.Seral.area.young.CWHvm_FDC_HW_L.CC,20,200,10,0.0,10000.0,1.0,1.0,0.0,0.0,0.0
product.Seral.area.young.CWHvm_FDC_HW_L.CC,21,210,10,0.0,10000.0,1.0,1.0,0.0,0.0,0.0
product.Seral.area.young.CWHvm_FDC_HW_L.CC,22,220,10,0.0,10000.0,1.0,1.0,0.0,0.0,0.0
product.Seral.area.young.CWHvm_FDC_HW_L.CC,23,230,10,0.0,10000.0,1.0,1.0,0.0,0.0,0.0
product.Seral.area.young.CWHvm_FDC_HW_L.CC,24,240,10,0.0,10000.0,1.0,1.0,0.0,0.0,0.0
product.Seral.area.young.CWHvm_FDC_HW_L.CC,25,250,10,0.0,10000.0,1.0,1.0,0.0,0.0,0.0
product.Seral.area.young.CWHvm_FDC_HW_L.CC,26,260,10,0.0,10000.0,1.0,1.0,0.0,0.0,0.0
product.Seral.area.young.CWHvm_FDC_HW_L.CC,27,270,10,0.0,10000.0,1.0,1.0,0.0,0.0,0.0
product.Seral.area.young.CWHvm_FDC_HW_L.CC,28,280,10,0.0,10000.0,1.0,1.0,0.0,0.0,0.0
product.Seral.area.young.CWHvm_FDC_HW_L.CC,29,290,10,0.0,10000.0,1.0,1.0,0.0,0.0,0.0
product.Seral.area.young.CWHvm_FDC_HW_L.CC,30,300,10,0.0,10000.0,1.0,1.0,0.0,0.0,0.0
product.Seral.area.young.CWHvm_FDC_HW_M.CC,0,0,10,0.0,10000.0,1.0,1.0,0.0,0.0,0.0
product.Seral.area.young.CWHvm_FDC_HW_M.CC,1,10,10,0.0,10000.0,1.0,1.0,0.0,0.0,0.0
product.Seral.area.young.CWHvm_FDC_HW_M.CC,2,20,10,0.0,10000.0,1.0,1.0,0.0,0.0,0.0
product.Seral.area.young.CWHvm_FDC_HW_M.CC,3,30,10,0.0,10000.0,1.0,1.0,0.0,0.0,0.0
product.Seral.area.young.CWHvm_FDC_HW_M.CC,4,40,10,0.0,10000.0,1.0,1.0,0.0,0.0,0.0
product.Seral.area.young.CWHvm_FDC_HW_M.CC,5,50,10,0.0,10000.0,1.0,1.0,0.0,0.0,0.0
product.Seral.area.young.CWHvm_FDC_HW_M.CC,6,60,10,0.0,10000.0,1.0,1.0,0.0,0.0,0.0
product.Seral.area.young.CWHvm_FDC_HW_M.CC,7,70,10,0.0,10000.0,1.0,1.0,0.0,0.0,0.0
product.Seral.area.young.CWHvm_FDC_HW_M.CC,8,80,10,0.0,10000.0,1.0,1.0,0.0,0.0,0.0
product.Seral.area.young.CWHvm_FDC_HW_M.CC,9,90,10,0.0,10000.0,1.0,1.0,0.0,0.0,0.0
product.Seral.area.young.CWHvm_FDC_HW_M.CC,10,100,10,0.0,10000.0,1.0,1.0,0.0,0.0,0.0
product.Seral.area.young.CWHvm_FDC_HW_M.CC,11,110,10,0.0,10000.0,1.0,1.0,0.0,0.0,0.0
product.Seral.area.young.CWHvm_FDC_HW_M.CC,12,120,10,0.0,10000.0,1.0,1.0,0.0,0.0,0.0
product.Seral.area.young.CWHvm_FDC_HW_M.CC,13,130,10,0.0,10000.0,1.0,1.0,0.0,0.0,0.0
product.Seral.area.young.CWHvm_FDC_HW_M.CC,14,140,10,0.0,10000.0,1.0,1.0,0.0,0.0,0.0
product.Seral.area.young.CWHvm_FDC_HW_M.CC,15,150,10,0.0,10000.0,1.0,1.0,0.0,0.0,0.0
product.Seral.area.young.CWHvm_FDC_HW_M.CC,16,160,10,0.0,10000.0,1.0,1.0,0.0,0.0,0.0
product.Seral.area.young.CWHvm_FDC_HW_M.CC,17,170,10,0.0,10000.0,1.0,1.0,0.0,0.0,0.0
product.Seral.area.young.CWHvm_FDC_HW_M.CC,18,180,10,0.0,10000.0,1.0,1.0,0.0,0.0,0.0
product.Seral.area.young.CWHvm_FDC_HW_M.CC,19,190,10,0.0,10000.0,1.0,1.0,0.0,0.0,0.0
product.Seral.area.young.CWHvm_FDC_HW_M.CC,20,200,10,0.0,10000.0,1.0,1.0,0.0,0.0,0.0
product.Seral.area.young.CWHvm_FDC_HW_M.CC,21,210,10,0.0,10000.0,1.0,1.0,0.0,0.0,0.0
product.Seral.area.young.CWHvm_FDC_HW_M.CC,22,220,10,0.0,10000.0,1.0,1.0,0.0,0.0,0.0
product.Seral.area.young.CWHvm_FDC_HW_M.CC,23,230,10,0.0,10000.0,1.0,1.0,0.0,0.0,0.0
product.Seral.area.young.CWHvm_FDC_HW_M.CC,24,240,10,0.0,10000.0,1.0,1.0,0.0,0.0,0.0
product.Seral.area.young.CWHvm_FDC_HW_M.CC,25,250,10,0.0,10000.0,1.0,1.0,0.0,0.0,0.0
product.Seral.area.young.CWHvm_FDC_HW_M.CC,26,260,10,0.0,10000.0,1.0,1.0,0.0,0.0,0.0
product.Seral.area.young.CWHvm_FDC_HW_M.CC,27,270,10,0.0,10000.0,1.0,1.0,0.0,0.0,0.0
product.Seral.area.young.CWHvm_FDC_HW_M.CC,28,280,10,0.0,10000.0,1.0,1.0,0.0,0.0,0.0
product.Seral.area.young.CWHvm_FDC_HW_M.CC,29,290,10,0.0,10000.0,1.0,1.0,0.0,0.0,0.0
product.Seral.area.young.CWHvm_FDC_HW_M.CC,30,300,10,0.0,10000.0,1.0,1.0,0.0,0.0,0.0
product.Seral.area.young.CWHvm_HW_BA_M.CC,0,0,10,0.0,10000.0,1.0,1.0,0.0,0.0,0.0
product.Seral.area.young.CWHvm_HW_BA_M.CC,1,10,10,0.0,10000.0,1.0,1.0,0.0,0.0,0.0
product.Seral.area.young.CWHvm_HW_BA_M.CC,2,20,10,0.0,10000.0,1.0,1.0,0.0,0.0,0.0
product.Seral.area.young.CWHvm_HW_BA_M.CC,3,30,10,0.0,10000.0,1.0,1.0,0.0,0.0,0.0
product.Seral.area.young.CWHvm_HW_BA_M.CC,4,40,10,0.0,10000.0,1.0,1.0,0.0,0.0,0.0
product.Seral.area.young.CWHvm_HW_BA_M.CC,5,50,10,0.0,10000.0,1.0,1.0,0.0,0.0,0.0
product.Seral.area.young.CWHvm_HW_BA_M.CC,6,60,10,0.0,10000.0,1.0,1.0,0.0,0.0,0.0
product.Seral.area.young.CWHvm_HW_BA_M.CC,7,70,10,0.0,10000.0,1.0,1.0,0.0,0.0,0.0
product.Seral.area.young.CWHvm_HW_BA_M.CC,8,80,10,0.0,10000.0,1.0,1.0,0.0,0.0,0.0
product.Seral.area.young.CWHvm_HW_BA_M.CC,9,90,10,0.0,10000.0,1.0,1.0,0.0,0.0,0.0
product.Seral.area.young.CWHvm_HW_BA_M.CC,10,100,10,0.0,10000.0,1.0,1.0,0.0,0.0,0.0
product.Seral.area.young.CWHvm_HW_BA_M.CC,11,110,10,0.0,10000.0,1.0,1.0,0.0,0.0,0.0
product.Seral.area.young.CWHvm_HW_BA_M.CC,12,120,10,0.0,10000.0,1.0,1.0,0.0,0.0,0.0
product.Seral.area.young.CWHvm_HW_BA_M.CC,13,130,10,0.0,10000.0,1.0,1.0,0.0,0.0,0.0
product.Seral.area.young.CWHvm_HW_BA_M.CC,14,140,10,0.0,10000.0,1.0,1.0,0.0,0.0,0.0
product.Seral.area.young.CWHvm_HW_BA_M.CC,15,150,10,0.0,10000.0,1.0,1.0,0.0,0.0,0.0
product.Seral.area.young.CWHvm_HW_BA_M.CC,16,160,10,0.0,10000.0,1.0,1.0,0.0,0.0,0.0
product.Seral.area.young.CWHvm_HW_BA_M.CC,17,170,10,0.0,10000.0,1.0,1.0,0.0,0.0,0.0
product.Seral.area.young.CWHvm_HW_BA_M.CC,18,180,10,0.0,10000.0,1.0,1.0,0.0,0.0,0.0
product.Seral.area.young.CWHvm_HW_BA_M.CC,19,190,10,0.0,10000.0,1.0,1.0,0.0,0.0,0.0
product.Seral.area.young.CWHvm_HW_BA_M.CC,20,200,10,0.0,10000.0,1.0,1.0,0.0,0.0,0.0
product.Seral.area.young.CWHvm_HW_BA_M.CC,21,210,10,0.0,10000.0,1.0,1.0,0.0,0.0,0.0
product.Seral.area.young.CWHvm_HW_BA_M.CC,22,220,10,0.0,10000.0,1.0,1.0,0.0,0.0,0.0
product.Seral.area.young.CWHvm_HW_BA_M.CC,23,230,10,0.0,10000.0,1.0,1.0,0.0,0.0,0.0
product.Seral.area.young.CWHvm_HW_BA_M.CC,24,240,10,0.0,10000.0,1.0,1.0,0.0,0.0,0.0
product.Seral.area.young.CWHvm_HW_BA_M.CC,25,250,10,0.0,10000.0,1.0,1.0,0.0,0.0,0.0
product.Seral.area.young.CWHvm_HW_BA_M.CC,26,260,10,0.0,10000.0,1.0,1.0,0.0,0.0,0.0
product.Seral.area.young.CWHvm_HW_BA_M.CC,27,270,10,0.0,10000.0,1.0,1.0,0.0,0.0,0.0
product.Seral.area.young.CWHvm_HW_BA_M.CC,28,280,10,0.0,10000.0,1.0,1.0,0.0,0.0,0.0
product.Seral.area.young.CWHvm_HW_BA_M.CC,29,290,10,0.0,10000.0,1.0,1.0,0.0,0.0,0.0
product.Seral.area.young.CWHvm_HW_BA_M.CC,30,300,10,0.0,10000.0,1.0,1.0,0.0,0.0,0.0
product.Seral.area.young.CWHvm_HW_CW_H.CC,0,0,10,0.0,10000.0,1.0,1.0,0.0,0.0,0.0
product.Seral.area.young.CWHvm_HW_CW_H.CC,1,10,10,0.0,10000.0,1.0,1.0,0.0,0.0,0.0
product.Seral.area.young.CWHvm_HW_CW_H.CC,2,20,10,0.0,10000.0,1.0,1.0,0.0,0.0,0.0
product.Seral.area.young.CWHvm_HW_CW_H.CC,3,30,10,0.0,10000.0,1.0,1.0,0.0,0.0,0.0
product.Seral.area.young.CWHvm_HW_CW_H.CC,4,40,10,0.0,10000.0,1.0,1.0,0.0,0.0,0.0
product.Seral.area.young.CWHvm_HW_CW_H.CC,5,50,10,0.0,10000.0,1.0,1.0,0.0,0.0,0.0
product.Seral.area.young.CWHvm_HW_CW_H.CC,6,60,10,0.0,10000.0,1.0,1.0,0.0,0.0,0.0
product.Seral.area.young.CWHvm_HW_CW_H.CC,7,70,10,0.0,10000.0,1.0,1.0,0.0,0.0,0.0
product.Seral.area.young.CWHvm_HW_CW_H.CC,8,80,10,0.0,10000.0,1.0,1.0,0.0,0.0,0.0
product.Seral.area.young.CWHvm_HW_CW_H.CC,9,90,10,0.0,10000.0,1.0,1.0,0.0,0.0,0.0
product.Seral.area.young.CWHvm_HW_CW_H.CC,10,100,10,0.0,10000.0,1.0,1.0,0.0,0.0,0.0
product.Seral.area.young.CWHvm_HW_CW_H.CC,11,110,10,0.0,10000.0,1.0,1.0,0.0,0.0,0.0
product.Seral.area.young.CWHvm_HW_CW_H.CC,12,120,10,0.0,10000.0,1.0,1.0,0.0,0.0,0.0
product.Seral.area.young.CWHvm_HW_CW_H.CC,13,130,10,0.0,10000.0,1.0,1.0,0.0,0.0,0.0
product.Seral.area.young.CWHvm_HW_CW_H.CC,14,140,10,0.0,10000.0,1.0,1.0,0.0,0.0,0.0
product.Seral.area.young.CWHvm_HW_CW_H.CC,15,150,10,0.0,10000.0,1.0,1.0,0.0,0.0,0.0
product.Seral.area.young.CWHvm_HW_CW_H.CC,16,160,10,0.0,10000.0,1.0,1.0,0.0,0.0,0.0
product.Seral.area.young.CWHvm_HW_CW_H.CC,17,170,10,0.0,10000.0,1.0,1.0,0.0,0.0,0.0
product.Seral.area.young.CWHvm_HW_CW_H.CC,18,180,10,0.0,10000.0,1.0,1.0,0.0,0.0,0.0
product.Seral.area.young.CWHvm_HW_CW_H.CC,19,190,10,0.0,10000.0,1.0,1.0,0.0,0.0,0.0
product.Seral.area.young.CWHvm_HW_CW_H.CC,20,200,10,0.0,10000.0,1.0,1.0,0.0,0.0,0.0
product.Seral.area.young.CWHvm_HW_CW_H.CC,21,210,10,0.0,10000.0,1.0,1.0,0.0,0.0,0.0
product.Seral.area.young.CWHvm_HW_CW_H.CC,22,220,10,0.0,10000.0,1.0,1.0,0.0,0.0,0.0
product.Seral.area.young.CWHvm_HW_CW_H.CC,23,230,10,0.0,10000.0,1.0,1.0,0.0,0.0,0.0
product.Seral.area.young.CWHvm_HW_CW_H.CC,24,240,10,0.0,10000.0,1.0,1.0,0.0,0.0,0.0
product.Seral.area.young.CWHvm_HW_CW_H.CC,25,250,10,0.0,10000.0,1.0,1.0,0.0,0.0,0.0
product.Seral.area.young.CWHvm_HW_CW_H.CC,26,260,10,0.0,10000.0,1.0,1.0,0.0,0.0,0.0
product.Seral.area.young.CWHvm_HW_CW_H.CC,27,270,10,0.0,10000.0,1.0,1.0,0.0,0.0,0.0
product.Seral.area.young.CWHvm_HW_CW_H.CC,28,280,10,0.0,10000.0,1.0,1.0,0.0,0.0,0.0
product.Seral.area.young.CWHvm_HW_CW_H.CC,29,290,10,0.0,10000.0,1.0,1.0,0.0,0.0,0.0
product.Seral.area.young.CWHvm_HW_CW_H.CC,30,300,10,0.0,10000.0,1.0,1.0,0.0,0.0,0.0
product.Seral.area.young.CWHvm_HW_CW_L.CC,0,0,10,0.0,10000.0,1.0,1.0,0.0,0.0,0.0
product.Seral.area.young.CWHvm_HW_CW_L.CC,1,10,10,0.0,10000.0,1.0,1.0,0.0,0.0,0.0
product.Seral.area.young.CWHvm_HW_CW_L.CC,2,20,10,0.0,10000.0,1.0,1.0,0.0,0.0,0.0
product.Seral.area.young.CWHvm_HW_CW_L.CC,3,30,10,0.0,10000.0,1.0,1.0,0.0,0.0,0.0
product.Seral.area.young.CWHvm_HW_CW_L.CC,4,40,10,0.0,10000.0,1.0,1.0,0.0,0.0,0.0
product.Seral.area.young.CWHvm_HW_CW_L.CC,5,50,10,0.0,10000.0,1.0,1.0,0.0,0.0,0.0
product.Seral.area.young.CWHvm_HW_CW_L.CC,6,60,10,0.0,10000.0,1.0,1.0,0.0,0.0,0.0
product.Seral.area.young.CWHvm_HW_CW_L.CC,7,70,10,0.0,10000.0,1.0,1.0,0.0,0.0,0.0
product.Seral.area.young.CWHvm_HW_CW_L.CC,8,80,10,0.0,10000.0,1.0,1.0,0.0,0.0,0.0
product.Seral.area.young.CWHvm_HW_CW_L.CC,9,90,10,0.0,10000.0,1.0,1.0,0.0,0.0,0.0
product.Seral.area.young.CWHvm_HW_CW_L.CC,10,100,10,0.0,10000.0,1.0,1.0,0.0,0.0,0.0
product.Seral.area.young.CWHvm_HW_CW_L.CC,11,110,10,0.0,10000.0,1.0,1.0,0.0,0.0,0.0
product.Seral.area.young.CWHvm_HW_CW_L.CC,12,120,10,0.0,10000.0,1.0,1.0,0.0,0.0,0.0
product.Seral.area.young.CWHvm_HW_CW_L.CC,13,130,10,0.0,10000.0,1.0,1.0,0.0,0.0,0.0
product.Seral.area.young.CWHvm_HW_CW_L.CC,14,140,10,0.0,10000.0,1.0,1.0,0.0,0.0,0.0
product.Seral.area.young.CWHvm_HW_CW_L.CC,15,150,10,0.0,10000.0,1.0,1.0,0.0,0.0,0.0
product.Seral.area.young.CWHvm_HW_CW_L.CC,16,160,10,0.0,10000.0,1.0,1.0,0.0,0.0,0.0
product.Seral.area.young.CWHvm_HW_CW_L.CC,17,170,10,0.0,10000.0,1.0,1.0,0.0,0.0,0.0
product.Seral.area.young.CWHvm_HW_CW_L.CC,18,180,10,0.0,10000.0,1.0,1.0,0.0,0.0,0.0
product.Seral.area.young.CWHvm_HW_CW_L.CC,19,190,10,0.0,10000.0,1.0,1.0,0.0,0.0,0.0
product.Seral.area.young.CWHvm_HW_CW_L.CC,20,200,10,0.0,10000.0,1.0,1.0,0.0,0.0,0.0
product.Seral.area.young.CWHvm_HW_CW_L.CC,21,210,10,0.0,10000.0,1.0,1.0,0.0,0.0,0.0
product.Seral.area.young.CWHvm_HW_CW_L.CC,22,220,10,0.0,10000.0,1.0,1.0,0.0,0.0,0.0
product.Seral.area.young.CWHvm_HW_CW_L.CC,23,230,10,0.0,10000.0,1.0,1.0,0.0,0.0,0.0
product.Seral.area.young.CWHvm_HW_CW_L.CC,24,240,10,0.0,10000.0,1.0,1.0,0.0,0.0,0.0
product.Seral.area.young.CWHvm_HW_CW_L.CC,25,250,10,0.0,10000.0,1.0,1.0,0.0,0.0,0.0
product.Seral.area.young.CWHvm_HW_CW_L.CC,26,260,10,0.0,10000.0,1.0,1.0,0.0,0.0,0.0
product.Seral.area.young.CWHvm_HW_CW_L.CC,27,270,10,0.0,10000.0,1.0,1.0,0.0,0.0,0.0
product.Seral.area.young.CWHvm_HW_CW_L.CC,28,280,10,0.0,10000.0,1.0,1.0,0.0,0.0,0.0
product.Seral.area.young.CWHvm_HW_CW_L.CC,29,290,10,0.0,10000.0,1.0,1.0,0.0,0.0,0.0
product.Seral.area.young.CWHvm_HW_CW_L.CC,30,300,10,0.0,10000.0,1.0,1.0,0.0,0.0,0.0
product.Seral.area.young.CWHvm_HW_CW_M.CC,0,0,10,0.0,10000.0,1.0,1.0,0.0,0.0,0.0
product.Seral.area.young.CWHvm_HW_CW_M.CC,1,10,10,0.0,10000.0,1.0,1.0,0.0,0.0,0.0
product.Seral.area.young.CWHvm_HW_CW_M.CC,2,20,10,0.0,10000.0,1.0,1.0,0.0,0.0,0.0
product.Seral.area.young.CWHvm_HW_CW_M.CC,3,30,10,0.0,10000.0,1.0,1.0,0.0,0.0,0.0
product.Seral.area.young.CWHvm_HW_CW_M.CC,4,40,10,0.0,10000.0,1.0,1.0,0.0,0.0,0.0
product.Seral.area.young.CWHvm_HW_CW_M.CC,5,50,10,0.0,10000.0,1.0,1.0,0.0,0.0,0.0
product.Seral.area.young.CWHvm_HW_CW_M.CC,6,60,10,0.0,10000.0,1.0,1.0,0.0,0.0,0.0
product.Seral.area.young.CWHvm_HW_CW_M.CC,7,70,10,0.0,10000.0,1.0,1.0,0.0,0.0,0.0
product.Seral.area.young.CWHvm_HW_CW_M.CC,8,80,10,0.0,10000.0,1.0,1.0,0.0,0.0,0.0
product.Seral.area.young.CWHvm_HW_CW_M.CC,9,90,10,0.0,10000.0,1.0,1.0,0.0,0.0,0.0
product.Seral.area.young.CWHvm_HW_CW_M.CC,10,100,10,0.0,10000.0,1.0,1.0,0.0,0.0,0.0
product.Seral.area.young.CWHvm_HW_CW_M.CC,11,110,10,0.0,10000.0,1.0,1.0,0.0,0.0,0.0
product.Seral.area.young.CWHvm_HW_CW_M.CC,12,120,10,0.0,10000.0,1.0,1.0,0.0,0.0,0.0
product.Seral.area.young.CWHvm_HW_CW_M.CC,13,130,10,0.0,10000.0,1.0,1.0,0.0,0.0,0.0
product.Seral.area.young.CWHvm_HW_CW_M.CC,14,140,10,0.0,10000.0,1.0,1.0,0.0,0.0,0.0
product.Seral.area.young.CWHvm_HW_CW_M.CC,15,150,10,0.0,10000.0,1.0,1.0,0.0,0.0,0.0
product.Seral.area.young.CWHvm_HW_CW_M.CC,16,160,10,0.0,10000.0,1.0,1.0,0.0,0.0,0.0
product.Seral.area.young.CWHvm_HW_CW_M.CC,17,170,10,0.0,10000.0,1.0,1.0,0.0,0.0,0.0
product.Seral.area.young.CWHvm_HW_CW_M.CC,18,180,10,0.0,10000.0,1.0,1.0,0.0,0.0,0.0
product.Seral.area.young.CWHvm_HW_CW_M.CC,19,190,10,0.0,10000.0,1.0,1.0,0.0,0.0,0.0
product.Seral.area.young.CWHvm_HW_CW_M.CC,20,200,10,0.0,10000.0,1.0,1.0,0.0,0.0,0.0
product.Seral.area.young.CWHvm_HW_CW_M.CC,21,210,10,0.0,10000.0,1.0,1.0,0.0,0.0,0.0
product.Seral.area.young.CWHvm_HW_CW_M.CC,22,220,10,0.0,10000.0,1.0,1.0,0.0,0.0,0.0
product.Seral.area.young.CWHvm_HW_CW_M.CC,23,230,10,0.0,10000.0,1.0,1.0,0.0,0.0,0.0
product.Seral.area.young.CWHvm_HW_CW_M.CC,24,240,10,0.0,10000.0,1.0,1.0,0.0,0.0,0.0
product.Seral.area.young.CWHvm_HW_CW_M.CC,25,250,10,0.0,10000.0,1.0,1.0,0.0,0.0,0.0
product.Seral.area.young.CWHvm_HW_CW_M.CC,26,260,10,0.0,10000.0,1.0,1.0,0.0,0.0,0.0
product.Seral.area.young.CWHvm_HW_CW_M.CC,27,270,10,0.0,10000.0,1.0,1.0,0.0,0.0,0.0
product.Seral.area.young.CWHvm_HW_CW_M.CC,28,280,10,0.0,10000.0,1.0,1.0,0.0,0.0,0.0
product.Seral.area.young.CWHvm_HW_CW_M.CC,29,290,10,0.0,10000.0,1.0,1.0,0.0,0.0,0.0
product.Seral.area.young.CWHvm_HW_CW_M.CC,30,300,10,0.0,10000.0,1.0,1.0,0.0,0.0,0.0
product.Seral.area.young.CWHvm_HW_FDC_H.CC,0,0,10,0.0,10000.0,1.0,1.0,0.0,0.0,0.0
product.Seral.area.young.CWHvm_HW_FDC_H.CC,1,10,10,0.0,10000.0,1.0,1.0,0.0,0.0,0.0
product.Seral.area.young.CWHvm_HW_FDC_H.CC,2,20,10,0.0,10000.0,1.0,1.0,0.0,0.0,0.0
product.Seral.area.young.CWHvm_HW_FDC_H.CC,3,30,10,0.0,10000.0,1.0,1.0,0.0,0.0,0.0
product.Seral.area.young.CWHvm_HW_FDC_H.CC,4,40,10,0.0,10000.0,1.0,1.0,0.0,0.0,0.0
product.Seral.area.young.CWHvm_HW_FDC_H.CC,5,50,10,0.0,10000.0,1.0,1.0,0.0,0.0,0.0
product.Seral.area.young.CWHvm_HW_FDC_H.CC,6,60,10,0.0,10000.0,1.0,1.0,0.0,0.0,0.0
product.Seral.area.young.CWHvm_HW_FDC_H.CC,7,70,10,0.0,10000.0,1.0,1.0,0.0,0.0,0.0
product.Seral.area.young.CWHvm_HW_FDC_H.CC,8,80,10,0.0,10000.0,1.0,1.0,0.0,0.0,0.0
product.Seral.area.young.CWHvm_HW_FDC_H.CC,9,90,10,0.0,10000.0,1.0,1.0,0.0,0.0,0.0
product.Seral.area.young.CWHvm_HW_FDC_H.CC,10,100,10,0.0,10000.0,1.0,1.0,0.0,0.0,0.0
product.Seral.area.young.CWHvm_HW_FDC_H.CC,11,110,10,0.0,10000.0,1.0,1.0,0.0,0.0,0.0
product.Seral.area.young.CWHvm_HW_FDC_H.CC,12,120,10,0.0,10000.0,1.0,1.0,0.0,0.0,0.0
product.Seral.area.young.CWHvm_HW_FDC_H.CC,13,130,10,0.0,10000.0,1.0,1.0,0.0,0.0,0.0
product.Seral.area.young.CWHvm_HW_FDC_H.CC,14,140,10,0.0,10000.0,1.0,1.0,0.0,0.0,0.0
product.Seral.area.young.CWHvm_HW_FDC_H.CC,15,150,10,0.0,10000.0,1.0,1.0,0.0,0.0,0.0
product.Seral.area.young.CWHvm_HW_FDC_H.CC,16,160,10,0.0,10000.0,1.0,1.0,0.0,0.0,0.0
product.Seral.area.young.CWHvm_HW_FDC_H.CC,17,170,10,0.0,10000.0,1.0,1.0,0.0,0.0,0.0
product.Seral.area.young.CWHvm_HW_FDC_H.CC,18,180,10,0.0,10000.0,1.0,1.0,0.0,0.0,0.0
product.Seral.area.young.CWHvm_HW_FDC_H.CC,19,190,10,0.0,10000.0,1.0,1.0,0.0,0.0,0.0
product.Seral.area.young.CWHvm_HW_FDC_H.CC,20,200,10,0.0,10000.0,1.0,1.0,0.0,0.0,0.0
product.Seral.area.young.CWHvm_HW_FDC_H.CC,21,210,10,0.0,10000.0,1.0,1.0,0.0,0.0,0.0
product.Seral.area.young.CWHvm_HW_FDC_H.CC,22,220,10,0.0,10000.0,1.0,1.0,0.0,0.0,0.0
product.Seral.area.young.CWHvm_HW_FDC_H.CC,23,230,10,0.0,10000.0,1.0,1.0,0.0,0.0,0.0
product.Seral.area.young.CWHvm_HW_FDC_H.CC,24,240,10,0.0,10000.0,1.0,1.0,0.0,0.0,0.0
product.Seral.area.young.CWHvm_HW_FDC_H.CC,25,250,10,0.0,10000.0,1.0,1.0,0.0,0.0,0.0
product.Seral.area.young.CWHvm_HW_FDC_H.CC,26,260,10,0.0,10000.0,1.0,1.0,0.0,0.0,0.0
product.Seral.area.young.CWHvm_HW_FDC_H.CC,27,270,10,0.0,10000.0,1.0,1.0,0.0,0.0,0.0
product.Seral.area.young.CWHvm_HW_FDC_H.CC,28,280,10,0.0,10000.0,1.0,1.0,0.0,0.0,0.0
product.Seral.area.young.CWHvm_HW_FDC_H.CC,29,290,10,0.0,10000.0,1.0,1.0,0.0,0.0,0.0
product.Seral.area.young.CWHvm_HW_FDC_H.CC,30,300,10,0.0,10000.0,1.0,1.0,0.0,0.0,0.0
product.Seral.area.young.CWHvm_HW_FDC_L.CC,0,0,10,0.0,10000.0,1.0,1.0,0.0,0.0,0.0
product.Seral.area.young.CWHvm_HW_FDC_L.CC,1,10,10,0.0,10000.0,1.0,1.0,0.0,0.0,0.0
product.Seral.area.young.CWHvm_HW_FDC_L.CC,2,20,10,0.0,10000.0,1.0,1.0,0.0,0.0,0.0
product.Seral.area.young.CWHvm_HW_FDC_L.CC,3,30,10,0.0,10000.0,1.0,1.0,0.0,0.0,0.0
product.Seral.area.young.CWHvm_HW_FDC_L.CC,4,40,10,0.0,10000.0,1.0,1.0,0.0,0.0,0.0
product.Seral.area.young.CWHvm_HW_FDC_L.CC,5,50,10,0.0,10000.0,1.0,1.0,0.0,0.0,0.0
product.Seral.area.young.CWHvm_HW_FDC_L.CC,6,60,10,0.0,10000.0,1.0,1.0,0.0,0.0,0.0
product.Seral.area.young.CWHvm_HW_FDC_L.CC,7,70,10,0.0,10000.0,1.0,1.0,0.0,0.0,0.0
product.Seral.area.young.CWHvm_HW_FDC_L.CC,8,80,10,0.0,10000.0,1.0,1.0,0.0,0.0,0.0
product.Seral.area.young.CWHvm_HW_FDC_L.CC,9,90,10,0.0,10000.0,1.0,1.0,0.0,0.0,0.0
product.Seral.area.young.CWHvm_HW_FDC_L.CC,10,100,10,0.0,10000.0,1.0,1.0,0.0,0.0,0.0
product.Seral.area.young.CWHvm_HW_FDC_L.CC,11,110,10,0.0,10000.0,1.0,1.0,0.0,0.0,0.0
product.Seral.area.young.CWHvm_HW_FDC_L.CC,12,120,10,0.0,10000.0,1.0,1.0,0.0,0.0,0.0
product.Seral.area.young.CWHvm_HW_FDC_L.CC,13,130,10,0.0,10000.0,1.0,1.0,0.0,0.0,0.0
product.Seral.area.young.CWHvm_HW_FDC_L.CC,14,140,10,0.0,10000.0,1.0,1.0,0.0,0.0,0.0
product.Seral.area.young.CWHvm_HW_FDC_L.CC,15,150,10,0.0,10000.0,1.0,1.0,0.0,0.0,0.0
product.Seral.area.young.CWHvm_HW_FDC_L.CC,16,160,10,0.0,10000.0,1.0,1.0,0.0,0.0,0.0
product.Seral.area.young.CWHvm_HW_FDC_L.CC,17,170,10,0.0,10000.0,1.0,1.0,0.0,0.0,0.0
product.Seral.area.young.CWHvm_HW_FDC_L.CC,18,180,10,0.0,10000.0,1.0,1.0,0.0,0.0,0.0
product.Seral.area.young.CWHvm_HW_FDC_L.CC,19,190,10,0.0,10000.0,1.0,1.0,0.0,0.0,0.0
product.Seral.area.young.CWHvm_HW_FDC_L.CC,20,200,10,0.0,10000.0,1.0,1.0,0.0,0.0,0.0
product.Seral.area.young.CWHvm_HW_FDC_L.CC,21,210,10,0.0,10000.0,1.0,1.0,0.0,0.0,0.0
product.Seral.area.young.CWHvm_HW_FDC_L.CC,22,220,10,0.0,10000.0,1.0,1.0,0.0,0.0,0.0
product.Seral.area.young.CWHvm_HW_FDC_L.CC,23,230,10,0.0,10000.0,1.0,1.0,0.0,0.0,0.0
product.Seral.area.young.CWHvm_HW_FDC_L.CC,24,240,10,0.0,10000.0,1.0,1.0,0.0,0.0,0.0
product.Seral.area.young.CWHvm_HW_FDC_L.CC,25,250,10,0.0,10000.0,1.0,1.0,0.0,0.0,0.0
product.Seral.area.young.CWHvm_HW_FDC_L.CC,26,260,10,0.0,10000.0,1.0,1.0,0.0,0.0,0.0
product.Seral.area.young.CWHvm_HW_FDC_L.CC,27,270,10,0.0,10000.0,1.0,1.0,0.0,0.0,0.0
product.Seral.area.young.CWHvm_HW_FDC_L.CC,28,280,10,0.0,10000.0,1.0,1.0,0.0,0.0,0.0
product.Seral.area.young.CWHvm_HW_FDC_L.CC,29,290,10,0.0,10000.0,1.0,1.0,0.0,0.0,0.0
product.Seral.area.young.CWHvm_HW_FDC_L.CC,30,300,10,0.0,10000.0,1.0,1.0,0.0,0.0,0.0
product.Seral.area.young.CWHvm_HW_SS_M.CC,0,0,10,0.0,10000.0,1.0,1.0,0.0,0.0,0.0
product.Seral.area.young.CWHvm_HW_SS_M.CC,1,10,10,0.0,10000.0,1.0,1.0,0.0,0.0,0.0
product.Seral.area.young.CWHvm_HW_SS_M.CC,2,20,10,0.0,10000.0,1.0,1.0,0.0,0.0,0.0
product.Seral.area.young.CWHvm_HW_SS_M.CC,3,30,10,0.0,10000.0,1.0,1.0,0.0,0.0,0.0
product.Seral.area.young.CWHvm_HW_SS_M.CC,4,40,10,0.0,10000.0,1.0,1.0,0.0,0.0,0.0
product.Seral.area.young.CWHvm_HW_SS_M.CC,5,50,10,0.0,10000.0,1.0,1.0,0.0,0.0,0.0
product.Seral.area.young.CWHvm_HW_SS_M.CC,6,60,10,0.0,10000.0,1.0,1.0,0.0,0.0,0.0
product.Seral.area.young.CWHvm_HW_SS_M.CC,7,70,10,0.0,10000.0,1.0,1.0,0.0,0.0,0.0
product.Seral.area.young.CWHvm_HW_SS_M.CC,8,80,10,0.0,10000.0,1.0,1.0,0.0,0.0,0.0
product.Seral.area.young.CWHvm_HW_SS_M.CC,9,90,10,0.0,10000.0,1.0,1.0,0.0,0.0,0.0
product.Seral.area.young.CWHvm_HW_SS_M.CC,10,100,10,0.0,10000.0,1.0,1.0,0.0,0.0,0.0
product.Seral.area.young.CWHvm_HW_SS_M.CC,11,110,10,0.0,10000.0,1.0,1.0,0.0,0.0,0.0
product.Seral.area.young.CWHvm_HW_SS_M.CC,12,120,10,0.0,10000.0,1.0,1.0,0.0,0.0,0.0
product.Seral.area.young.CWHvm_HW_SS_M.CC,13,130,10,0.0,10000.0,1.0,1.0,0.0,0.0,0.0
product.Seral.area.young.CWHvm_HW_SS_M.CC,14,140,10,0.0,10000.0,1.0,1.0,0.0,0.0,0.0
product.Seral.area.young.CWHvm_HW_SS_M.CC,15,150,10,0.0,10000.0,1.0,1.0,0.0,0.0,0.0
product.Seral.area.young.CWHvm_HW_SS_M.CC,16,160,10,0.0,10000.0,1.0,1.0,0.0,0.0,0.0
product.Seral.area.young.CWHvm_HW_SS_M.CC,17,170,10,0.0,10000.0,1.0,1.0,0.0,0.0,0.0
product.Seral.area.young.CWHvm_HW_SS_M.CC,18,180,10,0.0,10000.0,1.0,1.0,0.0,0.0,0.0
product.Seral.area.young.CWHvm_HW_SS_M.CC,19,190,10,0.0,10000.0,1.0,1.0,0.0,0.0,0.0
product.Seral.area.young.CWHvm_HW_SS_M.CC,20,200,10,0.0,10000.0,1.0,1.0,0.0,0.0,0.0
product.Seral.area.young.CWHvm_HW_SS_M.CC,21,210,10,0.0,10000.0,1.0,1.0,0.0,0.0,0.0
product.Seral.area.young.CWHvm_HW_SS_M.CC,22,220,10,0.0,10000.0,1.0,1.0,0.0,0.0,0.0
product.Seral.area.young.CWHvm_HW_SS_M.CC,23,230,10,0.0,10000.0,1.0,1.0,0.0,0.0,0.0
product.Seral.area.young.CWHvm_HW_SS_M.CC,24,240,10,0.0,10000.0,1.0,1.0,0.0,0.0,0.0
product.Seral.area.young.CWHvm_HW_SS_M.CC,25,250,10,0.0,10000.0,1.0,1.0,0.0,0.0,0.0
product.Seral.area.young.CWHvm_HW_SS_M.CC,26,260,10,0.0,10000.0,1.0,1.0,0.0,0.0,0.0
product.Seral.area.young.CWHvm_HW_SS_M.CC,27,270,10,0.0,10000.0,1.0,1.0,0.0,0.0,0.0
product.Seral.area.young.CWHvm_HW_SS_M.CC,28,280,10,0.0,10000.0,1.0,1.0,0.0,0.0,0.0
product.Seral.area.young.CWHvm_HW_SS_M.CC,29,290,10,0.0,10000.0,1.0,1.0,0.0,0.0,0.0
product.Seral.area.young.CWHvm_HW_SS_M.CC,30,300,10,0.0,10000.0,1.0,1.0,0.0,0.0,0.0
product.SpeciesProp.managed.BA,0,0,10,0.0,10000.0,1.0,1.0,0.0,0.0,0.0
product.SpeciesProp.managed.BA,1,10,10,0.0,10000.0,1.0,1.0,1.0770000219345093,0.0,0.0
product.SpeciesProp.managed.BA,2,20,10,0.0,10000.0,1.0,1.0,2.6630001068115234,0.0,0.0
product.SpeciesProp.managed.BA,3,30,10,0.0,10000.0,1.0,1.0,0.0,0.0,0.0
product.SpeciesProp.managed.BA,4,40,10,0.0,10000.0,1.0,1.0,0.0,0.0,0.0
product.SpeciesProp.managed.BA,5,50,10,0.0,10000.0,1.0,1.0,0.0,0.0,0.0
product.SpeciesProp.managed.BA,6,60,10,0.0,10000.0,1.0,1.0,0.0,0.0,0.0
product.SpeciesProp.managed.BA,7,70,10,0.0,10000.0,1.0,1.0,0.0,0.0,0.0
product.SpeciesProp.managed.BA,8,80,10,0.0,10000.0,1.0,1.0,0.3400000035762787,0.0,0.0
product.SpeciesProp.managed.BA,9,90,10,0.0,10000.0,1.0,1.0,0.0,0.0,0.0
product.SpeciesProp.managed.BA,10,100,10,0.0,10000.0,1.0,1.0,0.0,0.0,0.0
product.SpeciesProp.managed.BA,11,110,10,0.0,10000.0,1.0,1.0,0.0,0.0,0.0
product.SpeciesProp.managed.BA,12,120,10,0.0,10000.0,1.0,1.0,0.0,0.0,0.0
product.SpeciesProp.managed.BA,13,130,10,0.0,10000.0,1.0,1.0,0.0,0.0,0.0
product.SpeciesProp.managed.BA,14,140,10,0.0,10000.0,1.0,1.0,0.0,0.0,0.0
product.SpeciesProp.managed.BA,15,150,10,0.0,10000.0,1.0,1.0,0.0,0.0,0.0
product.SpeciesProp.managed.BA,16,160,10,0.0,10000.0,1.0,1.0,0.0,0.0,0.0
product.SpeciesProp.managed.BA,17,170,10,0.0,10000.0,1.0,1.0,0.0,0.0,0.0
product.SpeciesProp.managed.BA,18,180,10,0.0,10000.0,1.0,1.0,0.0,0.0,0.0
product.SpeciesProp.managed.BA,19,190,10,0.0,10000.0,1.0,1.0,0.0,0.0,0.0
product.SpeciesProp.managed.BA,20,200,10,0.0,10000.0,1.0,1.0,0.0,0.0,0.0
product.SpeciesProp.managed.BA,21,210,10,0.0,10000.0,1.0,1.0,0.0,0.0,0.0
product.SpeciesProp.managed.BA,22,220,10,0.0,10000.0,1.0,1.0,0.0,0.0,0.0
product.SpeciesProp.managed.BA,23,230,10,0.0,10000.0,1.0,1.0,0.0,0.0,0.0
product.SpeciesProp.managed.BA,24,240,10,0.0,10000.0,1.0,1.0,0.0,0.0,0.0
product.SpeciesProp.managed.BA,25,250,10,0.0,10000.0,1.0,1.0,0.0,0.0,0.0
product.SpeciesProp.managed.BA,26,260,10,0.0,10000.0,1.0,1.0,0.0,0.0,0.0
product.SpeciesProp.managed.BA,27,270,10,0.0,10000.0,1.0,1.0,0.0,0.0,0.0
product.SpeciesProp.managed.BA,28,280,10,0.0,10000.0,1.0,1.0,0.0,0.0,0.0
product.SpeciesProp.managed.BA,29,290,10,0.0,10000.0,1.0,1.0,0.0,0.0,0.0
product.SpeciesProp.managed.BA,30,300,10,0.0,10000.0,1.0,1.0,0.0,0.0,0.0
product.SpeciesProp.managed.CW,0,0,10,0.0,10000.0,1.0,1.0,0.0,0.0,0.0
product.SpeciesProp.managed.CW,1,10,10,0.0,10000.0,1.0,1.0,6.301000118255615,0.0,0.0
product.SpeciesProp.managed.CW,2,20,10,0.0,10000.0,1.0,1.0,20.913000106811523,0.0,0.0
product.SpeciesProp.managed.CW,3,30,10,0.0,10000.0,1.0,1.0,24.985000610351562,0.0,0.0
product.SpeciesProp.managed.CW,4,40,10,0.0,10000.0,1.0,1.0,16.763999938964844,0.0,0.0
product.SpeciesProp.managed.CW,5,50,10,0.0,10000.0,1.0,1.0,14.529999732971191,0.0,0.0
product.SpeciesProp.managed.CW,6,60,10,0.0,10000.0,1.0,1.0,21.649999618530273,0.0,0.0
product.SpeciesProp.managed.CW,7,70,10,0.0,10000.0,1.0,1.0,32.37300109863281,0.0,0.0
product.SpeciesProp.managed.CW,8,80,10,0.0,10000.0,1.0,1.0,28.516000747680664,0.0,0.0
product.SpeciesProp.managed.CW,9,90,10,0.0,10000.0,1.0,1.0,17.839000701904297,0.0,0.0
product.SpeciesProp.managed.CW,10,100,10,0.0,10000.0,1.0,1.0,26.301000595092773,0.0,0.0
product.SpeciesProp.managed.CW,11,110,10,0.0,10000.0,1.0,1.0,18.73699951171875,0.0,0.0
product.SpeciesProp.managed.CW,12,120,10,0.0,10000.0,1.0,1.0,23.113000869750977,0.0,0.0
product.SpeciesProp.managed.CW,13,130,10,0.0,10000.0,1.0,1.0,19.14900016784668,0.0,0.0
product.SpeciesProp.managed.CW,14,140,10,0.0,10000.0,1.0,1.0,18.718000411987305,0.0,0.0
product.SpeciesProp.managed.CW,15,150,10,0.0,10000.0,1.0,1.0,23.072999954223633,0.0,0.0
product.SpeciesProp.managed.CW,16,160,10,0.0,10000.0,1.0,1.0,19.371000289916992,0.0,0.0
product.SpeciesProp.managed.CW,17,170,10,0.0,10000.0,1.0,1.0,23.23900032043457,0.0,0.0
product.SpeciesProp.managed.CW,18,180,10,0.0,10000.0,1.0,1.0,29.93600082397461,0.0,0.0
product.SpeciesProp.managed.CW,19,190,10,0.0,10000.0,1.0,1.0,17.481000900268555,0.0,0.0
product.SpeciesProp.managed.CW,20,200,10,0.0,10000.0,1.0,1.0,20.441999435424805,0.0,0.0
product.SpeciesProp.managed.CW,21,210,10,0.0,10000.0,1.0,1.0,19.84000015258789,0.0,0.0
product.SpeciesProp.managed.CW,22,220,10,0.0,10000.0,1.0,1.0,24.452999114990234,0.0,0.0
product.SpeciesProp.managed.CW,23,230,10,0.0,10000.0,1.0,1.0,20.06399917602539,0.0,0.0
product.SpeciesProp.managed.CW,24,240,10,0.0,10000.0,1.0,1.0,24.43400001525879,0.0,0.0
product.SpeciesProp.managed.CW,25,250,10,0.0,10000.0,1.0,1.0,25.202999114990234,0.0,0.0
product.SpeciesProp.managed.CW,26,260,10,0.0,10000.0,1.0,1.0,29.628999710083008,0.0,0.0
product.SpeciesProp.managed.CW,27,270,10,0.0,10000.0,1.0,1.0,19.19499969482422,0.0,0.0
product.SpeciesProp.managed.CW,28,280,10,0.0,10000.0,1.0,1.0,21.756999969482422,0.0,0.0
product.SpeciesProp.managed.CW,29,290,10,0.0,10000.0,1.0,1.0,17.309999465942383,0.0,0.0
product.SpeciesProp.managed.CW,30,300,10,0.0,10000.0,1.0,1.0,23.6200008392334,0.0,0.0
product.SpeciesProp.managed.FDC,0,0,10,0.0,10000.0,1.0,1.0,0.0,0.0,0.0
product.SpeciesProp.managed.FDC,1,10,10,0.0,10000.0,1.0,1.0,22.56399917602539,0.0,0.0
product.SpeciesProp.managed.FDC,2,20,10,0.0,10000.0,1.0,1.0,25.16200065612793,0.0,0.0
product.SpeciesProp.managed.FDC,3,30,10,0.0,10000.0,1.0,1.0,9.663999557495117,0.0,0.0
product.SpeciesProp.managed.FDC,4,40,10,0.0,10000.0,1.0,1.0,40.82699966430664,0.0,0.0
product.SpeciesProp.managed.FDC,5,50,10,0.0,10000.0,1.0,1.0,22.871999740600586,0.0,0.0
product.SpeciesProp.managed.FDC,6,60,10,0.0,10000.0,1.0,1.0,52.37200164794922,0.0,0.0
product.SpeciesProp.managed.FDC,7,70,10,0.0,10000.0,1.0,1.0,27.878999710083008,0.0,0.0
product.SpeciesProp.managed.FDC,8,80,10,0.0,10000.0,1.0,1.0,32.275001525878906,0.0,0.0
product.SpeciesProp.managed.FDC,9,90,10,0.0,10000.0,1.0,1.0,22.363000869750977,0.0,0.0
product.SpeciesProp.managed.FDC,10,100,10,0.0,10000.0,1.0,1.0,28.26799964904785,0.0,0.0
product.SpeciesProp.managed.FDC,11,110,10,0.0,10000.0,1.0,1.0,38.13100051879883,0.0,0.0
product.SpeciesProp.managed.FDC,12,120,10,0.0,10000.0,1.0,1.0,32.0880012512207,0.0,0.0
product.SpeciesProp.managed.FDC,13,130,10,0.0,10000.0,1.0,1.0,25.55500030517578,0.0,0.0
product.SpeciesProp.managed.FDC,14,140,10,0.0,10000.0,1.0,1.0,38.082000732421875,0.0,0.0
product.SpeciesProp.managed.FDC,15,150,10,0.0,10000.0,1.0,1.0,34.858001708984375,0.0,0.0
product.SpeciesProp.managed.FDC,16,160,10,0.0,10000.0,1.0,1.0,14.29800033569336,0.0,0.0
product.SpeciesProp.managed.FDC,17,170,10,0.0,10000.0,1.0,1.0,76.54199981689453,0.0,0.0
product.SpeciesProp.managed.FDC,18,180,10,0.0,10000.0,1.0,1.0,19.04400062561035,0.0,0.0
product.SpeciesProp.managed.FDC,19,190,10,0.0,10000.0,1.0,1.0,37.069000244140625,0.0,0.0
product.SpeciesProp.managed.FDC,20,200,10,0.0,10000.0,1.0,1.0,28.736000061035156,0.0,0.0
product.SpeciesProp.managed.FDC,21,210,10,0.0,10000.0,1.0,1.0,29.886999130249023,0.0,0.0
product.SpeciesProp.managed.FDC,22,220,10,0.0,10000.0,1.0,1.0,14.479000091552734,0.0,0.0
product.SpeciesProp.managed.FDC,23,230,10,0.0,10000.0,1.0,1.0,12.416999816894531,0.0,0.0
product.SpeciesProp.managed.FDC,24,240,10,0.0,10000.0,1.0,1.0,19.511999130249023,0.0,0.0
product.SpeciesProp.managed.FDC,25,250,10,0.0,10000.0,1.0,1.0,45.198001861572266,0.0,0.0
product.SpeciesProp.managed.FDC,26,260,10,0.0,10000.0,1.0,1.0,64.45899963378906,0.0,0.0
product.SpeciesProp.managed.FDC,27,270,10,0.0,10000.0,1.0,1.0,37.676998138427734,0.0,0.0
product.SpeciesProp.managed.FDC,28,280,10,0.0,10000.0,1.0,1.0,20.273000717163086,0.0,0.0
product.SpeciesProp.managed.FDC,29,290,10,0.0,10000.0,1.0,1.0,33.67900085449219,0.0,0.0
product.SpeciesProp.managed.FDC,30,300,10,0.0,10000.0,1.0,1.0,37.691001892089844,0.0,0.0
product.SpeciesProp.managed.HW,0,0,10,0.0,10000.0,1.0,1.0,0.0,0.0,0.0
product.SpeciesProp.managed.HW,1,10,10,0.0,10000.0,1.0,1.0,79.96600341796875,0.0,0.0
product.SpeciesProp.managed.HW,2,20,10,0.0,10000.0,1.0,1.0,79.14199829101562,0.0,0.0
product.SpeciesProp.managed.HW,3,30,10,0.0,10000.0,1.0,1.0,77.76699829101562,0.0,0.0
product.SpeciesProp.managed.HW,4,40,10,0.0,10000.0,1.0,1.0,47.88100051879883,0.0,0.0
product.SpeciesProp.managed.HW,5,50,10,0.0,10000.0,1.0,1.0,63.28799819946289,0.0,0.0
product.SpeciesProp.managed.HW,6,60,10,0.0,10000.0,1.0,1.0,53.98899841308594,0.0,0.0
product.SpeciesProp.managed.HW,7,70,10,0.0,10000.0,1.0,1.0,81.83999633789062,0.0,0.0
product.SpeciesProp.managed.HW,8,80,10,0.0,10000.0,1.0,1.0,63.1510009765625,0.0,0.0
product.SpeciesProp.managed.HW,9,90,10,0.0,10000.0,1.0,1.0,59.95899963378906,0.0,0.0
product.SpeciesProp.managed.HW,10,100,10,0.0,10000.0,1.0,1.0,74.07099914550781,0.0,0.0
product.SpeciesProp.managed.HW,11,110,10,0.0,10000.0,1.0,1.0,55.19599914550781,0.0,0.0
product.SpeciesProp.managed.HW,12,120,10,0.0,10000.0,1.0,1.0,63.941001892089844,0.0,0.0
product.SpeciesProp.managed.HW,13,130,10,0.0,10000.0,1.0,1.0,59.823001861572266,0.0,0.0
product.SpeciesProp.managed.HW,14,140,10,0.0,10000.0,1.0,1.0,53.013999938964844,0.0,0.0
product.SpeciesProp.managed.HW,15,150,10,0.0,10000.0,1.0,1.0,60.86199951171875,0.0,0.0
product.SpeciesProp.managed.HW,16,160,10,0.0,10000.0,1.0,1.0,65.37999725341797,0.0,0.0
product.SpeciesProp.managed.HW,17,170,10,0.0,10000.0,1.0,1.0,42.65399932861328,0.0,0.0
product.SpeciesProp.managed.HW,18,180,10,0.0,10000.0,1.0,1.0,107.64199829101562,0.0,0.0
product.SpeciesProp.managed.HW,19,190,10,0.0,10000.0,1.0,1.0,46.34199905395508,0.0,0.0
product.SpeciesProp.managed.HW,20,200,10,0.0,10000.0,1.0,1.0,65.08399963378906,0.0,0.0
product.SpeciesProp.managed.HW,21,210,10,0.0,10000.0,1.0,1.0,60.27899932861328,0.0,0.0
product.SpeciesProp.managed.HW,22,220,10,0.0,10000.0,1.0,1.0,75.34100341796875,0.0,0.0
product.SpeciesProp.managed.HW,23,230,10,0.0,10000.0,1.0,1.0,69.66999816894531,0.0,0.0
product.SpeciesProp.managed.HW,24,240,10,0.0,10000.0,1.0,1.0,68.697998046875,0.0,0.0
product.SpeciesProp.managed.HW,25,250,10,0.0,10000.0,1.0,1.0,74.8550033569336,0.0,0.0
product.SpeciesProp.managed.HW,26,260,10,0.0,10000.0,1.0,1.0,83.1709976196289,0.0,0.0
product.SpeciesProp.managed.HW,27,270,10,0.0,10000.0,1.0,1.0,52.47600173950195,0.0,0.0
product.SpeciesProp.managed.HW,28,280,10,0.0,10000.0,1.0,1.0,59.7869987487793,0.0,0.0
product.SpeciesProp.managed.HW,29,290,10,0.0,10000.0,1.0,1.0,48.98099899291992,0.0,0.0
product.SpeciesProp.managed.HW,30,300,10,0.0,10000.0,1.0,1.0,69.11399841308594,0.0,0.0
product.SpeciesProp.managed.PLC,0,0,10,0.0,10000.0,1.0,1.0,0.0,0.0,0.0
product.SpeciesProp.managed.PLC,1,10,10,0.0,10000.0,1.0,1.0,0.0,0.0,0.0
product.SpeciesProp.managed.PLC,2,20,10,0.0,10000.0,1.0,1.0,2.736999988555908,0.0,0.0
product.SpeciesProp.managed.PLC,3,30,10,0.0,10000.0,1.0,1.0,0.0,0.0,0.0
product.SpeciesProp.managed.PLC,4,40,10,0.0,10000.0,1.0,1.0,0.0,0.0,0.0
product.SpeciesProp.managed.PLC,5,50,10,0.0,10000.0,1.0,1.0,0.0,0.0,0.0
product.SpeciesProp.managed.PLC,6,60,10,0.0,10000.0,1.0,1.0,0.0,0.0,0.0
product.SpeciesProp.managed.PLC,7,70,10,0.0,10000.0,1.0,1.0,0.0,0.0,0.0
product.SpeciesProp.managed.PLC,8,80,10,0.0,10000.0,1.0,1.0,0.0,0.0,0.0
product.SpeciesProp.managed.PLC,9,90,10,0.0,10000.0,1.0,1.0,0.0,0.0,0.0
product.SpeciesProp.managed.PLC,10,100,10,0.0,10000.0,1.0,1.0,0.0,0.0,0.0
product.SpeciesProp.managed.PLC,11,110,10,0.0,10000.0,1.0,1.0,0.0,0.0,0.0
product.SpeciesProp.managed.PLC,12,120,10,0.0,10000.0,1.0,1.0,0.0,0.0,0.0
product.SpeciesProp.managed.PLC,13,130,10,0.0,10000.0,1.0,1.0,0.0,0.0,0.0
product.SpeciesProp.managed.PLC,14,140,10,0.0,10000.0,1.0,1.0,0.0,0.0,0.0
product.SpeciesProp.managed.PLC,15,150,10,0.0,10000.0,1.0,1.0,0.0,0.0,0.0
product.SpeciesProp.managed.PLC,16,160,10,0.0,10000.0,1.0,1.0,0.0,0.0,0.0
product.SpeciesProp.managed.PLC,17,170,10,0.0,10000.0,1.0,1.0,0.0,0.0,0.0
product.SpeciesProp.managed.PLC,18,180,10,0.0,10000.0,1.0,1.0,0.0,0.0,0.0
product.SpeciesProp.managed.PLC,19,190,10,0.0,10000.0,1.0,1.0,0.0,0.0,0.0
product.SpeciesProp.managed.PLC,20,200,10,0.0,10000.0,1.0,1.0,0.0,0.0,0.0
product.SpeciesProp.managed.PLC,21,210,10,0.0,10000.0,1.0,1.0,0.0,0.0,0.0
product.SpeciesProp.managed.PLC,22,220,10,0.0,10000.0,1.0,1.0,0.0,0.0,0.0
product.SpeciesProp.managed.PLC,23,230,10,0.0,10000.0,1.0,1.0,0.0,0.0,0.0
product.SpeciesProp.managed.PLC,24,240,10,0.0,10000.0,1.0,1.0,5.636000156402588,0.0,0.0
product.SpeciesProp.managed.PLC,25,250,10,0.0,10000.0,1.0,1.0,0.0,0.0,0.0
product.SpeciesProp.managed.PLC,26,260,10,0.0,10000.0,1.0,1.0,0.0,0.0,0.0
product.SpeciesProp.managed.PLC,27,270,10,0.0,10000.0,1.0,1.0,0.0,0.0,0.0
product.SpeciesProp.managed.PLC,28,280,10,0.0,10000.0,1.0,1.0,5.198999881744385,0.0,0.0
product.SpeciesProp.managed.PLC,29,290,10,0.0,10000.0,1.0,1.0,0.0,0.0,0.0
product.SpeciesProp.managed.PLC,30,300,10,0.0,10000.0,1.0,1.0,0.0,0.0,0.0
product.SpeciesProp.managed.SS,0,0,10,0.0,10000.0,1.0,1.0,0.0,0.0,0.0
product.SpeciesProp.managed.SS,1,10,10,0.0,10000.0,1.0,1.0,0.0,0.0,0.0
product.SpeciesProp.managed.SS,2,20,10,0.0,10000.0,1.0,1.0,0.0,0.0,0.0
product.SpeciesProp.managed.SS,3,30,10,0.0,10000.0,1.0,1.0,0.0,0.0,0.0
product.SpeciesProp.managed.SS,4,40,10,0.0,10000.0,1.0,1.0,0.0,0.0,0.0
product.SpeciesProp.managed.SS,5,50,10,0.0,10000.0,1.0,1.0,0.0,0.0,0.0
product.SpeciesProp.managed.SS,6,60,10,0.0,10000.0,1.0,1.0,0.0,0.0,0.0
product.SpeciesProp.managed.SS,7,70,10,0.0,10000.0,1.0,1.0,0.0,0.0,0.0
product.SpeciesProp.managed.SS,8,80,10,0.0,10000.0,1.0,1.0,0.0,0.0,0.0
product.SpeciesProp.managed.SS,9,90,10,0.0,10000.0,1.0,1.0,0.0,0.0,0.0
product.SpeciesProp.managed.SS,10,100,10,0.0,10000.0,1.0,1.0,0.0,0.0,0.0
product.SpeciesProp.managed.SS,11,110,10,0.0,10000.0,1.0,1.0,0.0,0.0,0.0
product.SpeciesProp.managed.SS,12,120,10,0.0,10000.0,1.0,1.0,0.0,0.0,0.0
product.SpeciesProp.managed.SS,13,130,10,0.0,10000.0,1.0,1.0,0.0,0.0,0.0
product.SpeciesProp.managed.SS,14,140,10,0.0,10000.0,1.0,1.0,0.0,0.0,0.0
product.SpeciesProp.managed.SS,15,150,10,0.0,10000.0,1.0,1.0,0.0,0.0,0.0
product.SpeciesProp.managed.SS,16,160,10,0.0,10000.0,1.0,1.0,0.0,0.0,0.0
product.SpeciesProp.managed.SS,17,170,10,0.0,10000.0,1.0,1.0,0.0,0.0,0.0
product.SpeciesProp.managed.SS,18,180,10,0.0,10000.0,1.0,1.0,0.0,0.0,0.0
product.SpeciesProp.managed.SS,19,190,10,0.0,10000.0,1.0,1.0,0.0,0.0,0.0
product.SpeciesProp.managed.SS,20,200,10,0.0,10000.0,1.0,1.0,0.0,0.0,0.0
product.SpeciesProp.managed.SS,21,210,10,0.0,10000.0,1.0,1.0,0.0,0.0,0.0
product.SpeciesProp.managed.SS,22,220,10,0.0,10000.0,1.0,1.0,0.0,0.0,0.0
product.SpeciesProp.managed.SS,23,230,10,0.0,10000.0,1.0,1.0,0.0,0.0,0.0
product.SpeciesProp.managed.SS,24,240,10,0.0,10000.0,1.0,1.0,4.486000061035156,0.0,0.0
product.SpeciesProp.managed.SS,25,250,10,0.0,10000.0,1.0,1.0,0.0,0.0,0.0
product.SpeciesProp.managed.SS,26,260,10,0.0,10000.0,1.0,1.0,0.0,0.0,0.0
product.SpeciesProp.managed.SS,27,270,10,0.0,10000.0,1.0,1.0,0.0,0.0,0.0
product.SpeciesProp.managed.SS,28,280,10,0.0,10000.0,1.0,1.0,0.0,0.0,0.0
product.SpeciesProp.managed.SS,29,290,10,0.0,10000.0,1.0,1.0,0.0,0.0,0.0
product.SpeciesProp.managed.SS,30,300,10,0.0,10000.0,1.0,1.0,0.0,0.0,0.0
product.SpeciesProp.managed.YC,0,0,10,0.0,10000.0,1.0,1.0,0.0,0.0,0.0
product.SpeciesProp.managed.YC,1,10,10,0.0,10000.0,1.0,1.0,0.0,0.0,0.0
product.SpeciesProp.managed.YC,2,20,10,0.0,10000.0,1.0,1.0,4.123000144958496,0.0,0.0
product.SpeciesProp.managed.YC,3,30,10,0.0,10000.0,1.0,1.0,0.0,0.0,0.0
product.SpeciesProp.managed.YC,4,40,10,0.0,10000.0,1.0,1.0,0.0,0.0,0.0
product.SpeciesProp.managed.YC,5,50,10,0.0,10000.0,1.0,1.0,0.0,0.0,0.0
product.SpeciesProp.managed.YC,6,60,10,0.0,10000.0,1.0,1.0,0.0,0.0,0.0
product.SpeciesProp.managed.YC,7,70,10,0.0,10000.0,1.0,1.0,2.312999963760376,0.0,0.0
product.SpeciesProp.managed.YC,8,80,10,0.0,10000.0,1.0,1.0,2.056999921798706,0.0,0.0
product.SpeciesProp.managed.YC,9,90,10,0.0,10000.0,1.0,1.0,0.0,0.0,0.0
product.SpeciesProp.managed.YC,10,100,10,0.0,10000.0,1.0,1.0,0.0,0.0,0.0
product.SpeciesProp.managed.YC,11,110,10,0.0,10000.0,1.0,1.0,0.0,0.0,0.0
product.SpeciesProp.managed.YC,12,120,10,0.0,10000.0,1.0,1.0,0.0,0.0,0.0
product.SpeciesProp.managed.YC,13,130,10,0.0,10000.0,1.0,1.0,0.0,0.0,0.0
product.SpeciesProp.managed.YC,14,140,10,0.0,10000.0,1.0,1.0,0.0,0.0,0.0
product.SpeciesProp.managed.YC,15,150,10,0.0,10000.0,1.0,1.0,0.0,0.0,0.0
product.SpeciesProp.managed.YC,16,160,10,0.0,10000.0,1.0,1.0,0.0,0.0,0.0
product.SpeciesProp.managed.YC,17,170,10,0.0,10000.0,1.0,1.0,0.0,0.0,0.0
product.SpeciesProp.managed.YC,18,180,10,0.0,10000.0,1.0,1.0,0.0,0.0,0.0
product.SpeciesProp.managed.YC,19,190,10,0.0,10000.0,1.0,1.0,0.0,0.0,0.0
product.SpeciesProp.managed.YC,20,200,10,0.0,10000.0,1.0,1.0,0.0,0.0,0.0
product.SpeciesProp.managed.YC,21,210,10,0.0,10000.0,1.0,1.0,0.0,0.0,0.0
product.SpeciesProp.managed.YC,22,220,10,0.0,10000.0,1.0,1.0,0.746999979019165,0.0,0.0
product.SpeciesProp.managed.YC,23,230,10,0.0,10000.0,1.0,1.0,0.0,0.0,0.0
product.SpeciesProp.managed.YC,24,240,10,0.0,10000.0,1.0,1.0,2.7269999980926514,0.0,0.0
product.SpeciesProp.managed.YC,25,250,10,0.0,10000.0,1.0,1.0,0.0,0.0,0.0
product.SpeciesProp.managed.YC,26,260,10,0.0,10000.0,1.0,1.0,0.0,0.0,0.0
product.SpeciesProp.managed.YC,27,270,10,0.0,10000.0,1.0,1.0,0.0,0.0,0.0
product.SpeciesProp.managed.YC,28,280,10,0.0,10000.0,1.0,1.0,2.5989999771118164,0.0,0.0
product.SpeciesProp.managed.YC,29,290,10,0.0,10000.0,1.0,1.0,0.0,0.0,0.0
product.SpeciesProp.managed.YC,30,300,10,0.0,10000.0,1.0,1.0,0.0,0.0,0.0
product.Treated.managed.CC,0,0,10,0.0,10000.0,1.0,1.0,0.0,0.0,0.0
product.Treated.managed.CC,1,10,10,0.0,10000.0,1.0,1.0,109.91100311279297,0.0,0.0
product.Treated.managed.CC,2,20,10,0.0,10000.0,1.0,1.0,134.73899841308594,0.0,0.0
product.Treated.managed.CC,3,30,10,0.0,10000.0,1.0,1.0,112.41400146484375,0.0,0.0
product.Treated.managed.CC,4,40,10,0.0,10000.0,1.0,1.0,105.47200012207031,0.0,0.0
product.Treated.managed.CC,5,50,10,0.0,10000.0,1.0,1.0,100.69000244140625,0.0,0.0
product.Treated.managed.CC,6,60,10,0.0,10000.0,1.0,1.0,128.01100158691406,0.0,0.0
product.Treated.managed.CC,7,70,10,0.0,10000.0,1.0,1.0,144.406005859375,0.0,0.0
product.Treated.managed.CC,8,80,10,0.0,10000.0,1.0,1.0,126.33999633789062,0.0,0.0
product.Treated.managed.CC,9,90,10,0.0,10000.0,1.0,1.0,100.16000366210938,0.0,0.0
product.Treated.managed.CC,10,100,10,0.0,10000.0,1.0,1.0,128.64100646972656,0.0,0.0
product.Treated.managed.CC,11,110,10,0.0,10000.0,1.0,1.0,112.05799865722656,0.0,0.0
product.Treated.managed.CC,12,120,10,0.0,10000.0,1.0,1.0,119.14199829101562,0.0,0.0
product.Treated.managed.CC,13,130,10,0.0,10000.0,1.0,1.0,104.52899932861328,0.0,0.0
product.Treated.managed.CC,14,140,10,0.0,10000.0,1.0,1.0,109.81600189208984,0.0,0.0
product.Treated.managed.CC,15,150,10,0.0,10000.0,1.0,1.0,118.79000091552734,0.0,0.0
product.Treated.managed.CC,16,160,10,0.0,10000.0,1.0,1.0,99.05000305175781,0.0,0.0
product.Treated.managed.CC,17,170,10,0.0,10000.0,1.0,1.0,142.4320068359375,0.0,0.0
product.Treated.managed.CC,18,180,10,0.0,10000.0,1.0,1.0,156.625,0.0,0.0
product.Treated.managed.CC,19,190,10,0.0,10000.0,1.0,1.0,100.89199829101562,0.0,0.0
product.Treated.managed.CC,20,200,10,0.0,10000.0,1.0,1.0,114.26499938964844,0.0,0.0
product.Treated.managed.CC,21,210,10,0.0,10000.0,1.0,1.0,110.00700378417969,0.0,0.0
product.Treated.managed.CC,22,220,10,0.0,10000.0,1.0,1.0,115.0199966430664,0.0,0.0
product.Treated.managed.CC,23,230,10,0.0,10000.0,1.0,1.0,102.1510009765625,0.0,0.0
product.Treated.managed.CC,24,240,10,0.0,10000.0,1.0,1.0,125.48899841308594,0.0,0.0
product.Treated.managed.CC,25,250,10,0.0,10000.0,1.0,1.0,145.2519989013672,0.0,0.0
product.Treated.managed.CC,26,260,10,0.0,10000.0,1.0,1.0,177.25900268554688,0.0,0.0
product.Treated.managed.CC,27,270,10,0.0,10000.0,1.0,1.0,109.3489990234375,0.0,0.0
product.Treated.managed.CC,28,280,10,0.0,10000.0,1.0,1.0,109.62100219726562,0.0,0.0
product.Treated.managed.CC,29,290,10,0.0,10000.0,1.0,1.0,99.96800231933594,0.0,0.0
product.Treated.managed.CC,30,300,10,0.0,10000.0,1.0,1.0,130.42599487304688,0.0,0.0
product.Yield.managed.BA,0,0,10,0.0,10000.0,1.0,1.0,0.0,0.0,0.0
product.Yield.managed.BA,1,10,10,0.0,10000.0,1.0,1.0,898.6699829101562,0.0,0.0
product.Yield.managed.BA,2,20,10,0.0,10000.0,1.0,1.0,2030.5250244140625,0.0,0.0
product.Yield.managed.BA,3,30,10,0.0,10000.0,1.0,1.0,0.0,0.0,0.0
product.Yield.managed.BA,4,40,10,0.0,10000.0,1.0,1.0,0.0,0.0,0.0
product.Yield.managed.BA,5,50,10,0.0,10000.0,1.0,1.0,0.0,0.0,0.0
product.Yield.managed.BA,6,60,10,0.0,10000.0,1.0,1.0,0.0,0.0,0.0
product.Yield.managed.BA,7,70,10,0.0,10000.0,1.0,1.0,0.0,0.0,0.0
product.Yield.managed.BA,8,80,10,0.0,10000.0,1.0,1.0,290.96099853515625,0.0,0.0
product.Yield.managed.BA,9,90,10,0.0,10000.0,1.0,1.0,0.0,0.0,0.0
product.Yield.managed.BA,10,100,10,0.0,10000.0,1.0,1.0,0.0,0.0,0.0
product.Yield.managed.BA,11,110,10,0.0,10000.0,1.0,1.0,0.0,0.0,0.0
product.Yield.managed.BA,12,120,10,0.0,10000.0,1.0,1.0,0.0,0.0,0.0
product.Yield.managed.BA,13,130,10,0.0,10000.0,1.0,1.0,0.0,0.0,0.0
product.Yield.managed.BA,14,140,10,0.0,10000.0,1.0,1.0,0.0,0.0,0.0
product.Yield.managed.BA,15,150,10,0.0,10000.0,1.0,1.0,0.0,0.0,0.0
product.Yield.managed.BA,16,160,10,0.0,10000.0,1.0,1.0,0.0,0.0,0.0
product.Yield.managed.BA,17,170,10,0.0,10000.0,1.0,1.0,0.0,0.0,0.0
product.Yield.managed.BA,18,180,10,0.0,10000.0,1.0,1.0,0.0,0.0,0.0
product.Yield.managed.BA,19,190,10,0.0,10000.0,1.0,1.0,0.0,0.0,0.0
product.Yield.managed.BA,20,200,10,0.0,10000.0,1.0,1.0,0.0,0.0,0.0
product.Yield.managed.BA,21,210,10,0.0,10000.0,1.0,1.0,0.0,0.0,0.0
product.Yield.managed.BA,22,220,10,0.0,10000.0,1.0,1.0,0.0,0.0,0.0
product.Yield.managed.BA,23,230,10,0.0,10000.0,1.0,1.0,0.0,0.0,0.0
product.Yield.managed.BA,24,240,10,0.0,10000.0,1.0,1.0,0.0,0.0,0.0
product.Yield.managed.BA,25,250,10,0.0,10000.0,1.0,1.0,0.0,0.0,0.0
product.Yield.managed.BA,26,260,10,0.0,10000.0,1.0,1.0,0.0,0.0,0.0
product.Yield.managed.BA,27,270,10,0.0,10000.0,1.0,1.0,0.0,0.0,0.0
product.Yield.managed.BA,28,280,10,0.0,10000.0,1.0,1.0,0.0,0.0,0.0
product.Yield.managed.BA,29,290,10,0.0,10000.0,1.0,1.0,0.0,0.0,0.0
product.Yield.managed.BA,30,300,10,0.0,10000.0,1.0,1.0,0.0,0.0,0.0
product.Yield.managed.CW,0,0,10,0.0,10000.0,1.0,1.0,0.0,0.0,0.0
product.Yield.managed.CW,1,10,10,0.0,10000.0,1.0,1.0,4317.24609375,0.0,0.0
product.Yield.managed.CW,2,20,10,0.0,10000.0,1.0,1.0,11575.0849609375,0.0,0.0
product.Yield.managed.CW,3,30,10,0.0,10000.0,1.0,1.0,20950.857421875,0.0,0.0
product.Yield.managed.CW,4,40,10,0.0,10000.0,1.0,1.0,15835.947265625,0.0,0.0
product.Yield.managed.CW,5,50,10,0.0,10000.0,1.0,1.0,14018.9482421875,0.0,0.0
product.Yield.managed.CW,6,60,10,0.0,10000.0,1.0,1.0,17811.099609375,0.0,0.0
product.Yield.managed.CW,7,70,10,0.0,10000.0,1.0,1.0,19557.623046875,0.0,0.0
product.Yield.managed.CW,8,80,10,0.0,10000.0,1.0,1.0,19206.65625,0.0,0.0
product.Yield.managed.CW,9,90,10,0.0,10000.0,1.0,1.0,17792.642578125,0.0,0.0
product.Yield.managed.CW,10,100,10,0.0,10000.0,1.0,1.0,19029.806640625,0.0,0.0
product.Yield.managed.CW,11,110,10,0.0,10000.0,1.0,1.0,16650.4375,0.0,0.0
product.Yield.managed.CW,12,120,10,0.0,10000.0,1.0,1.0,19070.78125,0.0,0.0
product.Yield.managed.CW,13,130,10,0.0,10000.0,1.0,1.0,18256.57421875,0.0,0.0
product.Yield.managed.CW,14,140,10,0.0,10000.0,1.0,1.0,17133.08984375,0.0,0.0
product.Yield.managed.CW,15,150,10,0.0,10000.0,1.0,1.0,18718.466796875,0.0,0.0
product.Yield.managed.CW,16,160,10,0.0,10000.0,1.0,1.0,19631.0546875,0.0,0.0
product.Yield.managed.CW,17,170,10,0.0,10000.0,1.0,1.0,16337.755859375,0.0,0.0
product.Yield.managed.CW,18,180,10,0.0,10000.0,1.0,1.0,18899.90234375,0.0,0.0
product.Yield.managed.CW,19,190,10,0.0,10000.0,1.0,1.0,17371.6171875,0.0,0.0
product.Yield.managed.CW,20,200,10,0.0,10000.0,1.0,1.0,17497.83984375,0.0,0.0
product.Yield.managed.CW,21,210,10,0.0,10000.0,1.0,1.0,18016.56640625,0.0,0.0
product.Yield.managed.CW,22,220,10,0.0,10000.0,1.0,1.0,20267.17578125,0.0,0.0
product.Yield.managed.CW,23,230,10,0.0,10000.0,1.0,1.0,19697.197265625,0.0,0.0
product.Yield.managed.CW,24,240,10,0.0,10000.0,1.0,1.0,16707.88671875,0.0,0.0
product.Yield.managed.CW,25,250,10,0.0,10000.0,1.0,1.0,16931.310546875,0.0,0.0
product.Yield.managed.CW,26,260,10,0.0,10000.0,1.0,1.0,16354.4599609375,0.0,0.0
product.Yield.managed.CW,27,270,10,0.0,10000.0,1.0,1.0,17759.6953125,0.0,0.0
product.Yield.managed.CW,28,280,10,0.0,10000.0,1.0,1.0,19024.216796875,0.0,0.0
product.Yield.managed.CW,29,290,10,0.0,10000.0,1.0,1.0,17252.3359375,0.0,0.0
product.Yield.managed.CW,30,300,10,0.0,10000.0,1.0,1.0,17634.806640625,0.0,0.0
product.Yield.managed.FDC,0,0,10,0.0,10000.0,1.0,1.0,0.0,0.0,0.0
product.Yield.managed.FDC,1,10,10,0.0,10000.0,1.0,1.0,20229.99609375,0.0,0.0
product.Yield.managed.FDC,2,20,10,0.0,10000.0,1.0,1.0,20709.853515625,0.0,0.0
product.Yield.managed.FDC,3,30,10,0.0,10000.0,1.0,1.0,9041.40625,0.0,0.0
product.Yield.managed.FDC,4,40,10,0.0,10000.0,1.0,1.0,39669.984375,0.0,0.0
product.Yield.managed.FDC,5,50,10,0.0,10000.0,1.0,1.0,22350.31640625,0.0,0.0
product.Yield.managed.FDC,6,60,10,0.0,10000.0,1.0,1.0,31787.400390625,0.0,0.0
product.Yield.managed.FDC,7,70,10,0.0,10000.0,1.0,1.0,24224.62890625,0.0,0.0
product.Yield.managed.FDC,8,80,10,0.0,10000.0,1.0,1.0,31201.744140625,0.0,0.0
product.Yield.managed.FDC,9,90,10,0.0,10000.0,1.0,1.0,22852.41796875,0.0,0.0
product.Yield.managed.FDC,10,100,10,0.0,10000.0,1.0,1.0,22338.525390625,0.0,0.0
product.Yield.managed.FDC,11,110,10,0.0,10000.0,1.0,1.0,33276.234375,0.0,0.0
product.Yield.managed.FDC,12,120,10,0.0,10000.0,1.0,1.0,27758.00390625,0.0,0.0
product.Yield.managed.FDC,13,130,10,0.0,10000.0,1.0,1.0,25238.60546875,0.0,0.0
product.Yield.managed.FDC,14,140,10,0.0,10000.0,1.0,1.0,33891.25390625,0.0,0.0
product.Yield.managed.FDC,15,150,10,0.0,10000.0,1.0,1.0,31978.060546875,0.0,0.0
product.Yield.managed.FDC,16,160,10,0.0,10000.0,1.0,1.0,13700.8212890625,0.0,0.0
product.Yield.managed.FDC,17,170,10,0.0,10000.0,1.0,1.0,52995.4921875,0.0,0.0
product.Yield.managed.FDC,18,180,10,0.0,10000.0,1.0,1.0,11501.470703125,0.0,0.0
product.Yield.managed.FDC,19,190,10,0.0,10000.0,1.0,1.0,36261.875,0.0,0.0
product.Yield.managed.FDC,20,200,10,0.0,10000.0,1.0,1.0,27172.3828125,0.0,0.0
product.Yield.managed.FDC,21,210,10,0.0,10000.0,1.0,1.0,27363.662109375,0.0,0.0
product.Yield.managed.FDC,22,220,10,0.0,10000.0,1.0,1.0,12755.587890625,0.0,0.0
product.Yield.managed.FDC,23,230,10,0.0,10000.0,1.0,1.0,11823.970703125,0.0,0.0
product.Yield.managed.FDC,24,240,10,0.0,10000.0,1.0,1.0,16286.6669921875,0.0,0.0
product.Yield.managed.FDC,25,250,10,0.0,10000.0,1.0,1.0,34708.62109375,0.0,0.0
product.Yield.managed.FDC,26,260,10,0.0,10000.0,1.0,1.0,33358.03515625,0.0,0.0
product.Yield.managed.FDC,27,270,10,0.0,10000.0,1.0,1.0,32404.427734375,0.0,0.0
product.Yield.managed.FDC,28,280,10,0.0,10000.0,1.0,1.0,19765.759765625,0.0,0.0
product.Yield.managed.FDC,29,290,10,0.0,10000.0,1.0,1.0,34722.0234375,0.0,0.0
product.Yield.managed.FDC,30,300,10,0.0,10000.0,1.0,1.0,33665.53125,0.0,0.0
product.Yield.managed.HW,0,0,10,0.0,10000.0,1.0,1.0,0.0,0.0,0.0
product.Yield.managed.HW,1,10,10,0.0,10000.0,1.0,1.0,74551.0078125,0.0,0.0
product.Yield.managed.HW,2,20,10,0.0,10000.0,1.0,1.0,64298.16796875,0.0,0.0
product.Yield.managed.HW,3,30,10,0.0,10000.0,1.0,1.0,70005.6484375,0.0,0.0
product.Yield.managed.HW,4,40,10,0.0,10000.0,1.0,1.0,44491.5546875,0.0,0.0
product.Yield.managed.HW,5,50,10,0.0,10000.0,1.0,1.0,63629.2421875,0.0,0.0
product.Yield.managed.HW,6,60,10,0.0,10000.0,1.0,1.0,50346.265625,0.0,0.0
product.Yield.managed.HW,7,70,10,0.0,10000.0,1.0,1.0,55036.76171875,0.0,0.0
product.Yield.managed.HW,8,80,10,0.0,10000.0,1.0,1.0,48253.859375,0.0,0.0
product.Yield.managed.HW,9,90,10,0.0,10000.0,1.0,1.0,59353.9453125,0.0,0.0
product.Yield.managed.HW,10,100,10,0.0,10000.0,1.0,1.0,58624.05859375,0.0,0.0
product.Yield.managed.HW,11,110,10,0.0,10000.0,1.0,1.0,50070.66015625,0.0,0.0
product.Yield.managed.HW,12,120,10,0.0,10000.0,1.0,1.0,53174.29296875,0.0,0.0
product.Yield.managed.HW,13,130,10,0.0,10000.0,1.0,1.0,56500.01171875,0.0,0.0
product.Yield.managed.HW,14,140,10,0.0,10000.0,1.0,1.0,48974.66796875,0.0,0.0
product.Yield.managed.HW,15,150,10,0.0,10000.0,1.0,1.0,49303.15234375,0.0,0.0
product.Yield.managed.HW,16,160,10,0.0,10000.0,1.0,1.0,66667.4609375,0.0,0.0
product.Yield.managed.HW,17,170,10,0.0,10000.0,1.0,1.0,30663.818359375,0.0,0.0
product.Yield.managed.HW,18,180,10,0.0,10000.0,1.0,1.0,69597.9375,0.0,0.0
product.Yield.managed.HW,19,190,10,0.0,10000.0,1.0,1.0,46352.72265625,0.0,0.0
product.Yield.managed.HW,20,200,10,0.0,10000.0,1.0,1.0,55328.90625,0.0,0.0
product.Yield.managed.HW,21,210,10,0.0,10000.0,1.0,1.0,54619.953125,0.0,0.0
product.Yield.managed.HW,22,220,10,0.0,10000.0,1.0,1.0,66702.421875,0.0,0.0
product.Yield.managed.HW,23,230,10,0.0,10000.0,1.0,1.0,68478.421875,0.0,0.0
product.Yield.managed.HW,24,240,10,0.0,10000.0,1.0,1.0,60546.1484375,0.0,0.0
product.Yield.managed.HW,25,250,10,0.0,10000.0,1.0,1.0,48358.76171875,0.0,0.0
product.Yield.managed.HW,26,260,10,0.0,10000.0,1.0,1.0,50286.234375,0.0,0.0
product.Yield.managed.HW,27,270,10,0.0,10000.0,1.0,1.0,49835.15234375,0.0,0.0
product.Yield.managed.HW,28,280,10,0.0,10000.0,1.0,1.0,61205.90625,0.0,0.0
product.Yield.managed.HW,29,290,10,0.0,10000.0,1.0,1.0,48023.6953125,0.0,0.0
product.Yield.managed.HW,30,300,10,0.0,10000.0,1.0,1.0,48698.93359375,0.0,0.0
product.Yield.managed.SS,0,0,10,0.0,10000.0,1.0,1.0,0.0,0.0,0.0
product.Yield.managed.SS,1,10,10,0.0,10000.0,1.0,1.0,0.0,0.0,0.0
product.Yield.managed.SS,2,20,10,0.0,10000.0,1.0,1.0,0.0,0.0,0.0
product.Yield.managed.SS,3,30,10,0.0,10000.0,1.0,1.0,0.0,0.0,0.0
product.Yield.managed.SS,4,40,10,0.0,10000.0,1.0,1.0,0.0,0.0,0.0
product.Yield.managed.SS,5,50,10,0.0,10000.0,1.0,1.0,0.0,0.0,0.0
product.Yield.managed.SS,6,60,10,0.0,10000.0,1.0,1.0,0.0,0.0,0.0
product.Yield.managed.SS,7,70,10,0.0,10000.0,1.0,1.0,0.0,0.0,0.0
product.Yield.managed.SS,8,80,10,0.0,10000.0,1.0,1.0,0.0,0.0,0.0
product.Yield.managed.SS,9,90,10,0.0,10000.0,1.0,1.0,0.0,0.0,0.0
product.Yield.managed.SS,10,100,10,0.0,10000.0,1.0,1.0,0.0,0.0,0.0
product.Yield.managed.SS,11,110,10,0.0,10000.0,1.0,1.0,0.0,0.0,0.0
product.Yield.managed.SS,12,120,10,0.0,10000.0,1.0,1.0,0.0,0.0,0.0
product.Yield.managed.SS,13,130,10,0.0,10000.0,1.0,1.0,0.0,0.0,0.0
product.Yield.managed.SS,14,140,10,0.0,10000.0,1.0,1.0,0.0,0.0,0.0
product.Yield.managed.SS,15,150,10,0.0,10000.0,1.0,1.0,0.0,0.0,0.0
product.Yield.managed.SS,16,160,10,0.0,10000.0,1.0,1.0,0.0,0.0,0.0
product.Yield.managed.SS,17,170,10,0.0,10000.0,1.0,1.0,0.0,0.0,0.0
product.Yield.managed.SS,18,180,10,0.0,10000.0,1.0,1.0,0.0,0.0,0.0
product.Yield.managed.SS,19,190,10,0.0,10000.0,1.0,1.0,0.0,0.0,0.0
product.Yield.managed.SS,20,200,10,0.0,10000.0,1.0,1.0,0.0,0.0,0.0
product.Yield.managed.SS,21,210,10,0.0,10000.0,1.0,1.0,0.0,0.0,0.0
product.Yield.managed.SS,22,220,10,0.0,10000.0,1.0,1.0,0.0,0.0,0.0
product.Yield.managed.SS,23,230,10,0.0,10000.0,1.0,1.0,0.0,0.0,0.0
product.Yield.managed.SS,24,240,10,0.0,10000.0,1.0,1.0,5204.201171875,0.0,0.0
product.Yield.managed.SS,25,250,10,0.0,10000.0,1.0,1.0,0.0,0.0,0.0
product.Yield.managed.SS,26,260,10,0.0,10000.0,1.0,1.0,0.0,0.0,0.0
product.Yield.managed.SS,27,270,10,0.0,10000.0,1.0,1.0,0.0,0.0,0.0
product.Yield.managed.SS,28,280,10,0.0,10000.0,1.0,1.0,0.0,0.0,0.0
product.Yield.managed.SS,29,290,10,0.0,10000.0,1.0,1.0,0.0,0.0,0.0
product.Yield.managed.SS,30,300,10,0.0,10000.0,1.0,1.0,0.0,0.0,0.0
product.Yield.managed.Total,0,0,10,100000.0,100000.0,1.0,1.0,0.0,0.0,0.0
product.Yield.managed.Total,1,10,10,100000.0,100000.0,1.0,1.0,99996.921875,0.0,0.9474084
product.Yield.managed.Total,2,20,10,100000.0,100000.0,1.0,1.0,99998.4765625,0.0,0.23317290000000007
product.Yield.managed.Total,3,30,10,100000.0,100000.0,1.0,1.0,99997.90625,0.0,0.4397409
product.Yield.managed.Total,4,40,10,100000.0,100000.0,1.0,1.0,99997.484375,0.0,0.6315168999999999
product.Yield.managed.Total,5,50,10,100000.0,100000.0,1.0,1.0,99998.5078125,0.0,0.22230810000000006
product.Yield.managed.Total,6,60,10,100000.0,100000.0,1.0,1.0,99944.765625,0.0,305.0905225
product.Yield.managed.Total,7,70,10,100000.0,100000.0,1.0,1.0,99982.0390625,0.0,32.270529599999996
product.Yield.managed.Total,8,80,10,100000.0,100000.0,1.0,1.0,99987.7890625,0.0,14.915736900000002
product.Yield.managed.Total,9,90,10,100000.0,100000.0,1.0,1.0,99999.0,0.0,0.0998001
product.Yield.managed.Total,10,100,10,100000.0,100000.0,1.0,1.0,99992.390625,0.0,5.7881664000000015
product.Yield.managed.Total,11,110,10,100000.0,100000.0,1.0,1.0,99997.328125,0.0,0.71289
product.Yield.managed.Total,12,120,10,100000.0,100000.0,1.0,1.0,100003.078125,0.0,0.9461776000000001
product.Yield.managed.Total,13,130,10,100000.0,100000.0,1.0,1.0,99995.1875,0.0,2.3145721
product.Yield.managed.Total,14,140,10,100000.0,100000.0,1.0,1.0,99999.0078125,0.0,0.09781210000000001
product.Yield.managed.Total,15,150,10,100000.0,100000.0,1.0,1.0,99999.671875,0.0,0.010692900000000002
product.Yield.managed.Total,16,160,10,100000.0,100000.0,1.0,1.0,99999.3359375,0.0,0.04369210000000001
product.Yield.managed.Total,17,170,10,100000.0,100000.0,1.0,1.0,99997.0703125,0.0,0.8602489000000002
product.Yield.managed.Total,18,180,10,100000.0,100000.0,1.0,1.0,99999.3125,0.0,0.046922500000000006
product.Yield.managed.Total,19,190,10,100000.0,100000.0,1.0,1.0,99986.21875,0.0,18.9943524
product.Yield.managed.Total,20,200,10,100000.0,100000.0,1.0,1.0,99999.125,0.0,0.0762129
product.Yield.managed.Total,21,210,10,100000.0,100000.0,1.0,1.0,100000.1796875,0.0,0.0031328999999999997
product.Yield.managed.Total,22,220,10,100000.0,100000.0,1.0,1.0,100000.4765625,0.0,0.022562500000000003
product.Yield.managed.Total,23,230,10,100000.0,100000.0,1.0,1.0,99999.59375,0.0,0.016564900000000004
product.Yield.managed.Total,24,240,10,100000.0,100000.0,1.0,1.0,100001.4296875,0.0,0.20391839999999997
product.Yield.managed.Total,25,250,10,100000.0,100000.0,1.0,1.0,99998.6953125,0.0,0.1703025
product.Yield.managed.Total,26,260,10,100000.0,100000.0,1.0,1.0,99998.7265625,0.0,0.16129000000000002
product.Yield.managed.Total,27,270,10,100000.0,100000.0,1.0,1.0,99999.2734375,0.0,0.0529984
product.Yield.managed.Total,28,280,10,100000.0,100000.0,1.0,1.0,99995.8828125,0.0,1.6949689000000001
product.Yield.managed.Total,29,290,10,100000.0,100000.0,1.0,1.0,99998.0546875,0.0,0.3779136
product.Yield.managed.Total,30,300,10,100000.0,100000.0,1.0,1.0,99999.265625,0.0,0.0534361
product.Yield.managed.YC,0,0,10,0.0,10000.0,1.0,1.0,0.0,0.0,0.0
product.Yield.managed.YC,1,10,10,0.0,10000.0,1.0,1.0,0.0,0.0,0.0
product.Yield.managed.YC,2,20,10,0.0,10000.0,1.0,1.0,1384.843017578125,0.0,0.0
product.Yield.managed.YC,3,30,10,0.0,10000.0,1.0,1.0,0.0,0.0,0.0
product.Yield.managed.YC,4,40,10,0.0,10000.0,1.0,1.0,0.0,0.0,0.0
product.Yield.managed.YC,5,50,10,0.0,10000.0,1.0,1.0,0.0,0.0,0.0
product.Yield.managed.YC,6,60,10,0.0,10000.0,1.0,1.0,0.0,0.0,0.0
product.Yield.managed.YC,7,70,10,0.0,10000.0,1.0,1.0,1163.0260009765625,0.0,0.0
product.Yield.managed.YC,8,80,10,0.0,10000.0,1.0,1.0,1034.56298828125,0.0,0.0
product.Yield.managed.YC,9,90,10,0.0,10000.0,1.0,1.0,0.0,0.0,0.0
product.Yield.managed.YC,10,100,10,0.0,10000.0,1.0,1.0,0.0,0.0,0.0
product.Yield.managed.YC,11,110,10,0.0,10000.0,1.0,1.0,0.0,0.0,0.0
product.Yield.managed.YC,12,120,10,0.0,10000.0,1.0,1.0,0.0,0.0,0.0
product.Yield.managed.YC,13,130,10,0.0,10000.0,1.0,1.0,0.0,0.0,0.0
product.Yield.managed.YC,14,140,10,0.0,10000.0,1.0,1.0,0.0,0.0,0.0
product.Yield.managed.YC,15,150,10,0.0,10000.0,1.0,1.0,0.0,0.0,0.0
product.Yield.managed.YC,16,160,10,0.0,10000.0,1.0,1.0,0.0,0.0,0.0
product.Yield.managed.YC,17,170,10,0.0,10000.0,1.0,1.0,0.0,0.0,0.0
product.Yield.managed.YC,18,180,10,0.0,10000.0,1.0,1.0,0.0,0.0,0.0
product.Yield.managed.YC,19,190,10,0.0,10000.0,1.0,1.0,0.0,0.0,0.0
product.Yield.managed.YC,20,200,10,0.0,10000.0,1.0,1.0,0.0,0.0,0.0
product.Yield.managed.YC,21,210,10,0.0,10000.0,1.0,1.0,0.0,0.0,0.0
product.Yield.managed.YC,22,220,10,0.0,10000.0,1.0,1.0,275.2919921875,0.0,0.0
product.Yield.managed.YC,23,230,10,0.0,10000.0,1.0,1.0,0.0,0.0,0.0
product.Yield.managed.YC,24,240,10,0.0,10000.0,1.0,1.0,1256.5260009765625,0.0,0.0
product.Yield.managed.YC,25,250,10,0.0,10000.0,1.0,1.0,0.0,0.0,0.0
product.Yield.managed.YC,26,260,10,0.0,10000.0,1.0,1.0,0.0,0.0,0.0
product.Yield.managed.YC,27,270,10,0.0,10000.0,1.0,1.0,0.0,0.0,0.0
product.Yield.managed.YC,28,280,10,0.0,10000.0,1.0,1.0,0.0,0.0,0.0
product.Yield.managed.YC,29,290,10,0.0,10000.0,1.0,1.0,0.0,0.0,0.0
product.Yield.managed.YC,30,300,10,0.0,10000.0,1.0,1.0,0.0,0.0,0.0
